{
"type": "FeatureCollection",
"name": "powiaty2",
"crs": { "type": "name", "properties": { "name": "urn:ogc:def:crs:EPSG::2180" } },
"features": [
{ "type": "Feature", "properties": { "TERYT": "1465", "Nazwa": "powiat Warszawa" }, "geometry": { "type": "Polygon", "coordinates": [ [ [ 642429.498744999989867, 472229.4749760000268 ], [ 636362.318015999975614, 472645.035178 ], [ 636246.269180999952368, 472672.996600000013132 ], [ 636075.0151139999507, 472714.267318999976851 ], [ 636035.402300999965519, 472723.815706000023056 ], [ 626844.490952000021935, 481796.460741000017151 ], [ 626838.804591999971308, 481817.002384 ], [ 626525.028461999958381, 483131.953049 ], [ 626522.31144800002221, 483144.517356000025757 ], [ 626513.395820999983698, 483193.679691999976058 ], [ 626507.95983399997931, 483243.537237000011373 ], [ 626505.916134999948554, 483271.599320999986958 ], [ 627802.682568000047468, 495890.407529000018258 ], [ 627817.204577, 495974.28525900002569 ], [ 630208.973339000018314, 500278.470320999971591 ], [ 630982.446619999944232, 501033.643573999986984 ], [ 632292.414353, 501823.216965000028722 ], [ 632377.655298999976367, 501862.893201 ], [ 633010.488588999956846, 502009.371331 ], [ 633318.385519, 502030.205593 ], [ 633567.663565000053495, 502047.069545999984257 ], [ 633816.981571999960579, 502063.933857000025455 ], [ 641149.81645100004971, 502172.428625 ], [ 653533.768186999950558, 490903.256257999979425 ], [ 653851.785158999962732, 489853.721753 ], [ 655245.415076000033878, 481088.611884000012651 ], [ 655245.87850700004492, 481082.684041999978945 ], [ 655256.618809, 480933.683513000025414 ], [ 655260.348434000043198, 480881.873613999981899 ], [ 655249.177113999961875, 480477.285106000024825 ], [ 654740.756437, 478745.741262 ], [ 654725.728390999953263, 478697.053986000013538 ], [ 654603.413351999945007, 478519.342975999985356 ], [ 654386.625023999949917, 478205.580304 ], [ 654338.733889000024647, 478136.996837000013329 ], [ 654293.213514999952167, 478072.748447 ], [ 642591.69097, 472309.275123000028543 ], [ 642429.498744999989867, 472229.4749760000268 ] ] ] } },
{ "type": "Feature", "properties": { "TERYT": "1416", "Nazwa": "powiat ostrowski" }, "geometry": { "type": "Polygon", "coordinates": [ [ [ 731383.018464999971911, 532556.158277999958955 ], [ 730704.233953000046313, 532558.951677000033669 ], [ 702989.000114000053145, 532686.388086 ], [ 682495.113068999955431, 536043.207535999943502 ], [ 682476.99955399997998, 536059.077257000026293 ], [ 679673.763591, 540316.347140999976546 ], [ 675214.259525, 555240.578968000016175 ], [ 675197.306416, 555308.885602000053041 ], [ 674207.015468999976292, 561654.102144 ], [ 674207.841736000031233, 561657.476020999951288 ], [ 674216.077315, 561688.889407000038773 ], [ 674247.503094000043347, 561808.388064000057057 ], [ 674514.170201999950223, 562148.935855000047013 ], [ 674558.295564000029117, 562204.212289000046439 ], [ 674647.750862000044435, 562316.066956000053324 ], [ 694078.670507999951951, 570753.80666 ], [ 698277.236074000014924, 572423.201657 ], [ 698286.822912, 572425.909662000020035 ], [ 698350.960445999982767, 572433.609767999965698 ], [ 698561.328209000057541, 572430.534800000023097 ], [ 699593.301799, 572363.968918 ], [ 699806.823907000012696, 572347.139045999967493 ], [ 699965.51498099998571, 572323.869193000020459 ], [ 700383.936551, 572192.40033700002823 ], [ 700396.103914999985136, 572188.287901 ], [ 720558.691640999983065, 562880.701974999974482 ], [ 732812.014202, 552549.527909999946132 ], [ 733366.616563000017777, 550727.525581000023521 ], [ 734922.512855999986641, 537030.358213 ], [ 734921.227923, 537002.083578999969177 ], [ 734921.027642, 536997.766928000026383 ], [ 734904.742364999954589, 536832.112784 ], [ 734889.825885999947786, 536779.221361999982037 ], [ 733509.459944, 534355.754370999988168 ], [ 733505.673977000056766, 534350.528580000041984 ], [ 733486.488997000036761, 534324.186880000052042 ], [ 733247.668185999966227, 534108.971001000027172 ], [ 731417.548352999961935, 532559.418128 ], [ 731383.018464999971911, 532556.158277999958955 ] ] ] } },
{ "type": "Feature", "properties": { "TERYT": "2007", "Nazwa": "powiat łomżyński" }, "geometry": { "type": "Polygon", "coordinates": [ [ [ 698867.465905, 572249.926522 ], [ 696522.454324000049382, 572936.70793799997773 ], [ 695893.975869999965653, 573225.296832000021823 ], [ 695842.248093000031076, 573254.979580000042915 ], [ 694079.568465000018477, 574468.676298000034876 ], [ 693860.552241, 574698.338895000051707 ], [ 682373.05061699997168, 586782.911969 ], [ 680171.371651, 589253.956329999957234 ], [ 674852.265935000032187, 603188.385594 ], [ 674854.77067600004375, 603283.617974999942817 ], [ 674855.028245000052266, 603293.365456999978051 ], [ 674856.488321000011638, 603347.683664000011049 ], [ 677009.703207000042312, 608958.876577000017278 ], [ 677096.678276999969967, 609000.148494999972172 ], [ 717745.816344000049867, 624209.811308 ], [ 732717.46683499997016, 614977.15888400003314 ], [ 732767.970205000019632, 614856.987036 ], [ 732778.550133000011556, 614828.914873 ], [ 732745.934967000037432, 599055.957121000043117 ], [ 721848.491583999944851, 585383.353027999983169 ], [ 716708.05484, 580627.123770999955013 ], [ 716012.950025000027381, 580046.183243999956176 ], [ 715738.650680999970064, 579824.721583000035025 ], [ 703333.982496000011452, 573260.799004000029527 ], [ 699740.08010599995032, 572297.667723000049591 ], [ 699739.013619999983348, 572297.548843999975361 ], [ 698879.716479000053369, 572250.358212 ], [ 698867.465905, 572249.926522 ] ], [ [ 703053.58449021470733, 596648.383972411626019 ], [ 702811.7724102914799, 595666.911412723362446 ], [ 701574.263530684518628, 594472.075253102811985 ], [ 701474.693850716110319, 592750.942213649512269 ], [ 701801.851370612159371, 591869.039333929307759 ], [ 702569.960330368252471, 592181.972613830002956 ], [ 702811.7724102914799, 591556.106054028728977 ], [ 704660.923609704128467, 591200.500054141622968 ], [ 705329.462889491813257, 591413.863654073909856 ], [ 706211.365769211784936, 591356.966694092028774 ], [ 707192.838328900048509, 593291.463333477615379 ], [ 707007.923208958818577, 594457.851013107108884 ], [ 705670.844649383448996, 595368.202372818021104 ], [ 706282.486969189252704, 596264.329492533463053 ], [ 705471.705289446748793, 597629.856532099773176 ], [ 704618.250889717717655, 597900.117092013941146 ], [ 704177.299449857790023, 598469.086691833217628 ], [ 704148.850969866849482, 597857.44437202741392 ], [ 704376.438809794606641, 596833.299092352739535 ], [ 703053.58449021470733, 596648.383972411626019 ] ] ] } },
{ "type": "Feature", "properties": { "TERYT": "2818", "Nazwa": "powiat gołdapski" }, "geometry": { "type": "Polygon", "coordinates": [ [ [ 712564.853005000040866, 704154.324264999944717 ], [ 696274.987259999965318, 705145.050021999981254 ], [ 696212.308330000028946, 705164.329229000024498 ], [ 695557.093185, 705654.360317999962717 ], [ 692783.931600000010803, 712645.673938 ], [ 690977.959058, 722781.046733999974094 ], [ 695635.579937999951653, 723300.939789999974892 ], [ 740939.559691000031307, 728305.610517999972217 ], [ 745805.33995099994354, 728792.29961300001014 ], [ 746262.920221999986097, 728765.64029400004074 ], [ 747263.314757999964058, 727291.593279000022449 ], [ 746512.49558500002604, 721708.236405999981798 ], [ 745843.877015999983996, 720966.874163000029512 ], [ 745144.477074000053108, 720469.828905 ], [ 727142.32869, 709888.293466 ], [ 712564.853005000040866, 704154.324264999944717 ] ] ] } },
{ "type": "Feature", "properties": { "TERYT": "2805", "Nazwa": "powiat ełcki" }, "geometry": { "type": "Polygon", "coordinates": [ [ [ 718515.254184999968857, 645290.561057999962941 ], [ 716675.323697000043467, 645888.074019999941811 ], [ 711766.429338000016287, 648311.965571 ], [ 711672.893962000031024, 648367.137957999948412 ], [ 709648.636677999980748, 649682.143072 ], [ 698863.61280500004068, 668654.767659 ], [ 698950.82678899995517, 669386.796283000032417 ], [ 699050.212177, 669694.412488 ], [ 704129.105875, 684044.50058 ], [ 704984.343345999950543, 686088.728829000028782 ], [ 705119.964750000042841, 686381.747319999965839 ], [ 705127.033795000053942, 686392.458778999978676 ], [ 705132.514991999953054, 686399.88615200005006 ], [ 705216.451742999954149, 686474.274054000037722 ], [ 708886.98970100004226, 687176.456416000030003 ], [ 744521.593894000048749, 682942.19134599994868 ], [ 744564.007827, 682920.282119999988936 ], [ 745721.204481999971904, 682250.497265000012703 ], [ 746089.865578999975696, 681929.344366000033915 ], [ 747995.675937999971211, 679757.236738999956287 ], [ 748123.812988, 679585.812102 ], [ 748229.786341, 679423.064453999977559 ], [ 748333.283407, 678955.176019 ], [ 748695.821158000035211, 675400.02201099996455 ], [ 748679.68347199994605, 675221.851342999958433 ], [ 748381.356853, 673395.857657999964431 ], [ 743989.9074809999438, 662215.264912000042386 ], [ 743986.687921999953687, 662209.87289 ], [ 743938.45499, 662129.165454 ], [ 743895.130095000029542, 662058.539574000053108 ], [ 743582.237046999973245, 661550.426194000057876 ], [ 737902.13656999997329, 656294.253635999979451 ], [ 729543.475082000019029, 649872.242879000026733 ], [ 718515.254184999968857, 645290.561057999962941 ] ] ] } },
{ "type": "Feature", "properties": { "TERYT": "2014", "Nazwa": "powiat zambrowski" }, "geometry": { "type": "Polygon", "coordinates": [ [ [ 707635.02356, 557366.020695999963209 ], [ 704494.658441000035964, 558241.299558000057004 ], [ 702077.583683999953791, 561151.483619999955408 ], [ 701156.861552000045776, 565263.195689999964088 ], [ 699740.08010599995032, 572297.667723000049591 ], [ 699762.92981, 572444.534657999989577 ], [ 699775.831306, 572527.412004000041634 ], [ 699778.766666000010446, 572546.247662 ], [ 704564.221445000031963, 586726.627458999981172 ], [ 704578.060507999965921, 586753.629767999984324 ], [ 704610.214995000045747, 586804.19950600003358 ], [ 704634.173594000050798, 586836.29515000001993 ], [ 704804.014289999962784, 587016.979479999979958 ], [ 704909.089156999951228, 587083.499353999970481 ], [ 704954.109379000030458, 587106.401242000050843 ], [ 705002.078958999947645, 587130.797487 ], [ 705033.677144999965094, 587146.863378999987617 ], [ 705060.550916000036523, 587160.526427999953739 ], [ 705390.187094000051729, 587318.289915999979712 ], [ 705415.692187999957241, 587330.495373000041582 ], [ 705828.780411000014283, 587526.447623000014573 ], [ 706151.410234999959357, 587675.814285999978893 ], [ 706831.439991, 587989.161646 ], [ 730118.916677, 598544.874221 ], [ 731605.988984999945387, 598742.469545 ], [ 740180.350770000019111, 587585.546045999974012 ], [ 740554.5302349999547, 587008.84505700005684 ], [ 739314.181068000034429, 584422.294114000047557 ], [ 739288.180494999978691, 584370.06537099997513 ], [ 739284.611542999977246, 584362.899594999966212 ], [ 739227.700758000020869, 584277.776403 ], [ 739224.532493000035174, 584273.054217000026256 ], [ 724700.563751999987289, 563617.824559999979101 ], [ 724687.858302999986336, 563601.533983999979682 ], [ 722444.058205, 561208.783032999956049 ], [ 716031.429998000035994, 559153.080181000055745 ], [ 710335.682539999950677, 557587.665857000043616 ], [ 707635.02356, 557366.020695999963209 ] ] ] } },
{ "type": "Feature", "properties": { "TERYT": "2062", "Nazwa": "powiat Łomża" }, "geometry": { "type": "Polygon", "coordinates": [ [ [ 704244.581873000017367, 590760.129912000033073 ], [ 704142.598631000029854, 590761.940552999963984 ], [ 703952.27569699997548, 590767.002997 ], [ 701572.260476000024937, 591653.949230000027455 ], [ 701548.07461000001058, 591667.556446 ], [ 701524.500633000046946, 591765.927600000053644 ], [ 701260.936513000051491, 592961.210694 ], [ 701197.666282000020146, 593674.421376000042073 ], [ 701424.839550000033341, 594670.050287000020035 ], [ 702418.956152, 598988.043182999943383 ], [ 702529.98225200001616, 599431.603360999957658 ], [ 702640.830706999986432, 599526.503859000047669 ], [ 704282.363319, 598798.384620000026189 ], [ 705472.319800999946892, 597885.856153000029735 ], [ 705731.971680999966338, 597679.042096000048332 ], [ 706670.336592999985442, 596417.730052000028081 ], [ 706733.922187000047415, 596319.345816000015475 ], [ 707584.405245000030845, 593611.126212000031956 ], [ 707590.833155, 593535.428541 ], [ 707543.419746999978088, 593169.178902999963611 ], [ 707539.191069000051357, 593161.219089000020176 ], [ 707426.000954000046477, 592951.036840999964625 ], [ 707331.255525000044145, 592776.218724000034854 ], [ 706461.2603100000415, 591260.518796000047587 ], [ 706456.300637, 591252.948517999961041 ], [ 706166.782605999964289, 590925.983973999973387 ], [ 704290.796470999950543, 590760.311643 ], [ 704244.581873000017367, 590760.129912000033073 ] ] ] } },
{ "type": "Feature", "properties": { "TERYT": "1429", "Nazwa": "powiat sokołowski" }, "geometry": { "type": "Polygon", "coordinates": [ [ [ 718904.178881000028923, 496211.067144999979064 ], [ 718368.963261, 496340.462609999987762 ], [ 717954.085868999944068, 496483.746419999981299 ], [ 716155.140598000027239, 497116.059025000024121 ], [ 712207.316811, 498727.153859000012744 ], [ 712181.046832000021823, 498744.301445 ], [ 709487.233815000043251, 501372.194980999978725 ], [ 701640.735946999979205, 529601.199674000032246 ], [ 701303.685887999949045, 531215.871105000027455 ], [ 701306.623007999965921, 531228.975965 ], [ 701341.174023000057787, 531367.573588000028394 ], [ 701346.076985999941826, 531377.961325000040233 ], [ 701403.043129, 531498.516511 ], [ 705653.188316000043415, 538847.647363999974914 ], [ 705778.715803000028245, 538913.928375000017695 ], [ 709643.116199000040069, 540889.650245000026189 ], [ 709665.86357299995143, 540899.284324 ], [ 713283.908085, 542106.001691999961622 ], [ 713379.968604999943636, 542104.669928999966942 ], [ 716544.538289000047371, 541815.580575000029057 ], [ 716943.886773, 541769.673809999949299 ], [ 717285.792953000054695, 541703.165430999943055 ], [ 717398.01391900004819, 541660.271900000050664 ], [ 724598.126109999953769, 538464.680930000031367 ], [ 725799.46207999996841, 537921.928481 ], [ 726466.10677900002338, 537543.37119099998381 ], [ 734137.970167999970727, 530152.705590000026859 ], [ 739069.975263, 523272.814844999986235 ], [ 739175.632482000044547, 523105.708531000011135 ], [ 739230.369147000019439, 522971.191571999981534 ], [ 741361.611623, 516749.934276000014506 ], [ 742235.279050000011921, 510929.257419999979902 ], [ 742440.046342000016011, 509249.940073999983724 ], [ 742424.890240999986418, 508645.78364799998235 ], [ 741929.851819999981672, 504913.323291999986395 ], [ 741804.190225000027567, 504396.991037999978289 ], [ 738567.437646999955177, 501218.522668000019621 ], [ 737841.931569, 500566.64233 ], [ 729517.92232899996452, 498464.476159000012558 ], [ 718904.178881000028923, 496211.067144999979064 ] ] ] } },
{ "type": "Feature", "properties": { "TERYT": "2813", "Nazwa": "powiat olecki" }, "geometry": { "type": "Polygon", "coordinates": [ [ [ 730492.051159000024199, 674920.647448000032455 ], [ 729239.17315399996005, 675270.989257000037469 ], [ 713991.812984999967739, 680164.412754000048153 ], [ 713982.370208999956958, 680171.167909999960102 ], [ 713840.260608999989927, 680287.44459700002335 ], [ 712177.212436, 681756.419857 ], [ 707138.189276000019163, 686850.202657000045292 ], [ 706785.072138000046834, 687379.446684999973513 ], [ 706276.579668, 688505.915165000013076 ], [ 703123.950846, 701048.781303999945521 ], [ 704962.14824, 707579.569682999979705 ], [ 705676.821130999946035, 708598.024820000049658 ], [ 705741.360262, 708648.354094999958761 ], [ 725380.871782999951392, 711166.981766000040807 ], [ 725547.902229, 711103.045194 ], [ 728933.647275, 708640.425445999950171 ], [ 734445.859428000054322, 704441.648702000034973 ], [ 737606.716128999949433, 699838.82227799994871 ], [ 744240.821155000012368, 682868.685261999955401 ], [ 734226.700374, 675246.61754 ], [ 730492.051159000024199, 674920.647448000032455 ] ] ] } },
{ "type": "Feature", "properties": { "TERYT": "2004", "Nazwa": "powiat grajewski" }, "geometry": { "type": "Polygon", "coordinates": [ [ [ 732717.46683499997016, 614977.15888400003314 ], [ 726581.615610999986529, 614996.225109 ], [ 723519.034923000028357, 617080.988555000047199 ], [ 719070.740849000052549, 620146.672285999986343 ], [ 714518.253404999966733, 624389.750516999978572 ], [ 708135.245153, 634280.90755 ], [ 707923.002114000031725, 634909.421871999977157 ], [ 707917.15940500004217, 634926.912403000053018 ], [ 707893.635067999945022, 634997.367865000036545 ], [ 707884.657041999977082, 635024.271526 ], [ 707690.011772, 635641.217412000056356 ], [ 707817.99916, 635781.195504999952391 ], [ 716902.172132999985479, 644653.540187999955378 ], [ 721948.655336000025272, 648691.944752000039443 ], [ 725980.151946000056341, 651746.886412999941967 ], [ 728823.74966900004074, 653825.069777 ], [ 739143.180638000019826, 660855.823451000032946 ], [ 743582.237046999973245, 661550.426194000057876 ], [ 745447.159584, 661198.176572000025772 ], [ 753674.63457999995444, 653807.086121 ], [ 753739.892614000011235, 653731.314390999963507 ], [ 753780.22496499994304, 653086.98384 ], [ 753789.570714000030421, 652924.19425499998033 ], [ 753790.124122999957763, 652914.485996 ], [ 753834.061184, 651927.105561999953352 ], [ 753839.111948000034317, 651802.080043000052683 ], [ 732723.893738999962807, 614986.982774000032805 ], [ 732717.46683499997016, 614977.15888400003314 ] ] ] } },
{ "type": "Feature", "properties": { "TERYT": "2013", "Nazwa": "powiat wysokomazowiecki" }, "geometry": { "type": "Polygon", "coordinates": [ [ [ 734166.832997999968939, 530013.482760000042617 ], [ 733487.026447999989614, 530145.643030000035651 ], [ 733311.959970999974757, 530217.798608000040986 ], [ 731709.927047000033781, 531214.579002000042237 ], [ 731355.349039, 531448.791070000035688 ], [ 731106.833180999965407, 531870.804778 ], [ 731060.378919000038877, 531949.719342999975197 ], [ 730704.233953000046313, 532558.951677000033669 ], [ 722898.500198, 547599.502411999972537 ], [ 720893.101091000018641, 551479.513229000032879 ], [ 718345.214810000034049, 556835.135757999960333 ], [ 718365.323872999986634, 556926.989626000053249 ], [ 724860.69655, 572590.686666999943554 ], [ 730620.433739, 580560.67397 ], [ 743041.773759, 592437.134260999970138 ], [ 743193.780251999967732, 592537.487948999973014 ], [ 744595.123089, 592748.309054999961518 ], [ 744597.100749999983236, 592748.157284999964759 ], [ 744600.40666700003203, 592747.897390000056475 ], [ 744612.372410999960266, 592746.950513000017963 ], [ 744688.620450000045821, 592739.052261000033468 ], [ 744769.970336999977008, 592730.308684000046924 ], [ 754709.107043000054546, 590767.76444000005722 ], [ 754959.514831, 590712.966984000056982 ], [ 758892.530374999972992, 586008.572200000053272 ], [ 758922.478754000039771, 585961.228918 ], [ 758945.575240000034682, 585913.506470000022091 ], [ 759026.03627200005576, 585741.195048999972641 ], [ 759035.879181999946013, 585677.267512000049464 ], [ 759035.35267599998042, 585648.086783000035211 ], [ 759035.27529899997171, 585643.880358000053093 ], [ 758776.085623000049964, 583621.808427999960259 ], [ 755241.705954, 558158.933636000030674 ], [ 751309.586837999988347, 540260.655274000018835 ], [ 750172.168906999984756, 535878.896734999958426 ], [ 749223.547585999942385, 535063.629323999979533 ], [ 743969.843002, 532032.375307 ], [ 743949.806147999945097, 532027.013994000037201 ], [ 734166.832997999968939, 530013.482760000042617 ] ] ] } },
{ "type": "Feature", "properties": { "TERYT": "2012", "Nazwa": "powiat suwalski" }, "geometry": { "type": "Polygon", "coordinates": [ [ [ 747995.675937999971211, 679757.236738999956287 ], [ 747912.001399999950081, 679772.619267 ], [ 747825.876045000040904, 679812.082302000024356 ], [ 743616.841736000031233, 683320.610952000017278 ], [ 735619.627201, 693499.737636000034399 ], [ 735551.528954999987036, 693591.663997999974526 ], [ 726679.556252000038512, 709654.863343999953941 ], [ 726673.843884999980219, 709697.575024000019766 ], [ 727115.180416999966837, 710472.787321000010706 ], [ 730026.347102000028826, 715192.572977000032552 ], [ 748877.000097000040114, 733718.609787 ], [ 750045.409962999983691, 734219.710037000011653 ], [ 751912.799880999955349, 734224.769596999976784 ], [ 752212.920154000050388, 734192.399681000038981 ], [ 758550.310239000013098, 732371.190284000011161 ], [ 760303.679738000035286, 731714.950199999962933 ], [ 770485.739657999947667, 724143.720315000042319 ], [ 771634.451206999947317, 698042.036669000051916 ], [ 771779.062333, 691647.467557 ], [ 771779.444436999969184, 691611.465638999943621 ], [ 771778.371830999967642, 691488.752912999945693 ], [ 771764.297044, 691465.17530500004068 ], [ 771747.687064000056125, 691447.805651 ], [ 750828.554752000025474, 680436.342676999978721 ], [ 749141.691431000013836, 679801.287340000038967 ], [ 747995.675937999971211, 679757.236738999956287 ] ], [ [ 755364.560596201452427, 694754.300743742729537 ], [ 757213.711795614683069, 693957.743303995463066 ], [ 757355.95419556950219, 694953.440103679546155 ], [ 759546.487154874368571, 695806.894503408693708 ], [ 758749.929715127218515, 697115.524582993471995 ], [ 759688.729554829304107, 697826.736582767684013 ], [ 760200.802194666815922, 697143.973062984412536 ], [ 760826.668754468206316, 696944.833703047595918 ], [ 760855.117234459146857, 697343.112422921229154 ], [ 759717.178034820244648, 698395.706182587193325 ], [ 759631.832594847306609, 700671.584581864997745 ], [ 759091.311475018854253, 701610.384421567083336 ], [ 759176.656914991792291, 702606.08122125105001 ], [ 759574.935634865309112, 702662.978181233047508 ], [ 758664.584275154280476, 705166.444420438609086 ], [ 758835.275155100040138, 706133.692740131635219 ], [ 757754.232915443135425, 706901.801699887844734 ], [ 756929.226995704928413, 706076.795780149754137 ], [ 756986.12395568692591, 704398.335460682283156 ], [ 754397.312276508426294, 703288.844741034437902 ], [ 753344.718516842462122, 701496.590501603204757 ], [ 753600.754836761159822, 700102.614982045488432 ], [ 753060.233716932707466, 699192.263622334343381 ], [ 753913.68811666185502, 699419.851462262216955 ], [ 754710.245556409121491, 697599.148742839926854 ], [ 754198.172916571609676, 696944.833703047595918 ], [ 755250.766676237573847, 696347.415623237146065 ], [ 755364.560596201452427, 694754.300743742729537 ] ] ] } },
{ "type": "Feature", "properties": { "TERYT": "2008", "Nazwa": "powiat moniecki" }, "geometry": { "type": "Polygon", "coordinates": [ [ [ 741721.10722, 599020.7489849999547 ], [ 729632.837671000044793, 599890.564832999953069 ], [ 729596.983226999989711, 599894.633303 ], [ 729563.011901000048965, 599901.805183000047691 ], [ 729534.374059000052512, 599912.147590999957174 ], [ 729528.028080999967642, 599914.440268 ], [ 728970.820623000035994, 600151.443886999972165 ], [ 728944.484107999945991, 600212.145849999971688 ], [ 728942.829122000024654, 600346.709220999968238 ], [ 728950.47778900002595, 600449.07441 ], [ 728953.083912999951281, 600474.624967999989167 ], [ 728953.107421000022441, 600474.845525000011548 ], [ 730746.419774999958463, 612281.407847000053152 ], [ 730751.238925999961793, 612301.478863999946043 ], [ 730987.362664000014775, 613231.609693999984302 ], [ 730995.528243000037037, 613259.326897999970242 ], [ 734780.091949000023305, 623971.534252000041306 ], [ 742723.872412999975495, 644051.279856999986805 ], [ 742757.882379999966361, 644131.364169999957085 ], [ 749395.728782000020146, 651345.751180000021122 ], [ 751365.188666000030935, 652736.094616999966092 ], [ 754015.375755000044592, 654072.233003000030294 ], [ 754158.907157000037841, 654137.357847 ], [ 754182.418441000045277, 654143.185758 ], [ 754228.725202, 654120.021123999962583 ], [ 756019.376316, 652535.03625 ], [ 768792.050352000049315, 637718.481888000038452 ], [ 769871.512010999955237, 634566.698411999968812 ], [ 773086.091683999984525, 622597.855524000013247 ], [ 775065.451352, 615167.720021000015549 ], [ 775039.184738000039943, 615001.982772000017576 ], [ 775024.453297000029124, 614909.079933000029996 ], [ 775000.249941000016406, 614776.105636999942362 ], [ 768198.287538000033237, 609263.052952999947593 ], [ 759187.081465999945067, 602720.489221 ], [ 755578.520296999951825, 601421.55235100002028 ], [ 741721.10722, 599020.7489849999547 ] ] ] } },
{ "type": "Feature", "properties": { "TERYT": "2002", "Nazwa": "powiat białostocki" }, "geometry": { "type": "Polygon", "coordinates": [ [ [ 752987.738502, 560433.611892999964766 ], [ 752928.942396000027657, 560527.23814599995967 ], [ 733590.13229700003285, 593132.085271000047214 ], [ 732791.298798999981955, 594526.676514000049792 ], [ 732788.608174000051804, 594536.191894000046887 ], [ 732701.011221, 594846.295564000029117 ], [ 731605.988984999945387, 598742.469545 ], [ 732213.655662999954075, 599843.760530999978073 ], [ 732218.091571999946609, 599851.268805 ], [ 732221.168482, 599854.71100899996236 ], [ 732231.980957000050694, 599866.204332 ], [ 732261.263597000041045, 599895.208483000053093 ], [ 746530.218062, 607688.416999 ], [ 776561.718279000022449, 621186.080010000034235 ], [ 780512.65294299996458, 621594.514651000034064 ], [ 782904.261698000016622, 621142.308002999983728 ], [ 787227.51844000001438, 620017.918925 ], [ 790400.397043999982998, 618529.656060999957845 ], [ 828277.342574, 600347.314168000011705 ], [ 828306.109162, 600302.521866000024602 ], [ 828650.664587000035681, 599337.830440000048839 ], [ 832048.959891999955289, 577371.530436999979429 ], [ 830448.689219999941997, 571226.509559000027366 ], [ 830412.992433, 571173.670753999962471 ], [ 830394.605835999944247, 571161.723191000055522 ], [ 828979.211942999972962, 570777.544082000036724 ], [ 828950.853143000043929, 570771.652955000055954 ], [ 828829.880301999975927, 570747.703803000040352 ], [ 756990.805049999966286, 560706.834429000038654 ], [ 752987.738502, 560433.611892999964766 ] ], [ [ 773207.536147934151813, 598028.135251973289996 ], [ 772282.960548228002153, 593376.808773450553417 ], [ 772567.445348137640394, 592096.627173857181333 ], [ 773420.899747866555117, 590560.409254344995134 ], [ 774032.542067672358826, 590916.015254232101142 ], [ 775483.414547211490571, 590560.409254345111549 ], [ 776678.250706831924617, 589422.47005470644217 ], [ 776208.850786980940029, 588839.276214891695417 ], [ 777304.117266633198597, 588170.736935104010627 ], [ 778342.486786303343251, 589166.43373478774447 ], [ 781656.734705250710249, 588640.1368549548788 ], [ 782325.27398503839504, 586620.294775596354157 ], [ 783420.540464690537192, 588526.342934991116636 ], [ 783733.473744591115974, 589778.076054593548179 ], [ 782111.910385106108151, 591314.293974105617963 ], [ 782936.916304844082333, 597032.438452289556153 ], [ 780376.553105657221749, 597373.820212181075476 ], [ 779864.480465819942765, 598113.480691946228035 ], [ 777673.947506515542045, 597316.923252199194394 ], [ 774516.166227518464439, 597231.577812226256356 ], [ 774032.542067672125995, 597885.892852018470876 ], [ 773207.536147934151813, 598028.135251973289996 ] ] ] } },
{ "type": "Feature", "properties": { "TERYT": "2010", "Nazwa": "powiat siemiatycki" }, "geometry": { "type": "Polygon", "coordinates": [ [ [ 777387.066638999967836, 498415.586664 ], [ 777041.821948, 498454.119958999974187 ], [ 776738.23728, 498529.624600999988616 ], [ 743523.574237999971956, 509056.654805 ], [ 743440.841223999974318, 509122.143963999988046 ], [ 742505.876719000050798, 510151.11428400001023 ], [ 740822.217580000055023, 512152.50693199998932 ], [ 740759.375894999946468, 512250.420570000016596 ], [ 734529.93887299997732, 528643.198546000057831 ], [ 734190.055551999947056, 529572.989163000020199 ], [ 734171.747502999962308, 529728.522160000051372 ], [ 734166.77451400004793, 529871.429284999961965 ], [ 734166.832997999968939, 530013.482760000042617 ], [ 735751.423432999989018, 533694.060363000025973 ], [ 735761.447842000052333, 533709.341309000039473 ], [ 735820.238957999972627, 533798.584409 ], [ 735985.679902, 533951.01860900002066 ], [ 737317.176696000038646, 535080.727095999987796 ], [ 752890.712825999944471, 542376.500198 ], [ 755175.706343999947421, 543429.042187000042759 ], [ 755222.562963000033051, 543436.252106999978423 ], [ 755450.137208999949507, 543471.218207999947481 ], [ 755571.170442000031471, 543489.812547 ], [ 755811.261092999950051, 543526.292330999975093 ], [ 755827.808339999988675, 543528.806359000038356 ], [ 782485.496744, 531066.038027000031434 ], [ 789301.882827, 526948.670877999975346 ], [ 789459.128817999968305, 526808.256466 ], [ 792743.046666000038385, 523802.727550000010524 ], [ 792778.999158, 523263.766154000011738 ], [ 793171.145555999944918, 515508.21931900002528 ], [ 793006.810034999973141, 514080.499652999977116 ], [ 784882.906957000028342, 499015.745761000027414 ], [ 784830.3656010000268, 498994.794126999971922 ], [ 783653.02345099998638, 498643.414503999985754 ], [ 783581.187435999978334, 498622.411554 ], [ 783386.932181000011042, 498576.024022999976296 ], [ 783324.503886000020429, 498568.90742499998305 ], [ 777387.066638999967836, 498415.586664 ] ] ] } },
{ "type": "Feature", "properties": { "TERYT": "2001", "Nazwa": "powiat augustowski" }, "geometry": { "type": "Polygon", "coordinates": [ [ [ 758085.576449000043795, 640977.570222 ], [ 756156.064356000046246, 641021.164195999968797 ], [ 744633.978607999975793, 653187.175058000022545 ], [ 744594.650543999974616, 653232.45385399996303 ], [ 744570.963192999945022, 653263.317698 ], [ 744524.686130000045523, 653339.021444999962114 ], [ 744502.009345000027679, 653394.752550999983214 ], [ 744471.750648000044748, 653489.535231000045314 ], [ 744456.792197, 653561.41866199998185 ], [ 743582.237046999973245, 661550.426194000057876 ], [ 745076.981737000052817, 669349.26885 ], [ 745098.538767999969423, 669459.915738999960013 ], [ 745120.063170999987051, 669560.398263999959454 ], [ 745133.907207999960519, 669610.407067000051029 ], [ 747995.675937999971211, 679757.236738999956287 ], [ 751346.555044000037014, 684973.481395 ], [ 753683.090628999983892, 688244.828035000013188 ], [ 754583.187670000013895, 688886.386657000053674 ], [ 755212.432949000038207, 689334.366955999983475 ], [ 756312.643540999968536, 690115.729020999977365 ], [ 770010.721466999966651, 692350.620583000010811 ], [ 796145.750302999978885, 681799.467853000038303 ], [ 799260.699839, 674762.946828000014648 ], [ 802008.429653999977745, 662978.85999200004153 ], [ 802350.740083000040613, 661273.349751999950968 ], [ 802785.58591400005389, 657686.669222999946214 ], [ 758085.576449000043795, 640977.570222 ] ] ] } },
{ "type": "Feature", "properties": { "TERYT": "1410", "Nazwa": "powiat łosicki" }, "geometry": { "type": "Polygon", "coordinates": [ [ [ 764938.517817000043578, 473436.563401 ], [ 759407.298747000051662, 473652.43403 ], [ 759365.303922, 473660.58547400002135 ], [ 749833.519469000049867, 475691.46490800002357 ], [ 746328.292962, 478947.396161000011489 ], [ 743607.651282, 481589.238078000023961 ], [ 750339.596570000052452, 501808.575171999982558 ], [ 753110.248660000041127, 507198.488988000026438 ], [ 753123.631767999962904, 507223.477985 ], [ 754407.959588999976404, 508309.351987999980338 ], [ 754618.882503999979235, 508419.186655000026803 ], [ 755166.517109, 508598.097046 ], [ 755284.807140000048093, 508631.713582 ], [ 766910.44686200004071, 508197.16636600001948 ], [ 767357.187940999981947, 508115.80868700001156 ], [ 768087.616563000017777, 507933.805797 ], [ 769291.060225000022911, 507624.194016999972519 ], [ 769473.773019999964163, 507533.589694000023883 ], [ 780494.232774000032805, 500580.621385 ], [ 780628.511976000037976, 500451.521447999984957 ], [ 780821.247786000021733, 500244.175459 ], [ 780984.97851000004448, 500035.914066000026651 ], [ 781450.358304, 499342.601315999985673 ], [ 778361.105312000028789, 486269.161945 ], [ 778304.954949000035413, 486074.376884999976028 ], [ 767377.240559000056237, 473558.568391999986488 ], [ 764938.517817000043578, 473436.563401 ] ] ] } },
{ "type": "Feature", "properties": { "TERYT": "2003", "Nazwa": "powiat bielski" }, "geometry": { "type": "Polygon", "coordinates": [ [ [ 771124.785501, 529758.022084999945946 ], [ 770697.560430999961682, 529957.767930999980308 ], [ 751173.532414000015706, 540815.005939000053331 ], [ 749592.613426, 541857.66869099996984 ], [ 747261.948850000044331, 543571.438038000022061 ], [ 744992.372330000041984, 545771.116789 ], [ 743953.317980000050738, 546799.498162999982014 ], [ 743704.277040999964811, 547660.776504999957979 ], [ 743719.819028, 547684.904160000034608 ], [ 753995.699254999984987, 561285.533207 ], [ 764764.405149, 569620.594547000015154 ], [ 765225.25867000001017, 569649.701049000024796 ], [ 779514.979069, 569050.760283999959938 ], [ 786973.272175000049174, 568565.9199409999419 ], [ 787746.327861999976449, 568501.770142999943346 ], [ 787878.119820000021718, 568463.611227000015788 ], [ 791149.849807000020519, 567448.509602 ], [ 794442.619103000033647, 558077.151785 ], [ 796008.039925000048243, 552383.30586800002493 ], [ 796779.523103000014089, 548590.644427999970503 ], [ 797440.776568999979645, 544415.747130000032485 ], [ 797434.079625000013039, 544384.002229999983683 ], [ 796044.860895000048913, 539813.856680999975652 ], [ 795999.514203, 539706.648919999948703 ], [ 795945.34433, 539642.982785 ], [ 795929.500045, 539624.362048999988474 ], [ 795561.716736000031233, 539309.895386000047438 ], [ 789491.34464999998454, 534288.214822 ], [ 785881.941436000051908, 531368.324024999979883 ], [ 784108.146541, 530770.895568000036292 ], [ 784016.688696000026539, 530746.034053000039421 ], [ 783991.483376999967732, 530739.189232000033371 ], [ 783765.775631000055, 530678.572153000044636 ], [ 783468.217366999946535, 530599.387773999944329 ], [ 782824.550916000036523, 530429.558305999962613 ], [ 771124.785501, 529758.022084999945946 ] ] ] } },
{ "type": "Feature", "properties": { "TERYT": "2063", "Nazwa": "powiat Suwałki" }, "geometry": { "type": "Polygon", "coordinates": [ [ [ 757519.439782000030391, 693383.126239 ], [ 757476.037382, 693396.847251 ], [ 757457.201603000052273, 693403.024601000011899 ], [ 757171.700999, 693499.220290999975987 ], [ 756227.869168999954127, 693819.583668999955989 ], [ 755943.012347999960184, 693916.484998999978416 ], [ 755782.839461000054143, 693971.78122 ], [ 755107.050656000035815, 694207.521676999982446 ], [ 754805.982127, 694580.756611000047997 ], [ 752587.947760000010021, 698770.176889 ], [ 752571.774484999943525, 698887.819039999973029 ], [ 752984.203462, 701494.802326999953948 ], [ 753180.281465, 701858.914683999959379 ], [ 753481.565339999971911, 702414.149889 ], [ 754059.783482, 703472.852971000014804 ], [ 754085.859342999989167, 703520.130041999975219 ], [ 754142.873277000035159, 703623.47935299994424 ], [ 756615.232872999971732, 706366.488874000031501 ], [ 757761.666680000023916, 707288.817751999944448 ], [ 759330.322341999970376, 706151.59265 ], [ 760695.777186000021175, 700529.931506 ], [ 761252.556475, 697111.776154999970458 ], [ 761251.824837, 697093.93725399998948 ], [ 761246.640296000055969, 697032.497723 ], [ 761184.056069000042044, 696750.267824999988079 ], [ 761172.457630999968387, 696726.304492000024766 ], [ 759453.490105999982916, 694862.306099000037648 ], [ 757519.439782000030391, 693383.126239 ] ] ] } },
{ "type": "Feature", "properties": { "TERYT": "2011", "Nazwa": "powiat sokólski" }, "geometry": { "type": "Polygon", "coordinates": [ [ [ 816918.740775999962352, 597500.742628999985754 ], [ 816625.333703999989666, 597527.027225999976508 ], [ 799901.572988, 601388.379638000042178 ], [ 773226.799505, 616347.921835000044666 ], [ 772431.634594999952242, 616800.255790999974124 ], [ 772417.45464999997057, 616811.14226 ], [ 772412.631901000044309, 616819.427416000049561 ], [ 760051.772245, 642349.733856 ], [ 760046.312539999955334, 642364.058352999971248 ], [ 760041.574633999960497, 642389.220931999967434 ], [ 759797.091330999974161, 644353.099059000029229 ], [ 759796.196949, 644365.237989000044763 ], [ 759749.523229000042193, 645154.361725999973714 ], [ 759763.195148000027984, 645175.356891999952495 ], [ 760049.934697999968193, 645473.73802299995441 ], [ 760057.001616999972612, 645479.028750999947079 ], [ 769097.667793, 652143.990650000050664 ], [ 769183.056074999971315, 652206.20766299997922 ], [ 777372.491155999945477, 658117.355871999985538 ], [ 778749.851009999983944, 658703.422891000052914 ], [ 786205.482159, 659546.120922000030987 ], [ 799966.384973000036553, 659007.278018999961205 ], [ 800756.812060000025667, 658965.358205000055023 ], [ 802785.58591400005389, 657686.669222999946214 ], [ 827833.066613, 600906.899106999975629 ], [ 827997.430500000016764, 600493.485584 ], [ 827997.817044000024907, 600397.279908000025898 ], [ 827990.15816, 600381.417739000055008 ], [ 827163.088590000057593, 599766.770255999988876 ], [ 823347.345810999977402, 598094.63254300004337 ], [ 816918.740775999962352, 597500.742628999985754 ] ] ] } },
{ "type": "Feature", "properties": { "TERYT": "2009", "Nazwa": "powiat sejneński" }, "geometry": { "type": "Polygon", "coordinates": [ [ [ 790068.110787000041455, 678999.904846000019461 ], [ 767529.440489999949932, 685193.56226300005801 ], [ 766419.291909000021406, 704520.922530999989249 ], [ 767584.434404000057839, 716810.922138000023551 ], [ 768678.277072999975644, 720409.59871499997098 ], [ 768891.921765999984927, 720881.987719999975525 ], [ 769181.915167000028305, 721516.620796 ], [ 770214.533579000039026, 722722.560141999972984 ], [ 771223.290184000041336, 722553.180398999946192 ], [ 773397.540163, 721976.880366 ], [ 782433.83028, 718408.429751000017859 ], [ 785439.269985000020824, 716052.210096 ], [ 790874.200141999986954, 710435.520538000040688 ], [ 792037.030074, 709157.060378000023775 ], [ 792782.379798999987543, 708067.529875 ], [ 795351.970045999973081, 701154.420264999964274 ], [ 796194.559839, 698528.630144999944605 ], [ 796243.190076000057161, 696475.05986599996686 ], [ 796262.440263999975286, 694929.529845000011846 ], [ 796145.750302999978885, 681799.467853000038303 ], [ 795927.814235000056215, 681398.160139000043273 ], [ 795691.120374000049196, 680967.117276999983005 ], [ 794950.434388000052422, 680343.066512000048533 ], [ 794903.96200299996417, 680307.969401999958791 ], [ 793251.87817499996163, 679248.940239000017755 ], [ 793196.521052, 679223.625969000044279 ], [ 793193.311629, 679222.355889 ], [ 793170.078366999980062, 679214.486629000050016 ], [ 793111.834233999950811, 679198.806800000020303 ], [ 790068.110787000041455, 678999.904846000019461 ] ] ] } },
{ "type": "Feature", "properties": { "TERYT": "2061", "Nazwa": "powiat Białystok" }, "geometry": { "type": "Polygon", "coordinates": [ [ [ 782151.881241000024602, 586212.791287999949418 ], [ 776247.267572000040673, 587925.996700000017881 ], [ 775437.140846000052989, 588461.971173000056297 ], [ 773502.189825, 590115.269563999958336 ], [ 772989.525467999977991, 590661.154583 ], [ 771982.385123000014573, 592248.403497 ], [ 771908.224262999952771, 592425.733373000053689 ], [ 771905.525950000039302, 592432.192537000053562 ], [ 771909.224796000053175, 592873.059251000056975 ], [ 772023.411556, 596044.87717 ], [ 772223.851074, 597950.595464000012726 ], [ 772230.856506000040099, 597967.540675000054762 ], [ 772238.721908999956213, 597984.956381 ], [ 772294.055088000022806, 598061.514826999977231 ], [ 772448.481283999979496, 598173.346827000030316 ], [ 774346.014007000019774, 599351.508872000034899 ], [ 774358.662741999956779, 599357.027378999977373 ], [ 774389.078465000027791, 599364.852104000048712 ], [ 774414.823761999956332, 599364.629092999966815 ], [ 780542.887880999944173, 598780.448851000051945 ], [ 783329.393717000028118, 597432.771121000056155 ], [ 784215.269224000046961, 590033.459592 ], [ 784161.585269000031985, 589323.347237 ], [ 784160.564079000032507, 589309.847765999962576 ], [ 784121.835751999984495, 588798.219516000011936 ], [ 784118.946124, 588760.241805 ], [ 784109.987756000016816, 588642.701910999952815 ], [ 784106.4975460000569, 588596.961645000032149 ], [ 784071.662468999973498, 588147.937749000033364 ], [ 782820.700457000057213, 586575.047555999946781 ], [ 782151.881241000024602, 586212.791287999949418 ] ] ] } },
{ "type": "Feature", "properties": { "TERYT": "2005", "Nazwa": "powiat hajnowski" }, "geometry": { "type": "Polygon", "coordinates": [ [ [ 793171.145555999944918, 515508.21931900002528 ], [ 789996.530362, 516236.145759999984875 ], [ 789985.269578999956138, 516251.469723000016529 ], [ 789754.803475999971852, 516565.607532 ], [ 789752.892666000057943, 516568.29330800002208 ], [ 789627.533313, 516746.229723999975249 ], [ 789622.771661999984644, 516753.870906999974977 ], [ 789561.891829999978654, 516852.535396000021137 ], [ 782824.550916000036523, 530429.558305999962613 ], [ 791149.849807000020519, 567448.509602 ], [ 793270.572628000052646, 574984.402756000054069 ], [ 793333.788454000023194, 575088.739361000014469 ], [ 793336.963056999957189, 575093.975332999951206 ], [ 793677.248811000026762, 575583.225235000019893 ], [ 801446.670456000021659, 578866.718424999970011 ], [ 811077.470559000037611, 576881.511166000040248 ], [ 821785.101059, 574331.596367000020109 ], [ 821810.249547000043094, 574325.247835000045598 ], [ 830598.933555, 571256.374470000038855 ], [ 830685.76558699994348, 571209.667411 ], [ 830882.686699999962002, 570988.681101000052877 ], [ 831118.904535999987274, 570695.047944 ], [ 831131.199949000030756, 570622.840673999977298 ], [ 832713.040016000042669, 561171.899732999969274 ], [ 832877.999883000040427, 558663.470404000021517 ], [ 833416.899954000022262, 550027.519899999955669 ], [ 830559.910096999956295, 546126.230332999955863 ], [ 823090.173701000050642, 539241.692476999945939 ], [ 822472.476767000043765, 538697.350024000043049 ], [ 822423.752740000025369, 538658.755788999958895 ], [ 793171.145555999944918, 515508.21931900002528 ] ] ] } },
{ "type": "Feature", "properties": { "TERYT": "2609", "Nazwa": "powiat sandomierski" }, "geometry": { "type": "Polygon", "coordinates": [ [ [ 678459.13746999995783, 296599.907553000026383 ], [ 675975.225453000050038, 298874.588503999984823 ], [ 675907.256749999942258, 298943.348463999980595 ], [ 670045.271365000051446, 305433.420915999973658 ], [ 666168.453715999959968, 312724.324919999984559 ], [ 666154.138378, 312798.68988800002262 ], [ 665921.872477, 314913.425123 ], [ 665950.160071, 315459.904994999989867 ], [ 665978.410232000052929, 315968.056415 ], [ 665981.381351000047289, 316016.870667000010144 ], [ 666000.702428000047803, 316167.143247 ], [ 666014.870354000013322, 316252.372049 ], [ 666032.206402000039816, 316356.208226000017021 ], [ 666033.837313, 316361.353444 ], [ 666043.127606000052765, 316390.595817999972496 ], [ 666218.358082000049762, 316794.080342 ], [ 693834.399022000026889, 338267.070759000023827 ], [ 694033.584981999942102, 338298.732396 ], [ 698064.523025, 338664.155693 ], [ 699431.572676999960095, 338430.781907 ], [ 699821.849057000014, 337722.43039 ], [ 699896.573161000036635, 337586.609296999988146 ], [ 699969.37845900002867, 337450.725059000018518 ], [ 700046.549802000052296, 337295.81646499998169 ], [ 700116.438282000017352, 337127.28712400002405 ], [ 700244.256015000049956, 336807.138257000013255 ], [ 700318.634541, 336615.756072000018321 ], [ 701941.380621999967843, 331983.273098999983631 ], [ 702022.834348, 331680.097750000015367 ], [ 702047.383256, 331461.249851999979001 ], [ 702048.901451000012457, 331427.723237 ], [ 702046.497688999981619, 331333.630379999987781 ], [ 701609.33471099997405, 328317.021487 ], [ 701590.937871000031009, 328193.349174999981187 ], [ 700534.666692, 322664.388751 ], [ 700504.666732999961823, 322535.092894 ], [ 699468.036432, 318367.943699 ], [ 699438.43551900004968, 318270.06571300001815 ], [ 699346.775417999946512, 317990.436156000010669 ], [ 699296.924959999974817, 317875.38666000001831 ], [ 699231.746350000030361, 317744.991506 ], [ 696490.336148999980651, 312359.457799000025261 ], [ 684529.319524000049569, 298144.685343 ], [ 684412.892564999987371, 298026.740735 ], [ 684348.405783000052907, 297976.585764000017662 ], [ 684275.817654000013135, 297920.130889000021853 ], [ 684100.944886000012048, 297804.341666000022087 ], [ 683944.656206000014208, 297740.080742000020109 ], [ 683758.791264, 297677.751973 ], [ 678459.13746999995783, 296599.907553000026383 ] ] ] } },
{ "type": "Feature", "properties": { "TERYT": "1820", "Nazwa": "powiat tarnobrzeski" }, "geometry": { "type": "Polygon", "coordinates": [ [ [ 684227.641122999950312, 283093.359512 ], [ 684191.119126999983564, 283098.80658700002823 ], [ 684176.867933999979869, 283102.494660999975167 ], [ 684147.297064000042155, 283113.910513999988325 ], [ 684131.948335999972187, 283121.227999 ], [ 681213.756165000027977, 284637.506989000015892 ], [ 676212.352796999970451, 294181.14002 ], [ 675983.603687, 295092.483191 ], [ 700556.880018000025302, 322995.773496999987401 ], [ 701886.777634000056423, 321831.994645999977365 ], [ 701978.700437000021338, 321750.804332000028808 ], [ 702144.579887000028975, 321565.251824999984819 ], [ 702222.500536, 321454.476822 ], [ 711702.480553, 304377.610305999987759 ], [ 711184.586217000032775, 300125.425455000018701 ], [ 710763.445483000017703, 297442.360921000014059 ], [ 710755.310481, 297415.775575999985449 ], [ 710740.218609999981709, 297378.990188999974634 ], [ 710647.746817999985069, 297153.797715 ], [ 710608.542387000052258, 297109.470777 ], [ 698198.49121, 285112.331713000021409 ], [ 698147.746414000052027, 285070.178354999981821 ], [ 698140.360129000036977, 285064.048258 ], [ 697245.879438000032678, 284405.449742000026163 ], [ 696648.1748320000479, 284032.241455000010319 ], [ 696071.322644999949262, 283714.095385 ], [ 696055.737490999978036, 283711.595971999980975 ], [ 684227.641122999950312, 283093.359512 ] ] ] } },
{ "type": "Feature", "properties": { "TERYT": "0616", "Nazwa": "powiat rycki" }, "geometry": { "type": "Polygon", "coordinates": [ [ [ 700054.548963999957778, 410905.813812999986112 ], [ 686785.093013999983668, 414959.959764999977779 ], [ 686690.476784000056796, 414992.205698999983724 ], [ 684323.193297000019811, 415924.824626000015996 ], [ 684232.463899999973364, 415966.70773000002373 ], [ 684146.288780999951996, 416017.258192999986932 ], [ 684066.214920999947935, 416076.924802 ], [ 683994.037652999977581, 416145.879423999984283 ], [ 683931.365197999984957, 416223.505722999980208 ], [ 681015.791963999974541, 420027.269757999980357 ], [ 682299.659938000026159, 424165.099899999971967 ], [ 682317.391551999957301, 424197.259543999971356 ], [ 682411.338891000021249, 424367.605873 ], [ 682483.192541999975219, 424460.547075 ], [ 696242.261635, 436271.602655 ], [ 697725.102183999959379, 437474.104879 ], [ 703462.316127000027336, 440640.768743 ], [ 712000.361023999983445, 440436.4882070000167 ], [ 712021.223021000041626, 440430.03000000002794 ], [ 724457.21006099996157, 421254.82087200001115 ], [ 724360.354857000056654, 420486.56448 ], [ 719367.95633800001815, 416707.327402999973856 ], [ 719362.32137799996417, 416703.441938999982085 ], [ 719331.002652999944985, 416681.879863 ], [ 718427.335536999977194, 416118.376816999982111 ], [ 704489.181342000025325, 411764.882114999985788 ], [ 704471.243995000026189, 411760.630488 ], [ 700099.621572999982163, 410912.997107999981381 ], [ 700054.548963999957778, 410905.813812999986112 ] ] ] } },
{ "type": "Feature", "properties": { "TERYT": "1864", "Nazwa": "powiat Tarnobrzeg" }, "geometry": { "type": "Polygon", "coordinates": [ [ [ 685420.677076000021771, 297178.397400000016205 ], [ 685204.005387000041083, 297192.19 ], [ 684653.446593999979086, 297373.355877000023611 ], [ 684335.465184999979101, 297966.525476999988314 ], [ 688825.433275999967009, 307616.141315000015311 ], [ 688870.450735999969766, 307702.828853000013623 ], [ 688906.679321, 307764.596283000020776 ], [ 688952.18695, 307834.215799 ], [ 692424.291868999949656, 312240.497550999978557 ], [ 694134.604536000057124, 313358.903815000026952 ], [ 694201.530309000052512, 313398.717451 ], [ 694260.405454, 313404.828675 ], [ 694333.533582999953069, 313412.404953000019304 ], [ 695010.94760099996347, 313403.609745000023395 ], [ 696423.086957999970764, 312350.460221000015736 ], [ 697759.814890000037849, 309022.979563999979291 ], [ 697737.722492999979295, 308970.703627999988385 ], [ 697726.129618, 308943.295743 ], [ 697721.84239600005094, 308933.168611 ], [ 696902.836145999957807, 307391.034447000012733 ], [ 693547.163818, 301829.330442 ], [ 693513.913288000039756, 301780.936285 ], [ 692649.761351000051945, 300528.185777999984566 ], [ 692119.662612000014633, 299841.351015999971423 ], [ 685890.320088000036776, 297249.355263 ], [ 685420.677076000021771, 297178.397400000016205 ] ] ] } },
{ "type": "Feature", "properties": { "TERYT": "0614", "Nazwa": "powiat puławski" }, "geometry": { "type": "Polygon", "coordinates": [ [ [ 720390.962001999956556, 380899.372574999986682 ], [ 699427.601655, 382553.493293999985326 ], [ 694274.94286299997475, 383499.336293999978807 ], [ 694242.58060700003989, 383596.471938 ], [ 694021.430299, 384329.343112999980804 ], [ 693979.370280000031926, 384469.590969000011683 ], [ 691985.454142999951728, 396354.509680000017397 ], [ 691993.596064000041224, 396858.626526999985799 ], [ 696367.736012, 412897.388485 ], [ 708421.816625999985263, 416399.404476 ], [ 708429.702166000031866, 416401.090814 ], [ 720636.135864999960177, 417959.530550999974366 ], [ 721461.21375600004103, 418000.191604 ], [ 721511.424309000023641, 418001.766261000011582 ], [ 722142.816572000039741, 417998.784173999971244 ], [ 722431.778516000020318, 417926.682780999981333 ], [ 725566.129489999962971, 414789.348973000014666 ], [ 729848.95227, 400788.671605999988969 ], [ 729917.537206999957561, 400527.046723 ], [ 731059.303878, 384218.572816000028979 ], [ 730958.945891999988817, 384150.96771 ], [ 729268.307164, 383114.061158999975305 ], [ 726222.70841299998574, 382287.402576999971643 ], [ 720428.949430000036955, 380905.708909999986645 ], [ 720390.962001999956556, 380899.372574999986682 ] ] ] } },
{ "type": "Feature", "properties": { "TERYT": "0612", "Nazwa": "powiat opolski" }, "geometry": { "type": "Polygon", "coordinates": [ [ [ 704876.137150999973528, 346549.416494 ], [ 697716.713237000047229, 349018.311120000027586 ], [ 696537.998942999984138, 354301.897042999975383 ], [ 696500.849001000053249, 354536.423357 ], [ 696478.922387999948114, 354674.850373000022955 ], [ 694703.996158999972977, 368555.039959000016097 ], [ 694476.173352999961935, 371716.085556 ], [ 694463.221081000054255, 371968.19783700001426 ], [ 694448.749492999981157, 372291.189758999971673 ], [ 694676.94412400003057, 373946.400551999977324 ], [ 695898.330526, 380150.399737 ], [ 696178.548503000056371, 380561.2967 ], [ 699753.082272000028752, 384756.488091 ], [ 700974.127713000052609, 386105.67322499997681 ], [ 701188.8412960000569, 386293.843476 ], [ 701402.353101999964565, 386418.959288000012748 ], [ 708939.062846999964677, 385776.220406999986153 ], [ 714966.051204000017606, 385116.214756999979727 ], [ 715759.188246999983676, 384721.73364 ], [ 720962.055245000054128, 381420.207967999973334 ], [ 721056.556409999961033, 381242.31464 ], [ 721098.494886999949813, 381155.404371000011452 ], [ 721099.716143000056036, 381152.81713799998397 ], [ 726105.361581000033766, 367750.632021999976132 ], [ 726511.311133999959566, 362982.916739 ], [ 726503.020788999972865, 362573.388642999983858 ], [ 726494.556318999966606, 362526.126992999983486 ], [ 725455.669462000019848, 357954.231341 ], [ 725441.45922800002154, 357894.340260000026319 ], [ 707922.960669000050984, 347785.204957999987528 ], [ 704876.137150999973528, 346549.416494 ] ] ] } },
{ "type": "Feature", "properties": { "TERYT": "0611", "Nazwa": "powiat łukowski" }, "geometry": { "type": "Polygon", "coordinates": [ [ [ 727286.599747000029311, 424090.093416000017896 ], [ 727150.269560000044294, 424096.311060999985784 ], [ 722968.723863000050187, 424726.423342 ], [ 719770.127843, 425691.870444 ], [ 711414.222669000038877, 431338.727588 ], [ 696911.500129999942146, 444182.747928 ], [ 695945.459851, 445484.353351 ], [ 695910.132411999977194, 445884.586976 ], [ 695873.295289000030607, 446404.941439000016544 ], [ 696947.719844999955967, 456899.328388999972958 ], [ 697093.93447700003162, 457884.114618 ], [ 697117.616682, 458036.543691999977455 ], [ 697782.74835, 460004.963559 ], [ 699285.525184000027366, 461117.722394999989774 ], [ 701371.682966000051238, 462612.413716999988537 ], [ 707814.616852, 466056.477972000022419 ], [ 739539.274532999959774, 472751.329347 ], [ 740168.74586000002455, 472883.025740000011865 ], [ 740800.141010000021197, 472764.211522000026889 ], [ 740820.995229, 472759.964814 ], [ 740894.583667000057176, 472744.937806 ], [ 747392.465036, 469563.611800000013318 ], [ 748495.53686, 467589.555429 ], [ 749324.907216000021435, 465438.089472000021487 ], [ 749369.813505999976769, 465256.830532 ], [ 749383.237763999961317, 465187.698381000023801 ], [ 749560.127350999973714, 464092.167951999988873 ], [ 749499.208550999988802, 462134.899935 ], [ 746297.228486999985762, 452071.361332 ], [ 732848.577170999953523, 426625.730034 ], [ 731028.069688000017777, 424790.991969999973662 ], [ 731019.766807000036351, 424787.7241 ], [ 727388.604046999942511, 424103.050874 ], [ 727385.135664999950677, 424102.605132 ], [ 727348.123816999956034, 424097.900404000014532 ], [ 727299.717867000028491, 424091.75308 ], [ 727286.599747000029311, 424090.093416000017896 ] ] ] } },
{ "type": "Feature", "properties": { "TERYT": "1426", "Nazwa": "powiat siedlecki" }, "geometry": { "type": "Polygon", "coordinates": [ [ [ 698388.346458000014536, 460265.873854 ], [ 698382.097841999959201, 460269.052213000017218 ], [ 696633.891169999958947, 467357.853530000022147 ], [ 698307.579226, 481191.953654000011738 ], [ 698640.079136000014842, 483464.044088000024203 ], [ 699110.832755999988876, 484344.687663000018802 ], [ 708665.365793999982998, 500969.959831000014674 ], [ 708667.365161000052467, 500971.085741000017151 ], [ 708707.294107, 500993.514216999989003 ], [ 708714.749761000042781, 500997.702050999971107 ], [ 708727.377166999969631, 501004.792647 ], [ 709487.233815000043251, 501372.194980999978725 ], [ 742234.795622, 510928.822464999975637 ], [ 751997.637065000017174, 509414.468057000020053 ], [ 752116.728829000028782, 509388.563803000026383 ], [ 753264.304129999945872, 508447.064268000016455 ], [ 754656.842202999978326, 504357.948989 ], [ 754688.257873, 504219.354783000017051 ], [ 754703.556623999960721, 504132.825069000013173 ], [ 754706.490809999988414, 504079.56561699998565 ], [ 754709.495767000014894, 503985.235541999980342 ], [ 754052.630572999943979, 497645.481365000014193 ], [ 751418.923932999954559, 472636.677113000012469 ], [ 751177.454605999984778, 470733.643942 ], [ 751032.52251299994532, 469705.543294999981299 ], [ 748495.53686, 467589.555429 ], [ 729511.560221, 464145.613731 ], [ 698388.346458000014536, 460265.873854 ] ], [ [ 720400.045164705137722, 485343.706007761589717 ], [ 721957.599444210645743, 480052.288729442167096 ], [ 721971.823684206116013, 478672.537449880386703 ], [ 722981.744723885320127, 479426.422169640893117 ], [ 723280.453763790428638, 480635.482569256913848 ], [ 723906.320323591586202, 480564.361369279504288 ], [ 724261.926323478575796, 481232.900649067189079 ], [ 724717.102003334090114, 481275.573369053658098 ], [ 724873.568643284379505, 480891.518889175611548 ], [ 725470.986723094596528, 480791.949209207261447 ], [ 726324.441122823627666, 481119.106729103368707 ], [ 726424.010802791919559, 481574.282408958766609 ], [ 727476.6045624576509, 482513.082248660619371 ], [ 727320.137922507361509, 483551.451768330822233 ], [ 725911.938162954640575, 483764.815368263109121 ], [ 725570.556403063004836, 484646.718247982964385 ], [ 723202.220443815225735, 485670.863527657696977 ], [ 721744.235844278242439, 484219.991048118507024 ], [ 721146.817764468025416, 484241.32740811171243 ], [ 721139.705644470290281, 484874.306087910663337 ], [ 720400.045164705137722, 485343.706007761589717 ] ] ] } },
{ "type": "Feature", "properties": { "TERYT": "0607", "Nazwa": "powiat kraśnicki" }, "geometry": { "type": "Polygon", "coordinates": [ [ [ 707897.171806999947876, 326864.91761200001929 ], [ 707255.502018, 326886.71288900001673 ], [ 703149.836152, 327448.380270999972709 ], [ 703082.712657999945804, 327462.40721700002905 ], [ 703070.521445999969728, 327464.95828000002075 ], [ 702641.68769000004977, 327572.776233999989927 ], [ 702634.73442, 327578.399380000017118 ], [ 700052.418034999980591, 334216.023815000022296 ], [ 697580.235885999980383, 344619.998887999972794 ], [ 697507.625214, 345313.187167000025511 ], [ 697473.723908000043593, 345698.358688 ], [ 697451.133888000040315, 346107.861968000011984 ], [ 697495.590515000047162, 346905.393795999989379 ], [ 697716.713237000047229, 349018.311120000027586 ], [ 712378.468143000034615, 358246.220327000017278 ], [ 713880.29568099998869, 359156.293009000015445 ], [ 732964.03738999995403, 359111.322276 ], [ 735035.320442000054754, 359071.945539999986067 ], [ 735042.244965999969281, 359071.654286 ], [ 735330.598799000028521, 358941.060268 ], [ 735373.414299000054598, 358909.35628 ], [ 735386.35297799995169, 358899.772772 ], [ 736548.348642, 357803.705419 ], [ 742248.076643, 351968.146909 ], [ 744097.622515000053681, 349805.261370999971405 ], [ 744116.211128999944776, 349770.98774399998365 ], [ 744220.670726999989711, 349577.401231000025291 ], [ 744237.500451000058092, 349537.82251999998698 ], [ 744268.913550999946892, 349450.272706000017934 ], [ 744274.355647000018507, 349425.043767999974079 ], [ 744310.709746, 348922.748096 ], [ 744174.509705999982543, 344196.265789999975823 ], [ 743936.360854999977164, 341127.973061 ], [ 739711.938098000013269, 333446.622160000028089 ], [ 736920.351925999973901, 330719.376658 ], [ 736620.781178000033833, 330551.444560999982059 ], [ 735473.372755000018515, 329912.43802 ], [ 735319.459297999972478, 329829.846941999974661 ], [ 707897.171806999947876, 326864.91761200001929 ] ] ] } },
{ "type": "Feature", "properties": { "TERYT": "1818", "Nazwa": "powiat stalowowolski" }, "geometry": { "type": "Polygon", "coordinates": [ [ [ 713616.708146000048146, 281466.465168000024278 ], [ 704731.496091000037268, 284491.510649 ], [ 704718.203703999985009, 284499.304864 ], [ 704583.404806999955326, 284930.446109000011347 ], [ 704491.579202999942936, 285227.626143999979831 ], [ 702346.823023000033572, 292239.638266000023577 ], [ 700244.261903999955393, 324942.874164999986533 ], [ 700244.374638000037521, 324951.278525999980047 ], [ 700245.852794999955222, 325058.579827999987174 ], [ 700250.277223999961279, 325170.460988999984693 ], [ 700274.936773999943398, 325303.752976000017952 ], [ 700309.111426000017673, 325435.433213000011165 ], [ 700339.969484, 325549.950178999977652 ], [ 700374.318036000011489, 325675.943473000021186 ], [ 701673.703221000032499, 329930.861736 ], [ 701760.763225, 330106.262993999989703 ], [ 714895.118815999943763, 332618.35813299997244 ], [ 717923.413932999945246, 332019.86408799997298 ], [ 718091.829671000014059, 331967.299368 ], [ 722645.828711000038311, 330435.078381000028457 ], [ 722816.733088999986649, 330365.334943 ], [ 726023.11606499995105, 325694.21087 ], [ 726030.645749000017531, 325682.471518 ], [ 730882.570879, 309206.879566000017803 ], [ 730028.63638100004755, 305860.763067000021692 ], [ 728650.976004999945872, 302846.028996 ], [ 714561.706291, 281548.151200999971479 ], [ 713616.708146000048146, 281466.465168000024278 ] ] ] } },
{ "type": "Feature", "properties": { "TERYT": "1812", "Nazwa": "powiat niżański" }, "geometry": { "type": "Polygon", "coordinates": [ [ [ 712998.406296, 274940.236732000019401 ], [ 711615.217203999985941, 275997.679011999978684 ], [ 711317.573619000031613, 276487.131250999984331 ], [ 711122.597110999980941, 276807.923163999977987 ], [ 711095.856248999945819, 277431.595787000027485 ], [ 711101.398752999957651, 277495.909655999974348 ], [ 712134.445990000036545, 282066.357475999975577 ], [ 717301.51065099996049, 299129.154173000017181 ], [ 717308.548992000054568, 299151.539079 ], [ 718861.270761, 302494.66130899998825 ], [ 726041.260330999968573, 310517.861085999989882 ], [ 727435.829646000056528, 311392.980486000014935 ], [ 727473.43513, 311395.016274 ], [ 727815.844019999960437, 311409.054979 ], [ 729530.413546000025235, 311459.752041 ], [ 732576.388588999980129, 311387.301127000013366 ], [ 734734.341146999970078, 311043.996831999975257 ], [ 736797.551591999945231, 310624.305665 ], [ 749079.524848000030033, 307712.653597 ], [ 750306.442184000043198, 306527.07944 ], [ 753553.237944000051357, 299135.99138199997833 ], [ 754395.33887900004629, 296668.514804999984335 ], [ 754396.185257000033744, 296662.725100999989081 ], [ 754405.138660999946296, 296596.310630000021774 ], [ 754406.750638999976218, 296564.712443 ], [ 754350.893936999957077, 296172.288265999988653 ], [ 745716.133953999960795, 279929.218528 ], [ 744342.506852000020444, 279384.04512700001942 ], [ 712998.406296, 274940.236732000019401 ] ] ] } },
{ "type": "Feature", "properties": { "TERYT": "0609", "Nazwa": "powiat lubelski" }, "geometry": { "type": "Polygon", "coordinates": [ [ [ 751835.389521999983117, 336262.886497 ], [ 749999.612481000018306, 336337.871423 ], [ 748532.239045000053011, 337157.882541999977548 ], [ 722692.600984000018798, 356885.591705000028014 ], [ 722672.864998999983072, 356900.845519000024069 ], [ 721966.888033999945037, 357814.914835 ], [ 718282.584485, 370112.540922000014689 ], [ 718246.376265999977477, 370320.569074 ], [ 718217.616638, 370490.111012 ], [ 718004.693365999963135, 371783.158239000011235 ], [ 718426.548267, 378364.850569 ], [ 728561.420679999981076, 400589.514272 ], [ 728700.947509999969043, 400761.42497 ], [ 728743.119121999945492, 400801.73881 ], [ 729779.076017000013962, 400994.366262 ], [ 729810.759185999981128, 400998.706333999987692 ], [ 730111.118224999983795, 401029.740945000026841 ], [ 730223.135897999978624, 401040.696142999979202 ], [ 730331.779474999988452, 401051.319574999972247 ], [ 733249.413997999974526, 401275.004245000018273 ], [ 735839.361776, 400899.86543399997754 ], [ 752862.411582999979146, 396604.46906700002728 ], [ 755325.538825000054203, 395036.64720499998657 ], [ 755524.606672000023536, 394886.791390000027604 ], [ 763718.614351999945939, 388315.299222 ], [ 767118.353649999946356, 360022.25749500002712 ], [ 767136.266494999988936, 359831.360567 ], [ 767633.804621999966912, 352043.997381999972276 ], [ 767632.171676, 352011.806957 ], [ 767000.855372000019997, 346782.368293999985326 ], [ 765973.504282, 341523.373342 ], [ 765966.683543000021018, 341505.397118000022601 ], [ 765916.330820000031963, 341372.835144000011496 ], [ 765800.832765000057407, 341068.785991000011563 ], [ 765794.155812000040896, 341051.210843999986537 ], [ 765788.75419, 341037.001054 ], [ 765786.618836999987252, 341031.392379999975674 ], [ 758844.801071999943815, 337678.812515 ], [ 753470.108660000027157, 336393.823909000027925 ], [ 751835.389521999983117, 336262.886497 ] ], [ [ 743262.428532424615696, 371633.942878902424127 ], [ 744192.741785436286591, 370160.946894967230037 ], [ 745665.737769371480681, 370832.839799920096993 ], [ 748224.099215153604746, 371633.942878902424127 ], [ 747810.626658259541728, 374347.356533519807272 ], [ 751997.036296812118962, 375251.827751725621056 ], [ 751997.036296812118962, 377965.241406343062408 ], [ 754296.977394535439089, 378869.712624548876192 ], [ 754271.135359729640186, 382074.124940478010103 ], [ 752746.455306182731874, 383779.699237666092813 ], [ 752901.507515017990954, 386027.956265777698718 ], [ 750679.092521712300368, 384787.538595095451456 ], [ 748818.466015689074993, 385149.327082377742045 ], [ 744166.899750630604103, 385045.958943154255394 ], [ 744632.056377136497758, 384012.277550919039641 ], [ 743908.479402571800165, 383340.384645966172684 ], [ 743236.586497618933208, 378843.870589742960874 ], [ 745045.528934030560777, 378792.186520131246652 ], [ 745148.897073254105635, 377034.928153331391513 ], [ 744580.372307524667121, 376518.087457213783637 ], [ 746596.051022383384407, 374760.829090413928498 ], [ 743262.428532424615696, 371633.942878902424127 ] ] ] } },
{ "type": "Feature", "properties": { "TERYT": "1464", "Nazwa": "powiat Siedlce" }, "geometry": { "type": "Polygon", "coordinates": [ [ [ 721826.108477000030689, 478447.704490999982227 ], [ 721787.066881999955513, 478545.66431800002465 ], [ 720358.779792999965139, 483538.851505999977235 ], [ 720219.923208000021987, 484303.245984999986831 ], [ 720065.270095000043511, 485210.090891 ], [ 720066.879591000033543, 485307.240628 ], [ 720148.322934999945574, 485990.270711000019219 ], [ 722997.506153999944218, 486089.976215999980923 ], [ 724244.317541999975219, 485710.806821 ], [ 726076.130503, 484867.784881 ], [ 727455.309434999944642, 483756.555538000015076 ], [ 727496.857576000038534, 483722.992275000025984 ], [ 727501.950933999964036, 483716.750618 ], [ 727514.927050000056624, 483684.409087 ], [ 727526.20607099996414, 483656.292303 ], [ 727534.079936999944039, 483636.663439000025392 ], [ 727596.899755000020377, 483480.021042999986093 ], [ 727753.059021000051871, 482390.209586000011768 ], [ 725851.867653999943286, 480001.933788999973331 ], [ 722344.546823999960907, 478489.180126000021119 ], [ 721826.108477000030689, 478447.704490999982227 ] ] ] } },
{ "type": "Feature", "properties": { "TERYT": "0608", "Nazwa": "powiat lubartowski" }, "geometry": { "type": "Polygon", "coordinates": [ [ [ 754250.792436999967322, 394054.842605000012554 ], [ 737813.010054999962449, 394796.950831 ], [ 725511.344376, 400474.473023 ], [ 725507.979063999955542, 400477.379513000021689 ], [ 725466.815333000035025, 400512.938818999973591 ], [ 725418.930179000017233, 400554.311907000024803 ], [ 725305.864499000017531, 400652.009163999988232 ], [ 725291.421816000016406, 400664.490759 ], [ 722925.701983000035398, 403968.88475099997595 ], [ 721873.027342000044882, 405725.174783999973442 ], [ 721381.852426000055857, 407153.603905000025406 ], [ 720772.234883000026457, 417912.273028000025079 ], [ 720395.218280000030063, 425726.732787000015378 ], [ 720787.520328999962658, 426301.762745000014547 ], [ 734684.916459999978542, 432954.678956000017934 ], [ 734829.590965999988839, 432946.155403000011574 ], [ 734898.554531999980099, 432942.089105000020936 ], [ 735844.107902999967337, 432885.125661000027321 ], [ 735910.742064, 432880.547430999984499 ], [ 736008.815888999961317, 432873.798109000024851 ], [ 736020.598729999968782, 432872.982617 ], [ 740658.764418, 431085.148616000020411 ], [ 770522.735895000048913, 417593.86246899998514 ], [ 777904.615905000013299, 413621.506866000010632 ], [ 779209.248795000021346, 411339.31464599998435 ], [ 778857.218421000055969, 408705.257508 ], [ 778846.780151000013575, 408632.144424 ], [ 778838.563850000035018, 408574.614251 ], [ 778809.75026, 408373.373665000020992 ], [ 778792.301326000015251, 408270.696227999986149 ], [ 776464.931353, 400019.289240000012796 ], [ 776409.041193000040948, 399941.618987999972887 ], [ 776408.311209999956191, 399941.29851 ], [ 776390.65361599996686, 399933.554775000025984 ], [ 776381.172392999986187, 399929.397790000017267 ], [ 776263.16477799997665, 399877.660327000019606 ], [ 776255.037068999954499, 399874.097635000012815 ], [ 776222.378196, 399859.784049 ], [ 776201.001447999966331, 399850.422689999977592 ], [ 767645.439781000022776, 397590.575089 ], [ 754250.792436999967322, 394054.842605000012554 ] ] ] } },
{ "type": "Feature", "properties": { "TERYT": "0605", "Nazwa": "powiat janowski" }, "geometry": { "type": "Polygon", "coordinates": [ [ [ 746563.058459999971092, 306758.727618 ], [ 742044.961253999965265, 307093.019066 ], [ 729756.169481000048108, 310998.992008999979589 ], [ 721930.961331999977119, 316118.482324999989942 ], [ 721902.692916000029072, 316138.504251 ], [ 722190.909273999975994, 327496.375826 ], [ 722820.026997999986634, 330358.181227000022773 ], [ 723509.052489000023343, 331761.014089 ], [ 723640.62717, 331990.827699000015855 ], [ 723735.083285999950022, 332110.508307999989484 ], [ 723938.52619100001175, 332352.911915 ], [ 723960.572303000022657, 332373.974613 ], [ 726978.783470000023954, 334948.639211 ], [ 744286.137767, 344508.309814999985974 ], [ 747326.91002099995967, 344134.09404400002677 ], [ 747781.442897, 344075.056384 ], [ 748588.362179000047036, 343964.023574 ], [ 758944.475361000047997, 329425.909644 ], [ 759137.814178999979049, 328959.087245 ], [ 759152.757392999948934, 328921.12671500002034 ], [ 759163.580864000017755, 328887.156203 ], [ 759166.139404000015929, 328879.111639 ], [ 759170.025495999958366, 328861.569731 ], [ 759180.281271000043489, 328802.023563999973703 ], [ 759182.065790000022389, 328781.544347000017297 ], [ 760195.970320999971591, 314408.228937999985646 ], [ 760197.382987000048161, 314370.032155000022613 ], [ 754272.057301, 308907.632135999971069 ], [ 748786.358591999975033, 306837.736539 ], [ 748224.345840999973007, 306787.354201 ], [ 746563.058459999971092, 306758.727618 ] ] ] } },
{ "type": "Feature", "properties": { "TERYT": "0615", "Nazwa": "powiat radzyński" }, "geometry": { "type": "Polygon", "coordinates": [ [ [ 753682.632171, 420203.126687999989372 ], [ 734575.601165, 432997.024814 ], [ 731007.367088999948464, 443878.625353000010364 ], [ 731169.240265000029467, 449052.727535000012722 ], [ 731813.790846999967471, 450582.732198000012431 ], [ 731814.507762999972329, 450584.312462 ], [ 745559.230303999967873, 461768.005932 ], [ 746612.948921, 462356.371255 ], [ 748627.006021999986842, 462613.063804999983404 ], [ 777241.32863, 455351.323534000024665 ], [ 777588.423044999944977, 455236.905260000028647 ], [ 779580.348991999984719, 452397.605142000014894 ], [ 777918.396442000055686, 444256.739211999985855 ], [ 777642.975686999969184, 443199.281667999981437 ], [ 777527.468967000022531, 442765.800055 ], [ 777480.424013999989256, 442622.952055 ], [ 754604.658430999959819, 420497.207115 ], [ 754472.714251999976113, 420453.993307000026107 ], [ 753682.632171, 420203.126687999989372 ] ] ] } },
{ "type": "Feature", "properties": { "TERYT": "0663", "Nazwa": "powiat Lublin" }, "geometry": { "type": "Polygon", "coordinates": [ [ [ 744478.637277, 369483.483906999987084 ], [ 744378.394602000014856, 369495.462088999978732 ], [ 744318.29765199997928, 369521.368469999986701 ], [ 743712.528935999958776, 369824.871154 ], [ 743704.732513000024483, 369831.767714000015985 ], [ 743624.541017999988981, 369902.711619 ], [ 743590.730421000043862, 369944.473004999978002 ], [ 743576.730094, 369961.768116 ], [ 743554.099677999969572, 369989.725190000026487 ], [ 743399.217567999963649, 370181.079211 ], [ 743192.267115000053309, 370437.34271 ], [ 742648.106127999955788, 371519.671692 ], [ 741124.00838599994313, 377725.851373000012245 ], [ 741807.47494700003881, 382767.391850000014529 ], [ 741807.582713000010699, 382768.010659000021406 ], [ 741812.058492999989539, 382793.362727000028826 ], [ 741824.116543999989517, 382861.388465999974869 ], [ 741870.995664000045508, 383120.887691000010818 ], [ 741872.631829999969341, 383128.937563000014052 ], [ 741921.896821000031196, 383210.164776000019629 ], [ 741973.703051000018604, 383294.240515000012238 ], [ 741983.85308300005272, 383310.15781900001457 ], [ 742000.251805, 383335.120752000017092 ], [ 742035.66733700002078, 383388.983110999979544 ], [ 742038.755431000026874, 383393.673560000024736 ], [ 743555.491709999972954, 385612.330297 ], [ 752982.970531999948435, 387356.688389000017196 ], [ 754173.975698000052944, 386747.824413999973331 ], [ 754272.440003999974579, 386692.886094000015873 ], [ 754275.601506000035442, 386690.766352 ], [ 756250.725480000022799, 382686.637785999977496 ], [ 756149.031290999962948, 382102.340971000026911 ], [ 754878.804529999964871, 378454.623012 ], [ 752912.197860999964178, 374331.811056 ], [ 752897.4181980000576, 374313.934186999977101 ], [ 748540.992979999980889, 370666.577057000016794 ], [ 748483.149675, 370644.485433999972884 ], [ 745056.351032000035048, 369610.346065 ], [ 744478.637277, 369483.483906999987084 ] ] ] } },
{ "type": "Feature", "properties": { "TERYT": "0602", "Nazwa": "powiat biłgorajski" }, "geometry": { "type": "Polygon", "coordinates": [ [ [ 763988.10546999995131, 275906.794281999988016 ], [ 763971.797701, 275907.371594999975059 ], [ 758988.186910000047646, 276987.506216 ], [ 757424.411508, 277390.454471 ], [ 757412.139291999978013, 277394.426381000026595 ], [ 749437.055837000021711, 281043.333511999982875 ], [ 747494.130663000047207, 282010.396109999972396 ], [ 745633.053059999947436, 283444.769833999976981 ], [ 741774.754662, 286436.548197 ], [ 742246.811672999989241, 289474.764856999972835 ], [ 742269.936563999974169, 289595.238828999979887 ], [ 751838.69312800001353, 336326.934642 ], [ 751902.178565999958664, 336515.767468 ], [ 752074.612106999964453, 336745.915992999973241 ], [ 752142.908648999989964, 336828.447471000021324 ], [ 752213.649569, 336903.306315 ], [ 752445.09490599995479, 337057.401222000014968 ], [ 760510.627017, 341743.971425 ], [ 765162.262326000025496, 342056.927239999989979 ], [ 765602.455068000010215, 342018.735286000010092 ], [ 765630.836308000027202, 342014.866027000010945 ], [ 765648.63435299997218, 342012.43440999998711 ], [ 766515.975151999969967, 341824.972195999987889 ], [ 766633.215776000055484, 341786.221810000017285 ], [ 767416.628850999986753, 341473.266786 ], [ 767440.261107000056654, 341461.978217000025325 ], [ 767477.120027999975719, 341435.407376000017393 ], [ 773611.783636, 335433.70716 ], [ 774077.039106999989599, 334931.613128 ], [ 774513.047081999946386, 334357.836489 ], [ 774582.974717151373625, 334033.782236346567515 ], [ 772761.111263336846605, 330390.05532871739706 ], [ 767670.230406578513794, 327469.905395652982406 ], [ 768238.755172307835892, 325350.85854157077847 ], [ 771753.27190590754617, 324058.756801276758779 ], [ 770202.74981755472254, 316771.302986018534284 ], [ 775267.788639507256448, 316512.882637959788553 ], [ 784932.70965690643061, 306382.804994054662529 ], [ 793408.897073235129938, 305555.859880266536493 ], [ 795838.048344987793826, 301602.028554966847878 ], [ 796019.050760000012815, 301113.859039 ], [ 796954.993788999971002, 299513.758502000011504 ], [ 794398.20707, 285925.695476000022609 ], [ 791529.623800999950618, 282353.34661 ], [ 788547.301002, 278793.939844999986235 ], [ 786819.322748000035062, 276838.33692799997516 ], [ 786630.582703999942169, 276748.059767000027932 ], [ 786178.968732999986969, 276612.569748 ], [ 786053.96184300002642, 276583.276869 ], [ 763988.10546999995131, 275906.794281999988016 ] ] ] } },
{ "type": "Feature", "properties": { "TERYT": "0601", "Nazwa": "powiat bialski" }, "geometry": { "type": "Polygon", "coordinates": [ [ [ 798949.500710999942385, 429943.323199999984354 ], [ 798741.065897000022233, 429970.560834 ], [ 757936.989252, 445091.091968 ], [ 757657.129883000045083, 445395.531399000028614 ], [ 757570.216758999973536, 445502.004406000021845 ], [ 757545.389066, 445540.466179999988526 ], [ 757528.771186999976635, 445569.447540999972261 ], [ 757489.460834000026807, 445645.488760999985971 ], [ 750082.8194450000301, 459998.038558 ], [ 750047.530143999960274, 460085.313445999985561 ], [ 750020.67695, 460171.906911999976728 ], [ 748170.713590999948792, 466710.392471999977715 ], [ 748169.037563, 466721.042366 ], [ 748173.54876100004185, 466849.910049 ], [ 748175.935844999970868, 466908.223879 ], [ 749822.977219, 475661.777798999974038 ], [ 749833.519469000049867, 475691.46490800002357 ], [ 749972.118457, 476011.484586999984458 ], [ 751168.218250000034459, 477377.904286 ], [ 751190.25616899994202, 477397.88965799997095 ], [ 753134.143281999975443, 478830.149312999972608 ], [ 781417.707477999967523, 499327.13711399998283 ], [ 781450.358304, 499342.601315999985673 ], [ 785102.270294000045396, 499039.123213000013493 ], [ 785188.668236, 499029.077103000017814 ], [ 785296.815665, 498993.090487 ], [ 786234.938145000021905, 498648.762746000022162 ], [ 786474.274263, 498544.358998999989126 ], [ 807602.115966000012122, 488759.68644800002221 ], [ 807790.928160000010394, 488630.007228999980725 ], [ 816114.691021000035107, 481451.391229 ], [ 816162.341658000019379, 481384.713540999975521 ], [ 818633.019590000039898, 477854.8169919999782 ], [ 818671.497779999976046, 477799.388977999973577 ], [ 818720.39328800002113, 477728.460601 ], [ 818775.583862000028603, 477617.314789000025485 ], [ 821756.332056000013836, 468936.539399 ], [ 821778.538289000047371, 468794.517766 ], [ 819870.634764999966137, 447302.281933000020217 ], [ 819294.770074, 445012.245665 ], [ 819267.155018000048585, 444967.771457 ], [ 816467.779353, 442546.286973999987822 ], [ 799790.042985999956727, 430093.116878999979235 ], [ 799688.64220799994655, 430068.813389000017196 ], [ 799565.470680000027642, 430040.117508 ], [ 798949.500710999942385, 429943.323199999984354 ] ], [ [ 781016.643905453616753, 472826.374811737041455 ], [ 780106.292545742704533, 471261.708412233972922 ], [ 781045.092385444557294, 470522.047932468936779 ], [ 779935.601665796944872, 468217.721053200773895 ], [ 780333.880385670461692, 467990.133213273016736 ], [ 781045.092385444557294, 468274.618013182713185 ], [ 782922.692064848262817, 467364.266653471800964 ], [ 785824.437023926642723, 468559.102813092351425 ], [ 788271.006303149624728, 470266.011612550239079 ], [ 787531.345823384588584, 473622.932251484075096 ], [ 784231.322144432691857, 472911.720251709979493 ], [ 783861.491904550115578, 473765.174651438894216 ], [ 782268.377025056048296, 473480.689851529255975 ], [ 781016.643905453616753, 472826.374811737041455 ] ] ] } },
{ "type": "Feature", "properties": { "TERYT": "0613", "Nazwa": "powiat parczewski" }, "geometry": { "type": "Polygon", "coordinates": [ [ [ 781660.471456, 401383.139768 ], [ 781537.055872999946587, 401408.542774999979883 ], [ 778290.563707, 402150.243032000027597 ], [ 776878.324907999951392, 402586.271331999974791 ], [ 762503.183620000025257, 412823.950246000022162 ], [ 754604.658430999959819, 420497.207115 ], [ 753942.731129999971017, 422987.880215000011958 ], [ 753888.050368000054732, 423669.811174999980722 ], [ 753885.914879000047222, 423696.729821000015363 ], [ 753876.05959099996835, 423821.054698999971151 ], [ 753872.020613000029698, 423872.071769999980461 ], [ 753869.85962, 423913.402386999980081 ], [ 753868.21217399998568, 424340.588376 ], [ 753872.948962999973446, 424585.290294 ], [ 757334.533126999973319, 429999.685872 ], [ 763810.410992000019178, 436551.483912999974564 ], [ 771909.486609000014141, 443397.12644999998156 ], [ 772742.549615000025369, 443303.489515999972355 ], [ 772979.928151999949478, 443276.107382000016514 ], [ 773174.098594999988563, 443253.355575 ], [ 773334.671895000035875, 443234.410805 ], [ 773466.609690999961458, 443218.84245 ], [ 773476.485324, 443217.676494000013918 ], [ 774109.654881999944337, 443121.499713000026532 ], [ 774118.287168, 443120.187898 ], [ 774141.886126999976113, 443116.566054 ], [ 774283.940258000046015, 443094.734600000025239 ], [ 774521.25532600004226, 443058.262721 ], [ 774586.846241, 443048.181591 ], [ 774655.106456, 443037.341336000012234 ], [ 777392.302972999983467, 442541.380787 ], [ 783919.153584999963641, 439904.507006000028923 ], [ 796226.760594, 434258.426919 ], [ 796556.722110999980941, 433914.666422999987844 ], [ 796680.565582999959588, 433737.571234999981243 ], [ 797998.787718, 431721.591244000010192 ], [ 798001.035345999989659, 431716.901825 ], [ 798035.449158999952488, 431645.015663 ], [ 798092.068661, 431526.740715999971144 ], [ 798121.543569999979809, 431464.874197 ], [ 798181.947495999978855, 431338.064303 ], [ 798183.846310999942943, 431334.072457999980543 ], [ 798204.230463000014424, 431287.186788 ], [ 798204.661386, 431286.173051 ], [ 798625.657204000046477, 430294.911342 ], [ 798928.76105800003279, 429448.5431 ], [ 798927.491629000054672, 429338.539630000013858 ], [ 798896.143670000019483, 428870.971526 ], [ 798781.708671999978833, 427776.592589 ], [ 791092.963576999958605, 408380.039112999977078 ], [ 790670.304270999971777, 407944.926099999982398 ], [ 781717.266062999959104, 401397.439047999971081 ], [ 781660.471456, 401383.139768 ] ] ] } },
{ "type": "Feature", "properties": { "TERYT": "0617", "Nazwa": "powiat świdnicki" }, "geometry": { "type": "Polygon", "coordinates": [ [ [ 772164.142364999977872, 351357.435608000028878 ], [ 767979.317219999968074, 351955.029293 ], [ 767621.363142000045627, 352093.586506000021473 ], [ 766465.8385390000185, 352715.236688999983016 ], [ 765782.635555000044405, 353115.770888000028208 ], [ 764826.820475999964401, 354238.3114250000217 ], [ 758215.973594999988563, 366440.073205999971833 ], [ 754043.671798, 378208.983904999971855 ], [ 754787.141803, 381587.629662 ], [ 762279.411153999972157, 385594.260269000020344 ], [ 762318.016043000039645, 385614.387109 ], [ 762484.822622, 385689.35228 ], [ 763085.767144000041299, 385902.421203 ], [ 765458.852144, 386673.224814000015613 ], [ 768269.312702000024728, 385555.022133000020403 ], [ 782292.06761699996423, 376298.330125999986194 ], [ 784405.748817999963649, 372695.08318399998825 ], [ 784629.009236000012606, 369885.731184999982361 ], [ 784587.873667999985628, 366880.632640999974683 ], [ 784581.710811999975704, 366868.642608000023756 ], [ 774937.328201, 352828.818179 ], [ 772164.142364999977872, 351357.435608000028878 ] ] ] } },
{ "type": "Feature", "properties": { "TERYT": "0610", "Nazwa": "powiat łęczyński" }, "geometry": { "type": "Polygon", "coordinates": [ [ [ 774120.596991, 374792.310369000013452 ], [ 770745.376750000054017, 375349.557672000024468 ], [ 769696.667713999981061, 376145.852842000022065 ], [ 756427.61612200003583, 392397.221314999973401 ], [ 755936.164962999988347, 393085.317388000024948 ], [ 755112.066725000040606, 395265.62991299998248 ], [ 755079.593235000036657, 395386.346819999977015 ], [ 754987.930293999961577, 395734.203540000016801 ], [ 755013.787594, 395802.06783399998676 ], [ 755049.106507000047714, 395892.691547999973409 ], [ 755082.103775999974459, 395969.464106999977957 ], [ 755092.846236999961548, 395978.026365 ], [ 761865.099261000053957, 400614.657344 ], [ 779425.176908000023104, 404191.313476999988779 ], [ 779640.107124999980442, 404170.948219000012614 ], [ 779794.052514999988489, 404134.822960000019521 ], [ 782415.630342000047676, 402824.163582 ], [ 797203.739292999962345, 393534.628668 ], [ 797285.618515999987721, 393453.650588000018615 ], [ 797290.023579000029713, 393449.288453000015579 ], [ 795407.073067000019364, 386618.491787999984808 ], [ 795388.596702, 386580.360165000020061 ], [ 795314.451980000012554, 386427.828832000028342 ], [ 795073.58411299996078, 385932.339449000020977 ], [ 794772.767513000057079, 385314.45915 ], [ 782292.06761699996423, 376298.330125999986194 ], [ 782060.123044, 376172.829273000010289 ], [ 782009.15770900005009, 376145.93546 ], [ 781831.939168000011705, 376052.438159000012092 ], [ 781490.946935000014491, 375874.86314199998742 ], [ 779296.845913999946788, 375431.243389000010211 ], [ 779173.314831999945454, 375412.430853000027128 ], [ 774120.596991, 374792.310369000013452 ] ] ] } },
{ "type": "Feature", "properties": { "TERYT": "0606", "Nazwa": "powiat krasnostawski" }, "geometry": { "type": "Polygon", "coordinates": [ [ [ 777106.889601, 333721.180353 ], [ 773816.794833999942057, 333965.531889999983832 ], [ 772218.631606, 334336.581033999973442 ], [ 772082.801481000031345, 334373.429983999987599 ], [ 771476.26558699994348, 334599.487265 ], [ 771470.760156000033021, 334602.182405999978073 ], [ 771441.971001000027172, 334617.373765999975149 ], [ 771395.013563000014983, 334644.596941999974661 ], [ 768984.791105999960564, 336053.212834 ], [ 768978.426767, 336057.182795999979135 ], [ 768918.243963000015356, 336094.805883999972139 ], [ 768270.441864000051282, 336522.07251000002725 ], [ 768248.883090000017546, 336542.273649999988265 ], [ 768228.809912999975495, 336561.103137 ], [ 768214.339545, 336577.735327999980655 ], [ 768123.359994000056759, 336715.482590000028722 ], [ 764947.973923000041395, 342233.435452 ], [ 764014.778246999951079, 345091.733435 ], [ 765752.498975, 351014.781786 ], [ 774034.271438000025228, 367789.122744 ], [ 774547.963095000013709, 368762.130511 ], [ 774559.824035999947228, 368777.885656 ], [ 774886.569971999968402, 369126.407986 ], [ 791840.849857000051998, 367396.694246999977622 ], [ 811665.885283999959938, 362195.947187000012491 ], [ 811696.302879999973811, 362187.826139000011608 ], [ 811717.441279000020586, 362176.939506999973673 ], [ 811794.514528000028804, 362087.389939000015147 ], [ 811843.966509000048973, 362018.215858999988995 ], [ 811854.958568, 361996.239469000021927 ], [ 811866.07419299997855, 361957.993802000011783 ], [ 812093.530315999989398, 361104.509419 ], [ 812167.538230999954976, 360819.934238000016194 ], [ 814852.129826999967918, 346385.775704000028782 ], [ 813573.116305000032298, 343846.337217999971472 ], [ 813562.544451999943703, 343836.90540599997621 ], [ 813552.119249999988824, 343832.838028000027407 ], [ 777106.889601, 333721.180353 ] ] ] } },
{ "type": "Feature", "properties": { "TERYT": "0620", "Nazwa": "powiat zamojski" }, "geometry": { "type": "Polygon", "coordinates": [ [ [ 802771.35216, 298382.204968 ], [ 796830.568850000039674, 299539.716067 ], [ 784138.865666000056081, 302356.851913 ], [ 783357.514523, 302747.94675 ], [ 770707.050709999981336, 309979.98815 ], [ 766831.16010700003244, 315315.735580999986269 ], [ 764657.021524999989197, 327532.646572 ], [ 765477.054621999966912, 329421.941452 ], [ 783700.743494999944232, 341330.767289999988861 ], [ 802025.307189999963157, 346835.878197000012733 ], [ 814785.822265999973752, 346412.564904999977443 ], [ 817175.332509999978356, 346162.713135999976657 ], [ 817374.642285999958403, 346096.018018 ], [ 817404.834847999969497, 346085.902666 ], [ 826665.525692000053823, 342530.910626999975648 ], [ 826749.457104000030085, 342493.18537700001616 ], [ 827098.331203000037931, 342168.857949000026565 ], [ 828515.535683, 335544.34573 ], [ 829632.447689999942668, 326654.864408999972511 ], [ 824652.083606999949552, 312610.592263000027742 ], [ 824371.452592000016011, 311932.453584 ], [ 823114.316082594450563, 311473.685850813053548 ], [ 811123.611932666040957, 311628.738059648370836 ], [ 809779.826122760307044, 313282.628287224681117 ], [ 806058.573110713507049, 313282.628287224681117 ], [ 805541.732414595899172, 309974.847832072002348 ], [ 807143.938572560437024, 306253.59482002526056 ], [ 806730.466015666374005, 301912.132972637366038 ], [ 805050.733753284206614, 299767.244083749363199 ], [ 804470.024079, 299269.128160999971442 ], [ 802771.35216, 298382.204968 ] ], [ [ 798233.281946057919413, 326680.108206898148637 ], [ 797341.731745254946873, 326421.687858839344699 ], [ 797445.099884478491731, 324922.849840098293498 ], [ 798168.676859043189324, 323747.037256430776324 ], [ 799266.963338293018751, 323088.065368880867027 ], [ 800494.459991572308354, 322803.80298601614777 ], [ 801657.351557836984284, 323281.880629924940877 ], [ 802665.190915266284719, 324741.955596457177307 ], [ 802949.453298131003976, 325736.873936483578291 ], [ 803414.609924636897631, 325982.37326713942457 ], [ 803246.636698398622684, 327390.764164059888572 ], [ 803194.952628786792047, 328269.393347459903453 ], [ 801851.166818881058134, 328346.919451877532993 ], [ 801618.588505628169514, 327804.236720954009797 ], [ 800171.434556498890743, 328269.393347459903453 ], [ 799137.753164263674989, 327028.97567677765619 ], [ 798814.727729190024547, 325969.452249736525118 ], [ 798181.597876445972361, 325930.689197527710348 ], [ 798233.281946057919413, 326680.108206898148637 ] ] ] } },
{ "type": "Feature", "properties": { "TERYT": "0661", "Nazwa": "powiat Biała Podlaska" }, "geometry": { "type": "Polygon", "coordinates": [ [ [ 782880.293763999943621, 466932.118759999983013 ], [ 779521.461354000028223, 467453.973221 ], [ 778723.46525400003884, 470826.822112000023481 ], [ 778722.067781000048853, 470857.997983 ], [ 778720.968405000050552, 470882.527964 ], [ 780599.748371999943629, 473262.054872 ], [ 780600.860579999978654, 473263.084188 ], [ 782547.45909500005655, 474192.612285999988671 ], [ 788496.63196499994956, 473991.594241000013426 ], [ 788520.967198999947868, 473813.360408 ], [ 788552.349952999968082, 473542.820446999976411 ], [ 788640.821317999972962, 472616.302521999983583 ], [ 788732.496506000054069, 471653.536019 ], [ 788758.763328999979421, 471362.888584 ], [ 788652.323101000045426, 469575.417261000024155 ], [ 786428.434911999967881, 468252.992424 ], [ 786103.839481999981217, 468072.954122000024654 ], [ 785860.208638999960385, 467949.745547999977134 ], [ 782880.293763999943621, 466932.118759999983013 ] ] ] } },
{ "type": "Feature", "properties": { "TERYT": "0603", "Nazwa": "powiat chełmski" }, "geometry": { "type": "Polygon", "coordinates": [ [ [ 821442.809857000014745, 343611.875276 ], [ 815535.934483999968506, 345086.626462000014726 ], [ 814772.959547, 345351.467454000026919 ], [ 785216.612955000018701, 365293.352224999980535 ], [ 783711.784029999980703, 367110.929784999985714 ], [ 783453.615251000039279, 367736.472447999985889 ], [ 783450.216758999973536, 367746.779362 ], [ 782894.163404, 370086.876996 ], [ 782456.568164000054821, 372962.761459 ], [ 781995.907638999982737, 377347.823666999989655 ], [ 781998.565430999966338, 377396.952522 ], [ 781999.399278, 377406.925301000010222 ], [ 782038.794008000055328, 377824.593379000027198 ], [ 782044.95583600003738, 377889.822663999977522 ], [ 782048.665552000049502, 377924.986802999977954 ], [ 782054.97746800002642, 377984.782277000020258 ], [ 782119.699100999976508, 378597.763082000019494 ], [ 782129.059898999985307, 378686.380850000015926 ], [ 782129.279865000047721, 378688.451501999981701 ], [ 782933.186741000041366, 381798.211256999988109 ], [ 798178.743360999971628, 397126.168537000019569 ], [ 811518.553578000050038, 399238.63191 ], [ 828298.152547999983653, 389491.516080999979749 ], [ 829132.991655000019819, 388673.286019 ], [ 839780.876529, 376878.165535999985877 ], [ 839804.776801, 376849.520822 ], [ 840368.791844, 376132.05053200002294 ], [ 840379.971020000055432, 376115.789078 ], [ 845551.976854, 363972.583442999981344 ], [ 845566.128072, 363939.00747200002661 ], [ 846798.342093999963254, 358304.25278600002639 ], [ 846853.0208359999815, 357829.842208000016399 ], [ 843260.086352000012994, 352165.322536 ], [ 824507.664781, 344341.430084 ], [ 821442.809857000014745, 343611.875276 ] ], [ [ 809792.747140163206495, 374437.803655340336263 ], [ 810025.325453416095115, 372887.281566987512633 ], [ 810593.850219145417213, 372370.440870869904757 ], [ 810658.455306160147302, 371698.5479659170378 ], [ 810891.033619413035922, 371608.100844096450601 ], [ 811123.611932666040957, 371026.655060964170843 ], [ 812208.977394512970932, 370794.076747711224016 ], [ 813449.395065195159987, 370535.656399652420077 ], [ 813604.447274030535482, 370987.892008755297866 ], [ 814017.9198309245985, 370884.523869531811215 ], [ 814134.20898755104281, 370083.420790549484082 ], [ 815775.178197724395432, 371104.181165381800383 ], [ 817054.358920615515672, 372292.914766452275217 ], [ 817726.251825568382628, 373249.07005426986143 ], [ 815232.495466800988652, 374269.830429102119524 ], [ 813449.395065195159987, 374592.855864175595343 ], [ 812674.134021018864587, 375277.669786531419959 ], [ 811666.294663589564152, 375962.483708887244575 ], [ 811188.217019680771045, 374734.987055607954971 ], [ 809792.747140163206495, 374437.803655340336263 ] ] ] } },
{ "type": "Feature", "properties": { "TERYT": "0619", "Nazwa": "powiat włodawski" }, "geometry": { "type": "Polygon", "coordinates": [ [ [ 821295.593327000038698, 387718.223256000026595 ], [ 821119.472171999979764, 387730.438401 ], [ 795260.628821, 393027.663652000017464 ], [ 794971.346708000055514, 393092.152986 ], [ 794886.242964999983087, 393113.61592800001381 ], [ 785278.128689000033773, 396335.703237999987323 ], [ 784685.98608099995181, 396882.509214000019711 ], [ 782060.181523, 400321.047065 ], [ 782038.341016000020318, 400351.46825799997896 ], [ 782188.080266, 403029.50802 ], [ 782194.799132999964058, 403059.114270000020042 ], [ 782583.554675000021234, 404581.10117799998261 ], [ 787331.329129999969155, 418435.028067999985069 ], [ 789270.889818000025116, 422655.63154700002633 ], [ 790780.586540000047535, 424803.592845999985002 ], [ 807215.671653999947011, 443910.110090999980457 ], [ 807341.172427000012249, 443995.043577999982517 ], [ 807871.975786000024527, 444346.37203899997985 ], [ 808741.643904000055045, 444344.123572000011336 ], [ 808754.929542000056244, 444340.804512 ], [ 809031.329146999982186, 444225.610399 ], [ 809079.804114999948069, 444205.253203 ], [ 809442.561888, 444052.878503000014462 ], [ 811693.796361000044271, 442321.216557 ], [ 813873.107002999982797, 438758.729681 ], [ 813906.037673000013456, 438703.893617999972776 ], [ 814364.060463999980129, 437566.294712 ], [ 826824.506141999969259, 405306.660845 ], [ 826838.101399000035599, 405268.312655000016093 ], [ 828296.624062999966554, 389516.266248000029009 ], [ 828298.152547999983653, 389491.516080999979749 ], [ 827900.729338999954052, 389149.465374000021257 ], [ 827423.973318999982439, 388772.775465000013355 ], [ 822697.489979999954812, 387738.694702 ], [ 822525.261981999967247, 387736.009995999978855 ], [ 822170.754357, 387730.526215000019874 ], [ 822105.940841999952681, 387729.524931000021752 ], [ 821577.317422, 387722.019936 ], [ 821295.593327000038698, 387718.223256000026595 ] ] ] } },
{ "type": "Feature", "properties": { "TERYT": "0618", "Nazwa": "powiat tomaszowski" }, "geometry": { "type": "Polygon", "coordinates": [ [ [ 824070.795594000024721, 274856.821524999977555 ], [ 821276.617565999971703, 275711.321310000028461 ], [ 794398.20707, 285925.695476000022609 ], [ 794194.015765000018291, 286090.688141 ], [ 793223.411764999968, 286877.912323000025935 ], [ 789695.603259, 289784.074057 ], [ 789161.622106999973767, 290224.116295000014361 ], [ 789073.326599000021815, 290296.942625000025146 ], [ 788889.732085000025108, 290448.779006999975536 ], [ 788255.266384999966249, 290974.413512 ], [ 787982.599217999959365, 291201.827185 ], [ 787434.248936000047252, 291660.217966000025626 ], [ 791367.176937000011094, 297452.84636899997713 ], [ 791404.381792000029236, 297503.583017 ], [ 791894.587859999970533, 298143.902180999983102 ], [ 792079.904476, 298384.736226 ], [ 792227.170136000029743, 298575.93061600002693 ], [ 804898.66515699995216, 313671.63228199997684 ], [ 824564.159016, 322509.097114 ], [ 833288.079122000024654, 325918.153467 ], [ 833511.903887000051327, 325833.864340999978594 ], [ 833847.074203000054695, 325705.879214000015054 ], [ 833866.84399600001052, 325698.329773999983445 ], [ 851830.224307999946177, 311893.271507000026759 ], [ 853197.45430999994278, 309830.794292 ], [ 854567.452344, 295479.940469000022858 ], [ 824070.795594000024721, 274856.821524999977555 ] ] ] } },
{ "type": "Feature", "properties": { "TERYT": "0664", "Nazwa": "powiat Zamość" }, "geometry": { "type": "Polygon", "coordinates": [ [ [ 800644.535895999986678, 322588.084072 ], [ 798584.83535499998834, 322676.205461999983527 ], [ 798203.1417519999668, 322824.940015 ], [ 796853.967733999947086, 324312.174454000021797 ], [ 795645.724486000020988, 326000.733681000012439 ], [ 795643.138163, 326007.687191999983042 ], [ 795631.303979999967851, 326065.785071 ], [ 795605.079641000018455, 326214.243882999988273 ], [ 795752.446604693774134, 326292.47768481017556 ], [ 798234.897073233383708, 327030.590803953062277 ], [ 798383.48877336725127, 327327.774204220680986 ], [ 798829.26387376873754, 327573.273534876585472 ], [ 798880.947943380335346, 327876.917443845653906 ], [ 799371.946604692144319, 328090.114230994193349 ], [ 799079.822491999948397, 328959.427728999988176 ], [ 801233.028553999960423, 328872.676882 ], [ 803589.468181999982335, 328616.214754000015091 ], [ 803623.317359999986365, 328603.094628 ], [ 803692.441870999988168, 328572.397607000020798 ], [ 803852.747461, 326204.586943999980576 ], [ 803841.647347999969497, 326152.884173 ], [ 803829.22980800003279, 326109.535834999987856 ], [ 803816.65881699998863, 326076.004549 ], [ 802876.869935999973677, 323933.665182999975514 ], [ 801944.371397000038996, 322971.36384 ], [ 800644.535895999986678, 322588.084072 ] ] ] } },
{ "type": "Feature", "properties": { "TERYT": "0662", "Nazwa": "powiat Chełm" }, "geometry": { "type": "Polygon", "coordinates": [ [ [ 814188.819467999972403, 369199.68825 ], [ 811701.433072000043467, 370329.570954 ], [ 811701.274193000048399, 370329.64385 ], [ 811688.32450600003358, 370335.604795 ], [ 811511.204098999965936, 370443.897478999977466 ], [ 811400.673260999959894, 370523.220213999971747 ], [ 811372.208062, 370545.028215 ], [ 811250.228034000028856, 370638.485083999985363 ], [ 811143.139386, 370721.452208 ], [ 810913.34375999995973, 370903.651511 ], [ 810475.287407999974675, 371265.040952000010293 ], [ 809345.399365999968722, 372652.498100999975577 ], [ 809021.482091999961995, 373786.541087 ], [ 809000.713024000055157, 373968.96885 ], [ 808998.819528999971226, 373998.862085999979172 ], [ 808995.65986899996642, 374048.752173000015318 ], [ 808995.03000799997244, 374058.737455 ], [ 809213.755526000051759, 375168.12684799998533 ], [ 811067.810856999945827, 376057.815500999975484 ], [ 811157.023257000022568, 376081.403440000023693 ], [ 811177.681931999977678, 376086.862816 ], [ 811616.313753, 376200.10571199998958 ], [ 811624.869348000036553, 376202.293712000013329 ], [ 811690.322401999961585, 376218.988469999982044 ], [ 811728.698640999966301, 376228.763904 ], [ 811729.940727, 376229.079169999982696 ], [ 811877.073572000022978, 376265.419333999976516 ], [ 819647.406591000035405, 374585.866517000016756 ], [ 819649.742287999950349, 374377.684533 ], [ 818705.908762000035495, 372534.224013000028208 ], [ 816964.60820000001695, 370172.040366999979597 ], [ 814188.819467999972403, 369199.68825 ] ] ] } },
{ "type": "Feature", "properties": { "TERYT": "0604", "Nazwa": "powiat hrubieszowski" }, "geometry": { "type": "Polygon", "coordinates": [ [ [ 853271.348901, 294692.166931000014301 ], [ 852798.778134000021964, 294841.303170000028331 ], [ 852593.771442999946885, 294932.623794000013731 ], [ 852395.437172999954782, 295067.068795999977738 ], [ 845813.5391140000429, 300721.611183999979403 ], [ 825819.820646999985911, 323580.174883999978192 ], [ 822112.771788000012748, 344065.190141999977641 ], [ 823077.052692000055686, 350564.409178 ], [ 823081.670787999988534, 350581.18159 ], [ 823931.18773699994199, 351060.096206000016537 ], [ 824058.083407999947667, 351122.262908999982756 ], [ 824214.085041000042111, 351195.353045 ], [ 846184.091096000047401, 360109.567141 ], [ 846208.31654599995818, 360109.286372 ], [ 846273.520558999967761, 360096.46565999998711 ], [ 846324.760373999946751, 360071.709963999979664 ], [ 846361.897276, 360042.494927000021562 ], [ 847260.423523999983445, 359248.376685000024736 ], [ 861854.359219999983907, 346238.787017999973614 ], [ 861870.127404000028037, 346220.212431000021752 ], [ 861882.194481999962591, 346188.314384999976028 ], [ 861888.592532000038773, 346143.861723 ], [ 861894.949520000023767, 345806.436441999976523 ], [ 861895.76291399996262, 345732.960432 ], [ 860640.190007, 316025.189774000027683 ], [ 860408.410241, 311822.120218999974895 ], [ 859353.629987000022084, 305206.709840999974404 ], [ 857275.240062, 298530.980218000011519 ], [ 854896.590081, 294722.019696999981534 ], [ 853271.348901, 294692.166931000014301 ] ] ] } },
{ "type": "Feature", "properties": { "TERYT": "1214", "Nazwa": "powiat proszowicki" }, "geometry": { "type": "Polygon", "coordinates": [ [ [ 588101.41868, 250032.897598000010476 ], [ 588082.138155999942683, 250033.801169000013033 ], [ 587917.775409, 250041.515141999989282 ], [ 587802.118826000019908, 250054.583519 ], [ 587487.775552000035532, 250091.111925 ], [ 587473.806990999961272, 250094.147173 ], [ 587083.916750999982469, 250205.805631 ], [ 586050.99619099998381, 250550.93297 ], [ 585879.361278000054881, 250718.526829 ], [ 581842.964501, 254825.208105 ], [ 581822.070154999964871, 254900.880830999987666 ], [ 581819.711397, 254909.455184 ], [ 581818.17056799994316, 254917.322817 ], [ 581814.591489000013098, 254937.081779 ], [ 581814.016569999977946, 254940.985204 ], [ 580250.01026200002525, 266504.021275 ], [ 580249.65270600002259, 266523.667636999976821 ], [ 580255.640661000041291, 266540.094638 ], [ 580261.770099999965169, 266554.936129999987315 ], [ 580274.712162000010721, 266577.84761499997694 ], [ 580276.029727000044659, 266580.173384000023361 ], [ 580655.161348000052385, 267197.912691999983508 ], [ 581082.935713000013493, 267794.276059 ], [ 583821.128982000052929, 270187.639394 ], [ 584985.359815999981947, 270933.739788 ], [ 591989.575429999968037, 273580.510177000018302 ], [ 592665.960892, 273673.053351 ], [ 593015.408153000054881, 273633.143953000020701 ], [ 593417.934007999952883, 273584.39222099998733 ], [ 594544.644203, 273241.878107000025921 ], [ 619956.448336999979801, 261204.879017 ], [ 619962.468398, 261158.273947999987286 ], [ 619970.084145999979228, 261057.008536999986973 ], [ 619973.302575999987312, 261013.838644 ], [ 619974.694450999959372, 260977.608965 ], [ 619977.115541000035591, 260907.870333 ], [ 619977.744681000011042, 260871.751263000012841 ], [ 619978.677673000027426, 260804.542262 ], [ 619976.591029, 260709.375506999989739 ], [ 619976.137538, 260704.673634 ], [ 619968.822947000036947, 260641.122906 ], [ 619957.558670000056736, 260543.300431999989087 ], [ 619946.138883, 260468.78050299998722 ], [ 619932.240047, 260411.782501 ], [ 619913.65621199994348, 260357.569148999988101 ], [ 619892.719184000045061, 260304.971966000011889 ], [ 619861.686605999944732, 260252.604438999987906 ], [ 619814.069980000029318, 260203.071812999987742 ], [ 614924.774477, 255124.62162 ], [ 613606.812278000055812, 253808.717955 ], [ 613553.738427, 253766.56990199998836 ], [ 613495.713609999977052, 253734.177959 ], [ 613425.756059000035748, 253706.396537 ], [ 598059.16131, 250494.507083 ], [ 598014.683143, 250488.735435 ], [ 588252.299558000057004, 250037.65971 ], [ 588101.41868, 250032.897598000010476 ] ] ] } },
{ "type": "Feature", "properties": { "TERYT": "1201", "Nazwa": "powiat bocheński" }, "geometry": { "type": "Polygon", "coordinates": [ [ [ 599772.956917, 213133.242248 ], [ 598277.26942499994766, 213263.196168 ], [ 598176.217873999965377, 213280.788553 ], [ 592107.87593800004106, 216378.820477 ], [ 592047.078609999967739, 216411.021936 ], [ 592011.524619000032544, 216434.679276 ], [ 589460.238544999971054, 218760.178339 ], [ 589421.314774999977089, 218838.563933 ], [ 588785.362794999964535, 220912.842057 ], [ 588783.592379000037909, 220919.243178 ], [ 588778.313576000044122, 220938.358195 ], [ 588554.403095999965444, 222467.623010999988765 ], [ 588550.462225000024773, 222510.778301000013016 ], [ 588551.648368999944068, 222537.494176 ], [ 595792.849502000026405, 250103.715952 ], [ 595803.210819000029005, 250136.807965000014519 ], [ 595809.410018999944441, 250150.981754999986151 ], [ 595819.617804000037722, 250172.261026 ], [ 595843.455670000053942, 250206.513432 ], [ 595856.371691999956965, 250224.126793 ], [ 595886.047691000043415, 250258.415384 ], [ 595892.449401000048965, 250265.395935 ], [ 595923.125373000046238, 250292.952784 ], [ 600123.094255, 253713.656464 ], [ 600137.180325999972411, 253724.913104 ], [ 600150.235470999963582, 253733.610787000012351 ], [ 600175.473170000012033, 253750.315003 ], [ 600239.417860000045039, 253787.80302 ], [ 600271.371133, 253803.896848 ], [ 600286.769380999961868, 253810.968969999987166 ], [ 600312.369995999964885, 253821.60319699998945 ], [ 600328.303997999988496, 253827.689290999987861 ], [ 600349.11650100001134, 253834.176352999988012 ], [ 600360.439707000041381, 253836.989158999989741 ], [ 600371.171578999958001, 253839.447178 ], [ 600384.665069999988191, 253841.868332000012742 ], [ 600395.50539199996274, 253843.268813 ], [ 600406.631563000031747, 253844.476914 ], [ 600427.474382000043988, 253846.465057 ], [ 600435.960555, 253846.942927 ], [ 600451.536753, 253847.74010600001202 ], [ 600521.261764000053518, 253850.488940000010189 ], [ 602797.710528000025079, 253911.337103 ], [ 602822.267815000028349, 253909.425784 ], [ 607949.300015000044368, 253460.113446 ], [ 616121.12419, 245600.980993 ], [ 616623.64783599996008, 245010.271277 ], [ 616791.591751000029035, 244501.881238 ], [ 613569.588607999961823, 220670.731746 ], [ 613565.652700999984518, 220645.479664000013145 ], [ 613559.57541399996262, 220607.19216 ], [ 613491.168370999977924, 220228.591615000012098 ], [ 613471.397955000051297, 220146.243548 ], [ 609793.226872000028379, 216134.035169 ], [ 609215.277261000010185, 215645.251942 ], [ 605862.76087799994275, 213580.598283 ], [ 605809.864703000057489, 213559.021282 ], [ 605803.484952999977395, 213556.791573 ], [ 599772.956917, 213133.242248 ] ] ] } },
{ "type": "Feature", "properties": { "TERYT": "2603", "Nazwa": "powiat kazimierski" }, "geometry": { "type": "Polygon", "coordinates": [ [ [ 607973.884542000014335, 258677.355208 ], [ 601011.048252, 259183.686685 ], [ 598779.833437000052072, 260958.131811 ], [ 598218.188535999972373, 261507.388174 ], [ 594820.653137000044808, 267554.709923000016715 ], [ 591989.575429999968037, 273580.510177000018302 ], [ 591932.89694, 273811.522955 ], [ 591938.05594300001394, 274038.818386 ], [ 591971.124167999951169, 274222.812404000025708 ], [ 591973.39398000005167, 274235.061132 ], [ 591994.915432999958284, 274279.501272999972571 ], [ 592053.099915000027977, 274387.545519999985117 ], [ 592433.929772999952547, 274871.821785999985877 ], [ 592464.207890999969095, 274897.36072499997681 ], [ 592602.191160000045784, 275013.439113 ], [ 592692.491067999973893, 275071.595366000023205 ], [ 592724.050297999987379, 275091.870197999989614 ], [ 604218.465212999959476, 281220.201475 ], [ 604406.346209999988787, 281293.475264 ], [ 605241.816705, 281422.054894 ], [ 605382.165657000034116, 281438.468164000019897 ], [ 605501.27453199995216, 281447.901667000027373 ], [ 605649.597896000021137, 281459.640962 ], [ 605663.913825999945402, 281458.235914000018965 ], [ 605964.251448999973945, 281388.745983999979217 ], [ 606297.040497999987565, 281235.420649999985471 ], [ 606495.056216, 281138.641240000026301 ], [ 620771.372795999981463, 274073.865109 ], [ 620775.487566999974661, 274071.825921999989077 ], [ 621212.619925, 273793.118876 ], [ 626413.746917000040412, 269342.670280000020284 ], [ 626340.985310000018217, 268919.225626000028569 ], [ 626304.806845000013709, 268780.774331 ], [ 626241.807989, 268643.110941 ], [ 626161.427354000043124, 268507.072399 ], [ 623350.548296, 264112.623832000012044 ], [ 623339.316419000038877, 264098.933795000019018 ], [ 623314.449475000030361, 264069.488515999983065 ], [ 623297.239244999946095, 264053.137769000022672 ], [ 623256.437616999959573, 264014.965878000017256 ], [ 619523.192483, 260700.100711 ], [ 619519.587793000042439, 260698.044772 ], [ 612460.424067000043578, 258920.733845999988262 ], [ 612173.579870000015944, 258859.547683000011602 ], [ 607973.884542000014335, 258677.355208 ] ] ] } },
{ "type": "Feature", "properties": { "TERYT": "1210", "Nazwa": "powiat nowosądecki" }, "geometry": { "type": "Polygon", "coordinates": [ [ [ 639850.660146999987774, 160499.629934 ], [ 630572.199800999951549, 165474.799551 ], [ 619137.910109000047669, 171688.329678 ], [ 606842.682088, 178680.655632 ], [ 606783.297483999980614, 178714.713752000010572 ], [ 598520.607845, 186080.291506999987178 ], [ 597974.759207000024617, 191907.535322999989148 ], [ 598604.486369000049308, 195137.400862 ], [ 598775.498922000057064, 195638.402692 ], [ 598731.158117485232651, 195906.491071740951156 ], [ 603421.487434752518311, 195493.018514846888138 ], [ 608977.524918016861193, 191810.528555008932017 ], [ 611199.939911322551779, 192895.894016855920199 ], [ 608409.000152287422679, 197127.527216318791034 ], [ 613422.354904628242366, 204208.244753129984019 ], [ 609390.997474910924211, 206017.187189541582484 ], [ 609752.785962193273008, 207231.762825417885324 ], [ 617246.138675999944098, 215605.740874000010081 ], [ 619030.146462999982759, 216404.922268 ], [ 619438.578104999964125, 216581.749684 ], [ 619481.831936000031419, 216600.191786000010325 ], [ 619550.629827999975532, 216627.384178 ], [ 619827.217596999951638, 216732.921412 ], [ 619859.981602999963798, 216743.144343 ], [ 621782.090499000041746, 216874.67533 ], [ 621790.333116000052541, 216874.935944 ], [ 621819.18902499997057, 216875.735492 ], [ 623584.558961999951862, 216875.167863 ], [ 623673.28171500004828, 216856.406459 ], [ 623675.987206000019796, 216855.827977999986615 ], [ 625140.312818999984302, 216202.912007 ], [ 632853.459688000031747, 212363.30250300001353 ], [ 644416.487999, 204304.577710000012303 ], [ 648261.840881000040099, 200011.180214 ], [ 648562.598405000055209, 199382.632393 ], [ 652685.439980000024661, 169786.669757 ], [ 652377.360239999950863, 169174.629702 ], [ 651995.200227999943309, 168505.639866000012262 ], [ 644359.079838, 161800.990583 ], [ 640313.419854999985546, 160584.230134000012185 ], [ 639963.320101000019349, 160511.869923 ], [ 639850.660146999987774, 160499.629934 ] ], [ [ 619727.811397263081744, 192605.171125289751217 ], [ 620115.441919351229444, 190925.438862907525618 ], [ 620735.650754692382179, 191778.226011501566973 ], [ 623009.749817609786987, 191080.491071742813801 ], [ 623655.800687756855041, 189814.231366254680324 ], [ 624301.851557903806679, 189969.283575089939404 ], [ 625929.899750674259849, 191700.699907083937433 ], [ 625464.743124168482609, 194465.79763131312211 ], [ 626240.004168344894424, 194827.586118595441803 ], [ 625232.164810915477574, 197540.999773212854052 ], [ 624146.799349068547599, 198212.892678165750112 ], [ 623810.852896592114121, 199737.572731712687528 ], [ 621769.332146927481517, 199944.309010159719037 ], [ 621433.385694451048039, 200202.729358218522975 ], [ 620658.124650274636224, 198367.944887001009192 ], [ 621019.913137556985021, 196843.264833454100881 ], [ 622027.752494986285456, 196429.792276560008759 ], [ 621355.859590033418499, 194414.113561701349681 ], [ 619727.811397263081744, 192605.171125289751217 ] ] ] } },
{ "type": "Feature", "properties": { "TERYT": "1202", "Nazwa": "powiat brzeski" }, "geometry": { "type": "Polygon", "coordinates": [ [ [ 614116.389670999953523, 211706.007225 ], [ 610734.502581999986432, 213961.217014 ], [ 610049.683674999978393, 214494.403494 ], [ 609974.554909999947995, 214568.230237000010675 ], [ 609762.019206000026315, 214796.732089 ], [ 609453.105334999971092, 215192.139447 ], [ 609289.69214199995622, 215437.177938 ], [ 609283.620623999973759, 215447.015011999988928 ], [ 609256.349003999959677, 215494.450795000011567 ], [ 609246.768797000055201, 215524.131543 ], [ 609215.277261000010185, 215645.251942 ], [ 609199.37206199998036, 215880.03810100001283 ], [ 607202.681329000042751, 252479.355334 ], [ 607203.509159, 252541.358105 ], [ 607211.749709, 252590.913047999987612 ], [ 607254.078210999956354, 252690.733918000012636 ], [ 607265.987961999955587, 252711.589538 ], [ 607339.727765999967232, 252814.192600999987917 ], [ 607392.60685400001239, 252878.490051 ], [ 607454.09962, 252950.808465 ], [ 607532.091165, 253042.147324 ], [ 607595.648024, 253116.540699 ], [ 607690.075976999942213, 253214.23815 ], [ 607949.300015000044368, 253460.113446 ], [ 618888.819356000050902, 260139.305028 ], [ 618926.228447000030428, 260160.446697 ], [ 619968.822947000036947, 260641.122906 ], [ 619994.944936000043526, 260636.853684 ], [ 620014.830743000027724, 260626.508941 ], [ 620553.589767999947071, 260317.951601 ], [ 621650.334577, 259517.576051000010921 ], [ 621732.117315000039525, 259457.554641 ], [ 621759.857407000032254, 259434.730762 ], [ 621788.66257000004407, 259398.636978 ], [ 625242.615335999988019, 254217.757664 ], [ 626057.108419999945909, 252924.56597 ], [ 627377.068164000054821, 248649.393936999986181 ], [ 628758.393139999941923, 241376.509177 ], [ 628773.881879, 241271.151053999987198 ], [ 628769.753207999980077, 241056.61341 ], [ 628582.574615000048652, 233401.914156000013463 ], [ 628581.940488999942318, 233378.137732 ], [ 628581.891081999987364, 233376.607511 ], [ 627546.532063000020571, 228096.315339 ], [ 623229.671679000020958, 216874.690799 ], [ 614121.51599400001578, 211706.134409 ], [ 614116.389670999953523, 211706.007225 ] ] ] } },
{ "type": "Feature", "properties": { "TERYT": "1262", "Nazwa": "powiat Nowy Sącz" }, "geometry": { "type": "Polygon", "coordinates": [ [ [ 624227.502853999962099, 188917.18096600001445 ], [ 620241.67156199994497, 190073.785981 ], [ 619996.12627, 190192.276995 ], [ 619641.707479999982752, 190710.833871999988332 ], [ 619186.114531000028364, 191603.460914 ], [ 619120.220604000031017, 191769.331027 ], [ 619148.561906000017188, 192164.103466 ], [ 620218.942583999945782, 198471.028587999986485 ], [ 620225.124761000042781, 198506.228666999988491 ], [ 620232.654575000051409, 198531.376844000013079 ], [ 621005.032755000051111, 200980.225650999986101 ], [ 621063.09851499996148, 200998.229914 ], [ 621085.540958, 201005.186914 ], [ 621188.078682000050321, 201036.093625 ], [ 621224.373705000034533, 201047.028138 ], [ 621275.543442000052892, 201062.258575000014389 ], [ 621322.893750000046566, 201076.347644 ], [ 621397.674866999965161, 201098.586925999989035 ], [ 621603.691027999971993, 201132.937493 ], [ 621677.090099000022747, 201145.130069 ], [ 621793.942163, 201164.538887 ], [ 623890.547471, 200268.456977 ], [ 624334.943764999974519, 199863.279353 ], [ 626009.184514999971725, 197957.098586 ], [ 626016.15995500003919, 197948.615098 ], [ 626025.05689, 197937.783323000010569 ], [ 627479.531781999976374, 193902.020228999987012 ], [ 627484.240299000055529, 193887.766423 ], [ 627492.000275, 193838.486179 ], [ 626588.893004999961704, 191638.978439 ], [ 626575.606684, 191617.046079 ], [ 626162.093633000040427, 191072.575693 ], [ 624227.502853999962099, 188917.18096600001445 ] ] ] } },
{ "type": "Feature", "properties": { "TERYT": "1216", "Nazwa": "powiat tarnowski" }, "geometry": { "type": "Polygon", "coordinates": [ [ [ 639716.133103, 208569.427529999986291 ], [ 639268.573187, 208595.082127 ], [ 635730.291173, 208830.794281999988016 ], [ 635674.558818000019528, 208836.978883 ], [ 635621.901733999955468, 208847.095567000011215 ], [ 635290.305177, 208919.957422 ], [ 635219.57380400004331, 208941.501450999989174 ], [ 635216.892131999949925, 208942.319580000010319 ], [ 634968.423260999959894, 209023.014961999986554 ], [ 634930.458408999955282, 209039.763583 ], [ 625022.42905699997209, 214809.349022 ], [ 625020.950533999945037, 214810.799319000012474 ], [ 623229.671679000020958, 216874.690799 ], [ 623165.551254000049084, 216988.509839 ], [ 622113.882794999983162, 219823.521175 ], [ 622110.777328000054695, 219833.857792 ], [ 622107.561066000023857, 219844.579908000014257 ], [ 622088.044197999988683, 219931.471679 ], [ 622054.530449999962002, 220175.655934 ], [ 619786.264039000030607, 261931.963911 ], [ 619804.782243, 262148.841458 ], [ 619836.572134000016376, 262246.364775999973062 ], [ 619861.559689000016078, 262282.15173500002129 ], [ 619890.04296999995131, 262322.92273 ], [ 619957.79986899998039, 262390.985265999974217 ], [ 623174.767765, 265379.36236899998039 ], [ 630591.036975999944843, 263379.729575 ], [ 630722.882804000051692, 263340.840426 ], [ 630942.044921000022441, 263273.265712000022177 ], [ 655415.135091, 255089.303783000010299 ], [ 656864.087285000015981, 252594.646851 ], [ 668929.273352000047453, 219047.996986000012839 ], [ 668928.02260899997782, 219016.15064 ], [ 667625.736034999950789, 217780.669539 ], [ 666578.503062000032514, 217132.470993 ], [ 666548.234843999962322, 217113.982961 ], [ 666268.842839000048116, 216945.7692 ], [ 661350.901532000047155, 214493.33968500001356 ], [ 648758.590145000023767, 210866.383184 ], [ 639716.133103, 208569.427529999986291 ] ], [ [ 636655.95932229119353, 241814.865904387435876 ], [ 636578.43321787356399, 240677.816372928704368 ], [ 637457.062401273404248, 239101.452249769994523 ], [ 637999.745132196927443, 238377.875275205355138 ], [ 637844.692923361668363, 237576.772196223057108 ], [ 638464.901758702821098, 237654.298300640715752 ], [ 638955.900420014513656, 238377.875275205355138 ], [ 642134.470701137790456, 237990.24475311714923 ], [ 644718.67418172582984, 238248.665101175953168 ], [ 644537.779938084655441, 239721.661085111118155 ], [ 645804.039643572759815, 240005.923467975808308 ], [ 646579.30068774917163, 240057.607537587580737 ], [ 647070.299349060864188, 240910.394686181622092 ], [ 645416.409121484612115, 241272.183173463941785 ], [ 645080.462669008062221, 244554.121593810734339 ], [ 643478.25651104352437, 244657.489733034250094 ], [ 643452.414476237609051, 245561.960951240063878 ], [ 641540.10390060255304, 245587.802986045950092 ], [ 638387.375654285075143, 245794.539264492981602 ], [ 638490.743793508620001, 244605.805663422506768 ], [ 638464.901758702821098, 242641.811018175591016 ], [ 636655.95932229119353, 241814.865904387435876 ] ] ] } },
{ "type": "Feature", "properties": { "TERYT": "1204", "Nazwa": "powiat dąbrowski" }, "geometry": { "type": "Polygon", "coordinates": [ [ [ 647054.372424999950454, 250847.096689 ], [ 641318.076873000012711, 251102.62781 ], [ 641311.768536000046879, 251103.29931500001112 ], [ 641244.212800999986939, 251110.669441 ], [ 639847.589262999943458, 251271.642679000011412 ], [ 625468.030104, 261612.564698 ], [ 624757.103488, 262211.042138000018895 ], [ 623174.767765, 265379.36236899998039 ], [ 623146.618391999974847, 265506.445845999987796 ], [ 623124.104428000049666, 265639.261485999973956 ], [ 623107.939197, 265779.196012999978848 ], [ 623105.946576999966055, 265922.330438999983016 ], [ 623117.665866, 266063.11393 ], [ 623156.134089000057429, 266215.014583999989554 ], [ 623227.686801000032574, 266350.264054000028409 ], [ 623316.325074000051245, 266467.385488 ], [ 626765.045494999969378, 270116.543721000023652 ], [ 626945.102143, 270295.64824 ], [ 627137.568437000038102, 270453.898016 ], [ 627256.697246000054292, 270550.782335 ], [ 627465.462276999955066, 270688.571689 ], [ 627705.022944999975152, 270770.59164 ], [ 651485.805663999984972, 278487.053922 ], [ 651619.168549999943934, 278521.630604 ], [ 651769.612638000049628, 278542.02661200001603 ], [ 652021.930607000016607, 278561.281788999971468 ], [ 657037.584084999980405, 278743.202585000020918 ], [ 657123.227625999948941, 278620.615842 ], [ 657837.180383000057191, 277264.057534000021406 ], [ 657838.845678000012413, 277250.091863 ], [ 658205.590430999989621, 273883.888220999971963 ], [ 654969.494335000053979, 258855.54929200001061 ], [ 652959.70845100004226, 251913.450717 ], [ 647284.346945, 250876.428591 ], [ 647268.136559, 250874.184881 ], [ 647196.342581999953836, 250864.251337 ], [ 647161.969904999947175, 250859.879722000012407 ], [ 647153.428262999979779, 250858.811129999987315 ], [ 647134.609047999954782, 250856.567004999989877 ], [ 647075.007613, 250849.509514 ], [ 647054.372424999950454, 250847.096689 ] ] ] } },
{ "type": "Feature", "properties": { "TERYT": "1263", "Nazwa": "powiat Tarnów" }, "geometry": { "type": "Polygon", "coordinates": [ [ [ 638012.79056400002446, 237138.120969999989029 ], [ 637082.185551999951713, 237447.20051299998886 ], [ 635633.078856999985874, 240031.016906 ], [ 635588.431188000016846, 241704.085923 ], [ 637765.239217999973334, 245863.107812 ], [ 637847.727683000033721, 245962.053376 ], [ 637855.153566000051796, 245970.771798 ], [ 637864.552015000022948, 245979.782463000010466 ], [ 637866.834140000049956, 245981.954426999989664 ], [ 637873.703668999951333, 245986.067577 ], [ 637922.614297, 246015.106793000013568 ], [ 637923.294906000024639, 246015.474724 ], [ 637966.37618400005158, 246031.427318 ], [ 637971.060049999970943, 246033.15314 ], [ 637977.114526, 246035.225611 ], [ 637985.510697999969125, 246037.960365 ], [ 638303.413255000021309, 246116.289805999986129 ], [ 638316.22486099996604, 246119.212681 ], [ 638619.316417000023648, 246160.277523 ], [ 638662.246414000052027, 246163.576716000010492 ], [ 638685.306238000048324, 246165.064793 ], [ 638860.889224000042304, 246172.235871000011684 ], [ 638867.872747999965213, 246172.092582000012044 ], [ 642855.574504000018351, 246088.613544 ], [ 642916.884704999974929, 246083.324856 ], [ 643257.526086000027135, 246003.947538 ], [ 643884.38612399995327, 245830.753678 ], [ 643893.767478000023402, 245828.095567999989726 ], [ 643933.809174000052735, 245816.06751 ], [ 645502.925371999968775, 244837.576653 ], [ 645510.5792519999668, 244832.550775999989128 ], [ 645525.105739000020549, 244820.740656 ], [ 645527.378065999946557, 244818.790513000014471 ], [ 647704.39248200005386, 240740.75239499998861 ], [ 645041.227253000019118, 237729.463728 ], [ 644320.127737, 237592.098021000012523 ], [ 643932.29067799996119, 237521.455666 ], [ 640993.927719000028446, 237238.460429 ], [ 638012.79056400002446, 237138.120969999989029 ] ] ] } },
{ "type": "Feature", "properties": { "TERYT": "1205", "Nazwa": "powiat gorlicki" }, "geometry": { "type": "Polygon", "coordinates": [ [ [ 658992.839803999988362, 172701.200393 ], [ 658111.639718999969773, 172806.729744999989634 ], [ 648965.629794999957085, 174669.540268000011565 ], [ 646834.791106999968179, 178069.576555 ], [ 646541.011227000039071, 178546.727931 ], [ 646344.420838000020012, 178909.658090000011725 ], [ 635938.91136699996423, 205979.193765 ], [ 635622.106584999943152, 208842.031892 ], [ 635621.901733999955468, 208847.095567000011215 ], [ 637535.334222999983467, 209844.234143 ], [ 646692.688215999980457, 213423.823381 ], [ 655275.085129000013694, 214927.906215 ], [ 655421.741034999955446, 214944.688062 ], [ 655445.837946000043303, 214946.330766 ], [ 655923.329909999971278, 214958.023682 ], [ 655960.936219000024721, 214958.576352 ], [ 658650.228451999952085, 214929.316581 ], [ 658669.878658000030555, 214927.460545999987517 ], [ 659671.23494400002528, 214819.246962 ], [ 659699.320121000055224, 214815.72534 ], [ 661109.12006400001701, 214581.83677 ], [ 661152.199165, 214571.824789 ], [ 661183.158743, 214562.139885000011418 ], [ 661230.597133000032045, 214547.294422 ], [ 661350.901532000047155, 214493.33968500001356 ], [ 666434.19285300001502, 211577.553341 ], [ 666489.152241999981925, 211545.79641 ], [ 666541.024770000018179, 211498.945676 ], [ 667036.101115999976173, 210593.038302 ], [ 669335.19220100005623, 205457.355979000014486 ], [ 675316.620250000036322, 183371.886489 ], [ 675319.147948, 183359.552134 ], [ 675318.901670000050217, 183346.614767 ], [ 673855.084660000051372, 176807.535064 ], [ 673840.70233, 176794.99035 ], [ 660153.230325000011362, 172900.909733999986202 ], [ 658992.839803999988362, 172701.200393 ] ] ] } },
{ "type": "Feature", "properties": { "TERYT": "1811", "Nazwa": "powiat mielecki" }, "geometry": { "type": "Polygon", "coordinates": [ [ [ 664137.685868000029586, 254068.31451 ], [ 658789.468379999976605, 254210.782891 ], [ 658738.028439000016078, 254212.553448 ], [ 658718.350233, 254214.326879 ], [ 658701.799898999975994, 254215.822964 ], [ 658699.807454, 254216.269837 ], [ 658675.095668000052683, 254221.886894 ], [ 656516.56710500002373, 254752.598481 ], [ 653791.072557999985293, 255769.944704 ], [ 652708.414277, 265582.183633 ], [ 652903.86829100002069, 267750.320985 ], [ 657037.584084999980405, 278743.202585000020918 ], [ 658467.582969999988563, 280789.659477 ], [ 658520.789752000011504, 280864.363636000023689 ], [ 662030.476291000028141, 284847.714585 ], [ 673573.880312999943271, 294500.743697000027169 ], [ 673709.569604999967851, 294609.267975999973714 ], [ 673730.067737999954261, 294623.766856 ], [ 673782.71920399996452, 294654.142066999978852 ], [ 673938.324307000031695, 294734.12845900002867 ], [ 674005.792428000015207, 294767.929805999970995 ], [ 675975.849242000025697, 295093.906099000014365 ], [ 675983.603687, 295092.483191 ], [ 679581.665763000026345, 291906.907106 ], [ 679601.329605999984778, 291887.554773000010755 ], [ 679613.446631000027992, 291872.879827999975532 ], [ 679650.702363000018522, 291826.417151 ], [ 682098.213125, 288488.244695 ], [ 687802.851253999979235, 278643.501954999985173 ], [ 687811.389855999965221, 278625.388977999973577 ], [ 687816.069122000015341, 278614.272784999979194 ], [ 687817.595595999970101, 278608.103341999987606 ], [ 686383.222074000048451, 260075.020240000012564 ], [ 686222.40576, 259976.353200000012293 ], [ 682141.975623999955133, 258325.321094000013545 ], [ 664487.682768000056967, 254099.077538000012282 ], [ 664143.699394, 254068.556399 ], [ 664137.685868000029586, 254068.31451 ] ] ] } },
{ "type": "Feature", "properties": { "TERYT": "1803", "Nazwa": "powiat dębicki" }, "geometry": { "type": "Polygon", "coordinates": [ [ [ 673052.134985000011511, 220696.699042 ], [ 661879.984932000050321, 221715.971553000010317 ], [ 661868.821010999963619, 221719.464671 ], [ 661820.777424999978393, 221739.752839 ], [ 661728.539551, 221788.203321 ], [ 661699.895215000025928, 221805.910471000010148 ], [ 660025.399677, 222859.305656999989878 ], [ 659918.953074999968521, 222929.056775 ], [ 659902.628242, 222943.801818999985699 ], [ 659888.549337, 222958.356623 ], [ 654980.15174, 233749.486125 ], [ 654138.321684999973513, 236570.221901000011712 ], [ 653489.220573000027798, 244645.517996 ], [ 653313.002791999955662, 254117.668958 ], [ 653730.434077000012621, 255597.134476 ], [ 653747.958353, 255652.92610800001421 ], [ 653752.542799000046216, 255665.828941000014311 ], [ 653761.684408999979496, 255691.514995 ], [ 653791.072557999985293, 255769.944704 ], [ 669594.289930999977514, 258522.705941 ], [ 677084.864015000057407, 258656.251555 ], [ 677665.308389000012539, 258531.644257999985712 ], [ 679306.039846000028774, 257941.427081 ], [ 679797.367937, 257762.020429 ], [ 679803.212596000055782, 257759.247098 ], [ 680048.922287, 257599.226898 ], [ 680074.345287999953143, 257582.066571 ], [ 680118.225608999957331, 257546.828526 ], [ 682383.368055999977514, 255593.980990999989444 ], [ 683476.31646, 254552.414056 ], [ 683389.610288999974728, 252654.075524000014411 ], [ 681121.063108999980614, 227324.201747000013711 ], [ 681117.847121999948286, 227296.691934 ], [ 678074.231673000031151, 222193.732387 ], [ 678032.204026, 222129.783514999988256 ], [ 675825.04441199998837, 220897.743026999989524 ], [ 673229.198870999971405, 220708.774553 ], [ 673052.134985000011511, 220696.699042 ] ] ] } },
{ "type": "Feature", "properties": { "TERYT": "1805", "Nazwa": "powiat jasielski" }, "geometry": { "type": "Polygon", "coordinates": [ [ [ 676499.560079999966547, 174494.080202000011923 ], [ 676417.14024600002449, 174528.05045 ], [ 675749.720261999987997, 174968.55045 ], [ 675277.290088, 175310.480297 ], [ 674451.220164000056684, 176023.27011000001221 ], [ 674449.65983200003393, 176025.030108 ], [ 673855.084660000051372, 176807.535064 ], [ 673852.043419, 176812.0969890000124 ], [ 673825.860082000028342, 176851.716603999986546 ], [ 673784.295720999944024, 176935.791594999987865 ], [ 673745.28628200001549, 177030.264277999987826 ], [ 661350.901532000047155, 214493.33968500001356 ], [ 661602.950009000021964, 215465.907637 ], [ 664584.823457999969833, 223153.968019 ], [ 664612.630192999960855, 223186.362954999989597 ], [ 665200.86276699998416, 223562.238014 ], [ 665243.388531, 223588.354972 ], [ 665502.742487999959849, 223722.157134999986738 ], [ 668771.183818000019528, 225361.45472 ], [ 669821.30681400001049, 225535.157599 ], [ 669824.664758000057191, 225534.117803 ], [ 683285.776104000047781, 221088.244967 ], [ 683320.476277000037953, 221071.909172000014223 ], [ 683371.885939999949187, 221042.937088 ], [ 683432.278672000044025, 221005.283787 ], [ 683519.925845999969169, 220948.475071 ], [ 688352.675862999982201, 217797.910444 ], [ 688638.265390999964438, 217562.913574 ], [ 688732.148800999973901, 217483.797022000013385 ], [ 688899.292555000050925, 217314.739971 ], [ 688977.738864999962971, 217229.829367 ], [ 690812.980084000038914, 215087.239979 ], [ 689230.128027, 184329.109017999988282 ], [ 687134.357899000053294, 177695.04542 ], [ 687015.680242000031285, 177409.130634 ], [ 682851.51033700001426, 175455.429991000011796 ], [ 682494.429855, 175305.250345 ], [ 679366.980190000031143, 174732.359875 ], [ 678915.309972999966703, 174674.470173 ], [ 677279.779924000031315, 174515.620323999988614 ], [ 676499.560079999966547, 174494.080202000011923 ] ] ] } },
{ "type": "Feature", "properties": { "TERYT": "1815", "Nazwa": "powiat ropczycko-sędziszowski" }, "geometry": { "type": "Polygon", "coordinates": [ [ [ 682500.776483000023291, 227526.945338 ], [ 681317.183599999989383, 227999.010542 ], [ 681225.390163999982178, 228082.958325000014156 ], [ 681202.593895000056364, 228105.913092 ], [ 681190.592007, 228118.673585999989882 ], [ 680775.043781999964267, 228639.745854999986477 ], [ 680108.925217999960296, 229917.38008 ], [ 676952.463591999956407, 236208.660778 ], [ 676926.515613000025041, 236266.45302799998899 ], [ 676922.827222, 236285.826349 ], [ 676567.781767999986187, 239037.758343 ], [ 676562.888405999983661, 239118.996148 ], [ 676567.848165999981575, 239158.263149 ], [ 676569.243626000010408, 239169.301100000011502 ], [ 679211.997494000010192, 258292.764783 ], [ 679232.169425999978557, 258371.105312 ], [ 685658.153765000053681, 263455.307989 ], [ 699623.821097000036389, 259532.238206999987597 ], [ 699641.042396, 259522.257377 ], [ 699776.670529, 259414.775195 ], [ 699795.536975000053644, 259397.127755 ], [ 699863.395438999985345, 259329.794865 ], [ 699887.971188999945298, 259298.438833 ], [ 700146.959838, 258963.950953 ], [ 700291.503795000026003, 258697.467039000010118 ], [ 700320.589638, 258633.31454 ], [ 700324.519943000050262, 258618.427373000013176 ], [ 701827.493073, 250407.219419 ], [ 701841.488739000051282, 250326.478425999986939 ], [ 701880.975493, 250094.311322 ], [ 702017.917646000045352, 244229.540635000012117 ], [ 701115.149718999979086, 241706.655789999989793 ], [ 701074.010358000057749, 241591.973254000011366 ], [ 701031.137459, 241497.577941 ], [ 700569.831693000043742, 240554.497864 ], [ 698939.19062699994538, 238420.893029 ], [ 698875.606629000045359, 238364.532035000011092 ], [ 691744.668092999956571, 232071.401623000012478 ], [ 682500.776483000023291, 227526.945338 ] ] ] } },
{ "type": "Feature", "properties": { "TERYT": "1819", "Nazwa": "powiat strzyżowski" }, "geometry": { "type": "Polygon", "coordinates": [ [ [ 684796.966666999971494, 216262.465322 ], [ 684254.486534000025131, 216298.073409 ], [ 684211.986378, 216322.252818 ], [ 684209.426700999960303, 216323.715208999987226 ], [ 678069.469323000055738, 222188.184734999987995 ], [ 678039.453426999971271, 222457.312778 ], [ 677994.540721999946982, 222917.293421999987913 ], [ 677989.604109999956563, 222977.85837 ], [ 678008.37332300003618, 223542.900092 ], [ 678009.005822999984957, 223551.418505999987246 ], [ 678455.182447000057437, 225751.649401 ], [ 678663.323736, 226508.921757 ], [ 678666.739199999952689, 226512.80002 ], [ 684423.237005, 230528.244081000011647 ], [ 692928.133245000033639, 236316.413154999987455 ], [ 692950.746894999989308, 236331.010366 ], [ 693302.354794000042602, 236542.286327 ], [ 695648.719930000021122, 237203.34922900001402 ], [ 698357.999910000013188, 237552.471327 ], [ 698386.515830000047572, 237555.8247820000106 ], [ 699188.89954100002069, 237620.985048 ], [ 700155.125975999981165, 237688.386948 ], [ 700231.234165000030771, 237684.510748 ], [ 700321.566934, 237677.546024999988731 ], [ 700996.172734000021592, 237616.294601 ], [ 703614.487943000043742, 237231.668245999986539 ], [ 707634.938126, 236245.448331 ], [ 709063.411432, 235388.73427799998899 ], [ 716999.434768000035547, 223902.468571 ], [ 717007.483767000027001, 223889.480126 ], [ 717102.121612000046298, 223721.095913 ], [ 717172.780823, 223588.398897 ], [ 717204.02569699997548, 223514.694521 ], [ 717210.527615000028163, 223486.960728 ], [ 717269.073981, 220091.44604 ], [ 709493.413210000027902, 216842.260277 ], [ 708324.843, 216657.286009 ], [ 702342.844789, 216442.284797 ], [ 684796.966666999971494, 216262.465322 ] ] ] } },
{ "type": "Feature", "properties": { "TERYT": "1806", "Nazwa": "powiat kolbuszowski" }, "geometry": { "type": "Polygon", "coordinates": [ [ [ 700482.958786000031978, 257456.776577999989968 ], [ 700457.322047999943607, 257458.689437 ], [ 695898.677460000035353, 258102.712151000014273 ], [ 695845.081129000056535, 258110.416431 ], [ 695756.390799000044353, 258128.502064 ], [ 686954.763473000028171, 260333.727568 ], [ 683743.784524000016972, 264893.705612000019755 ], [ 680262.384715000051074, 271755.273606 ], [ 680244.818036000011489, 271816.139214000024367 ], [ 680242.292647000052966, 271824.892245 ], [ 680126.299367, 272674.276655 ], [ 680169.819097000057809, 272794.330492999986745 ], [ 684660.499505999963731, 283203.749136 ], [ 689903.236902000033297, 290186.791657000023406 ], [ 703270.435401999973692, 294496.367802000022493 ], [ 703823.127697000047192, 294165.621437 ], [ 703933.746677999966778, 294048.07749 ], [ 704353.999659999972209, 293600.147535 ], [ 704446.173482000012882, 293500.090382000023965 ], [ 719667.86445, 275714.263543999986723 ], [ 719710.766009000013582, 275604.848353 ], [ 719885.274085000040941, 275140.347802 ], [ 720508.058701999951154, 272687.966147000028286 ], [ 720577.886782999965362, 271916.670682 ], [ 720488.183644999982789, 271630.38704 ], [ 720397.778219999978319, 271411.161648 ], [ 720357.165733000030741, 271345.72365 ], [ 717448.088163999957033, 267178.835486 ], [ 704204.149829, 257664.05220899998676 ], [ 701622.853371000033803, 257517.681418 ], [ 701417.831927999970503, 257506.562312 ], [ 700482.958786000031978, 257456.776577999989968 ] ] ] } },
{ "type": "Feature", "properties": { "TERYT": "1807", "Nazwa": "powiat krośnieński" }, "geometry": { "type": "Polygon", "coordinates": [ [ [ 713033.240062, 168432.340146 ], [ 702360.059791999985464, 169031.580679 ], [ 701733.5197090000147, 169091.710555 ], [ 701664.869818, 169107.309566999989329 ], [ 687221.900302, 177265.719663 ], [ 687200.180005999980494, 177279.960109 ], [ 687104.02041, 177344.089724 ], [ 687015.680242000031285, 177409.130634 ], [ 686155.348194999969564, 179739.044602 ], [ 685622.185713000013493, 199339.325911 ], [ 685453.919632000033744, 206048.711176000011619 ], [ 689016.868907999945804, 220616.82013 ], [ 689021.528688000049442, 220635.217692 ], [ 689026.926712000044063, 220654.424554 ], [ 689038.386752999969758, 220684.474208 ], [ 689049.588527000043541, 220701.345624999987194 ], [ 689079.215637000044808, 220736.451232 ], [ 691060.969597000046633, 222880.711651 ], [ 691226.13660800002981, 223000.549321 ], [ 705831.894021000014618, 217706.560151000012411 ], [ 705855.601526999962516, 217697.470364 ], [ 708040.082999999984168, 216844.342316 ], [ 708324.843, 216657.286009 ], [ 713993.675738999969326, 198739.900459 ], [ 714002.41466400003992, 198701.294902 ], [ 715349.321198, 180596.520421 ], [ 715320.43279899994377, 180236.749098 ], [ 714338.826052000047639, 168915.17069 ], [ 714175.939651999971829, 168672.760309 ], [ 714139.709935000049882, 168658.200032 ], [ 713216.51029899995774, 168456.33031 ], [ 713108.699723999947309, 168433.489887 ], [ 713033.240062, 168432.340146 ] ], [ [ 695199.474047836381942, 206411.278220331354532 ], [ 695716.314743953989819, 205274.228688872623025 ], [ 696336.523579295026138, 205351.754793290281668 ], [ 698274.676189736113884, 204240.547296637407271 ], [ 700522.933217847719789, 202276.552651390520623 ], [ 701866.719027753453702, 203232.707939208077732 ], [ 703074.83415492833592, 202715.867243090469856 ], [ 703585.214342344435863, 202541.433508150803391 ], [ 703527.069764031213708, 202864.458943224308314 ], [ 702490.158117445302196, 203151.95158043972333 ], [ 702047.6132713946281, 203365.148367588233668 ], [ 701708.436564567498863, 205204.778220331820194 ], [ 702083.146069252747111, 207181.693882981664501 ], [ 698775.365614100010134, 209494.555998107942287 ], [ 696746.765881838509813, 209132.767510825651698 ], [ 695351.296002320945263, 210114.764833449095022 ], [ 694834.455306203337386, 208099.086118590435944 ], [ 695247.927863097400405, 207220.456935190508375 ], [ 695199.474047836381942, 206411.278220331354532 ] ] ] } },
{ "type": "Feature", "properties": { "TERYT": "1861", "Nazwa": "powiat Krosno" }, "geometry": { "type": "Polygon", "coordinates": [ [ [ 700880.10012800002005, 201402.898993999988306 ], [ 700858.323536999989301, 201404.119524999987334 ], [ 700857.031716999947093, 201404.195254 ], [ 700777.494282, 201412.550186 ], [ 700553.237426999956369, 201441.677156 ], [ 695386.492488999967463, 204636.903335 ], [ 695249.316003000014462, 204790.996748 ], [ 694862.007607999956235, 205365.368842 ], [ 694860.388273000018671, 205370.947519 ], [ 694215.811789999948815, 208050.653182 ], [ 694336.704843000043184, 208976.575859 ], [ 694599.033367000054568, 209495.481481 ], [ 695249.600040000048466, 210665.351031 ], [ 695302.727259999956004, 210705.58413199998904 ], [ 695305.55090300005395, 210707.719141 ], [ 698728.215631, 209742.56046099998639 ], [ 698747.391488999943249, 209735.690727999986848 ], [ 699078.976751000038348, 209603.770801 ], [ 699087.758543999982066, 209599.994761 ], [ 699441.984841999947093, 209417.919662 ], [ 700849.641172999981791, 208665.88194 ], [ 700870.303509, 208653.160225 ], [ 702656.987191000021994, 207442.041955 ], [ 704048.370930999983102, 202480.124472 ], [ 704025.242613999987952, 202460.355050000012852 ], [ 703952.081933, 202397.835008 ], [ 703899.384808999951929, 202353.773914 ], [ 703844.808185999980196, 202308.141554 ], [ 703767.037917, 202243.348919999989448 ], [ 703694.257629, 202183.07045 ], [ 703632.125329999951646, 202132.365873 ], [ 700880.10012800002005, 201402.898993999988306 ] ] ] } },
{ "type": "Feature", "properties": { "TERYT": "1816", "Nazwa": "powiat rzeszowski" }, "geometry": { "type": "Polygon", "coordinates": [ [ [ 737261.140215000021271, 213787.212657 ], [ 727079.955402, 217586.061573000013595 ], [ 717703.748050000052899, 222509.873385000013513 ], [ 717643.911284000030719, 222541.814282 ], [ 697010.371471000020392, 237126.858360000012908 ], [ 696894.808119999943301, 237348.346347000013338 ], [ 698609.673205, 253392.897258000011789 ], [ 700203.195942000020295, 257562.675499 ], [ 713374.103388000046834, 277265.310658 ], [ 719401.822380000026897, 282551.828671999974176 ], [ 720453.722962000058033, 282742.973523999971803 ], [ 720458.573218, 282743.734753000026103 ], [ 720473.823419000022113, 282746.115630000014789 ], [ 720506.278109999955632, 282748.849385 ], [ 720554.244017999968491, 282741.297909000015352 ], [ 720589.446844000020064, 282735.592951999977231 ], [ 727394.396421000012197, 280998.839503999974113 ], [ 731709.158475999953225, 271361.051159999973606 ], [ 730410.861598025192507, 267501.848501432396006 ], [ 727619.921838990063407, 260679.551312679977855 ], [ 723950.352896555094048, 260317.762825397658162 ], [ 724415.509523060987704, 256441.457604515628191 ], [ 727981.710326272412203, 254580.831098492228193 ], [ 726741.292655590223148, 248740.531232363340678 ], [ 726276.136029084329493, 244450.753454587189481 ], [ 731599.595199095434509, 239747.503119917120785 ], [ 732013.067755989613943, 236181.302316705550766 ], [ 738990.417153577203862, 227601.746761153306579 ], [ 740172.21812500001397, 216366.101155999989714 ], [ 740003.408301000017673, 215328.380132 ], [ 739810.173063999973238, 214683.140336000011303 ], [ 739600.884033999987878, 214393.50922 ], [ 737261.140215000021271, 213787.212657 ] ], [ [ 707540.660794820752926, 245897.907403716497356 ], [ 711468.650085314526223, 245329.382637987146154 ], [ 711261.913806867552921, 241969.91811322272406 ], [ 713070.856243279180489, 240729.500442540447693 ], [ 713742.749148232047446, 235509.409411752654705 ], [ 714569.694262020173483, 237628.456265834829537 ], [ 715396.639375808299519, 237835.192544281861046 ], [ 715603.375654255389236, 239075.610214964137413 ], [ 716998.845533772953786, 239282.346493411168922 ], [ 717515.686229890561663, 240574.448233705188613 ], [ 719066.208318243385293, 240781.184512152220123 ], [ 720254.941919313860126, 241349.709277881600428 ], [ 720565.046336984378286, 243262.019853516714647 ], [ 718290.947274066973478, 246259.695890998846153 ], [ 718394.315413290518336, 248378.742745081020985 ], [ 716843.793324937694706, 248378.742745081020985 ], [ 712915.804034443804994, 250032.632972657360369 ], [ 710745.073110749945045, 248482.110884304536739 ], [ 709711.391718514729291, 247034.956935175228864 ], [ 707127.188237926689908, 246673.168447892909171 ], [ 705421.613940738607198, 245613.645020851836307 ], [ 706636.18957661499735, 245277.698568375402829 ], [ 707540.660794820752926, 245897.907403716497356 ] ] ] } },
{ "type": "Feature", "properties": { "TERYT": "1863", "Nazwa": "powiat Rzeszów" }, "geometry": { "type": "Polygon", "coordinates": [ [ [ 713924.928282, 233736.963234 ], [ 713364.158795999945141, 233934.441514 ], [ 713356.402635999955237, 233937.955119 ], [ 713346.755868999985978, 233944.878457000013441 ], [ 713287.745761999976821, 233992.242454 ], [ 711572.018224538303912, 236827.353186852531508 ], [ 710848.441249973722734, 239902.555328752292553 ], [ 709556.339509679703042, 241530.603521522745723 ], [ 708522.658117444487289, 243830.544619246094953 ], [ 704801.405105397687294, 244683.331767840136308 ], [ 704623.189414000022225, 245619.084807 ], [ 704616.550235999980941, 245629.839556 ], [ 704615.28560900001321, 245642.338051 ], [ 704648.822342999977991, 245710.680084 ], [ 704731.482638000044972, 245837.928982000012184 ], [ 704749.21228700003121, 245860.487847000011243 ], [ 705265.245218000025488, 246252.063303 ], [ 712497.699264000053518, 251667.46593100001337 ], [ 712606.226091000018641, 251671.893856999988202 ], [ 713273.867562999948859, 251618.298831 ], [ 719607.743399000028148, 249833.761919999989914 ], [ 720104.976547, 249183.542396 ], [ 721581.610858, 243194.384866999986116 ], [ 721586.901690999977291, 243167.139516 ], [ 721590.916702999966219, 243138.969695999985561 ], [ 721601.376832999987528, 243051.236726 ], [ 721596.844679999980144, 242958.981265 ], [ 721593.208778999978676, 242940.479463 ], [ 721518.455324999988079, 242704.456769000011263 ], [ 720931.270129999960773, 241090.703037 ], [ 720922.759915999951772, 241073.801872999989428 ], [ 720922.341265000053681, 241073.009879 ], [ 720902.589110999950208, 241036.2621 ], [ 720750.724931000033394, 240765.798856 ], [ 720716.961162999970838, 240730.866313 ], [ 713924.928282, 233736.963234 ] ] ] } },
{ "type": "Feature", "properties": { "TERYT": "1802", "Nazwa": "powiat brzozowski" }, "geometry": { "type": "Polygon", "coordinates": [ [ [ 714002.41466400003992, 198701.294902 ], [ 709029.807034999947064, 199845.679341000010027 ], [ 708121.0757750000339, 200226.980932 ], [ 705820.71595400001388, 201295.997875 ], [ 705704.107943000039086, 201695.916393 ], [ 705289.708695000037551, 213212.271571 ], [ 705475.6340870000422, 213577.002306999987923 ], [ 705486.270784999942407, 213594.079662 ], [ 705498.449824000010267, 213612.968545000010636 ], [ 708252.111822, 216621.478773 ], [ 711809.744959000032395, 220373.506331999989925 ], [ 711817.314214000012726, 220380.719647 ], [ 712876.444816999952309, 221319.225113 ], [ 712915.220602000015788, 221351.217045 ], [ 712924.144374000024982, 221358.267549999989569 ], [ 713049.00266300002113, 221453.10044 ], [ 717098.918117000022903, 223292.96479 ], [ 722561.897711000056006, 223311.64178 ], [ 722602.806288999971002, 223310.583576 ], [ 722604.698224999941885, 223310.53386200001114 ], [ 722636.350962999975309, 223309.638612999988254 ], [ 722690.217880000011064, 223297.163251 ], [ 732767.432703000027686, 218645.568024999985937 ], [ 737261.140215000021271, 213787.212657 ], [ 739986.481761, 208823.642469000013079 ], [ 739992.567140000057407, 208798.203332 ], [ 740079.338901999988593, 208426.849341 ], [ 740077.872112000011839, 208358.055842 ], [ 740065.076984000043012, 208199.307711 ], [ 739904.367478, 207368.633655000012368 ], [ 739020.439876000047661, 205448.30317 ], [ 738974.015792, 205357.778299 ], [ 738824.584458000026643, 205221.925442999985535 ], [ 734052.248105, 200911.748441 ], [ 733495.777045, 200759.974844000011217 ], [ 732338.722822000039741, 200452.052638 ], [ 720768.290361, 199032.429331 ], [ 714002.41466400003992, 198701.294902 ] ] ] } },
{ "type": "Feature", "properties": { "TERYT": "1817", "Nazwa": "powiat sanocki" }, "geometry": { "type": "Polygon", "coordinates": [ [ [ 732480.400168000021949, 150051.560248 ], [ 732416.719796000048518, 150064.030028999986826 ], [ 732290.180200999951921, 150092.54032199998619 ], [ 722927.300110999960452, 153853.310499000013806 ], [ 720907.090042000054382, 154983.910364000010304 ], [ 720570.539689, 155270.070274 ], [ 713422.799276, 170696.876278000010643 ], [ 713409.602991000050679, 170726.782886 ], [ 712902.20463099994231, 172379.612577 ], [ 712893.609825000050478, 172411.012273 ], [ 712880.888044000021182, 172464.156923 ], [ 712869.826440999982879, 172516.185319999989588 ], [ 712860.470525000011548, 172560.827328000013949 ], [ 712525.264425999950618, 174733.536098000011407 ], [ 712070.703160000033677, 178190.583080999989761 ], [ 709968.73120000003837, 196362.527837 ], [ 709967.924597, 196389.842038 ], [ 709974.652144999941811, 196658.809753999987151 ], [ 710041.822779000038281, 196900.719332 ], [ 710075.106301, 196977.562052 ], [ 710093.457767999963835, 197013.38767 ], [ 711572.620854999986477, 198728.56840300001204 ], [ 711689.884978999965824, 198835.792151 ], [ 711698.897815000033006, 198843.663590999989538 ], [ 711710.618055999977514, 198853.897708 ], [ 711746.859451, 198881.968021 ], [ 711796.414620000054128, 198914.513554 ], [ 711803.386227000039071, 198917.139399 ], [ 711808.030822, 198918.884341 ], [ 717440.462415999965742, 200936.270915 ], [ 724653.199569000047632, 203268.438896 ], [ 739894.228999000042677, 207351.894024 ], [ 739940.145303, 207325.001832 ], [ 739975.143303000018932, 207301.348877999989782 ], [ 740023.681039000046439, 207264.149518 ], [ 740104.26107, 207191.254515 ], [ 744691.334385999944061, 201799.304314 ], [ 744746.428328, 201728.062305 ], [ 744751.712518000043929, 201720.948009000014281 ], [ 747636.989774000016041, 197394.172727 ], [ 747647.50515500002075, 197312.048203000013018 ], [ 747650.879590000025928, 197285.609086999989813 ], [ 747656.585809999960475, 197205.732595 ], [ 747481.463739000027999, 192974.09175699998741 ], [ 747296.325133000034839, 192318.498617 ], [ 735719.919341000029817, 153165.663544999988517 ], [ 735039.995390000054613, 151886.623054 ], [ 735005.521948999958113, 151826.594061999989208 ], [ 734700.009918999974616, 151319.490715 ], [ 734684.319774999981746, 151296.580060999986017 ], [ 732643.859943000017665, 150118.540050000010524 ], [ 732502.32010899996385, 150053.810607 ], [ 732480.400168000021949, 150051.560248 ] ] ] } },
{ "type": "Feature", "properties": { "TERYT": "1810", "Nazwa": "powiat łańcucki" }, "geometry": { "type": "Polygon", "coordinates": [ [ [ 735101.099347000010312, 233943.115335999988019 ], [ 735056.514263, 233948.229507000010926 ], [ 732025.886687000049278, 234372.982074 ], [ 731660.530241, 234465.003867 ], [ 731637.589583999942988, 234473.743328999989899 ], [ 730304.826926999958232, 235055.39874 ], [ 725243.937764000031166, 242256.374222000013106 ], [ 724339.44760099996347, 243606.240710000012768 ], [ 724329.099523999961093, 243621.73749199998565 ], [ 724317.685856000054628, 243651.290310000011232 ], [ 723511.33632999996189, 246472.271537 ], [ 720273.780602999962866, 260541.153268 ], [ 720323.930103000020608, 260634.881829 ], [ 720329.009785, 260642.770849 ], [ 720332.693454999942333, 260647.890308 ], [ 727101.032443, 267201.398846999974921 ], [ 727150.919731999980286, 267241.889793 ], [ 727653.149821999948472, 267627.522719 ], [ 727964.038835000013933, 267837.978433999989647 ], [ 730453.088237000047229, 269399.384376999980304 ], [ 733053.962275999947451, 267368.21696 ], [ 745959.227414999972098, 256841.098604 ], [ 746217.82011800003238, 256555.671702 ], [ 746332.645602999953553, 256407.357901999988826 ], [ 746445.211942999972962, 256250.17799 ], [ 746451.45974900003057, 256238.911591000010958 ], [ 746456.921492, 256229.055327 ], [ 746470.819213, 256199.230195999989519 ], [ 746676.261196000035852, 255734.863336 ], [ 746701.713961999979801, 255673.221347000013338 ], [ 746531.419958999962546, 254796.67918 ], [ 738008.851647999952547, 236133.679476 ], [ 737057.576494000037201, 234397.820732 ], [ 735123.82863, 233946.239799 ], [ 735101.099347000010312, 233943.115335999988019 ] ] ] } },
{ "type": "Feature", "properties": { "TERYT": "1808", "Nazwa": "powiat leżajski" }, "geometry": { "type": "Polygon", "coordinates": [ [ [ 745396.972653000033461, 256288.974334 ], [ 743596.49678699998185, 256526.12031999998726 ], [ 733765.150488000013866, 265303.146711 ], [ 727675.125386000028811, 272242.348529 ], [ 726914.234713000012562, 277244.073752 ], [ 726902.049175999942236, 277599.417456 ], [ 726897.562624000012875, 277730.933901000011247 ], [ 726880.785146999987774, 278263.713537 ], [ 726876.512044999981299, 278573.996623000013642 ], [ 726886.58955200004857, 278617.328741999983322 ], [ 727144.460713000036776, 279273.508874 ], [ 731482.751621, 285409.739741 ], [ 737020.121995999943465, 286407.120543 ], [ 743001.442063000053167, 287040.925785999977961 ], [ 743749.364850000012666, 287056.991148 ], [ 743972.295552999945357, 287056.100715 ], [ 744165.149512000032701, 287042.436824999982491 ], [ 744178.018098999978974, 287041.522305 ], [ 744185.845786000019871, 287040.962494999985211 ], [ 762231.438119999947958, 283144.117480000015348 ], [ 762235.332169999950565, 283013.168018000025768 ], [ 762238.87396700005047, 282892.715119 ], [ 762240.220878000021912, 282809.186826 ], [ 762236.063202, 281897.06484 ], [ 762230.529171, 281855.128691 ], [ 762223.130538000026718, 281824.106398999982048 ], [ 757254.883250999962911, 267968.264616 ], [ 751916.584890000056475, 257010.347622 ], [ 746369.592612999957055, 256340.575929000013275 ], [ 745396.972653000033461, 256288.974334 ] ] ] } },
{ "type": "Feature", "properties": { "TERYT": "1821", "Nazwa": "powiat leski" }, "geometry": { "type": "Polygon", "coordinates": [ [ [ 755365.729632999980822, 141256.919762 ], [ 755241.95992000005208, 141261.800013 ], [ 749746.630114999949001, 142524.900105 ], [ 735127.219930000021122, 147788.589914000011049 ], [ 735043.360166999977082, 147840.280259 ], [ 732185.470471999957226, 160762.697601 ], [ 732172.658369999960996, 160821.575618 ], [ 731951.502900999970734, 162072.762923 ], [ 731785.915218999958597, 163198.312987000012072 ], [ 731691.648705000057817, 163895.062662000011187 ], [ 731588.264268000028096, 164911.40507800001069 ], [ 731603.280565000022762, 164977.802361999987625 ], [ 738723.221441, 188388.089652 ], [ 738799.117746999952942, 188544.59565 ], [ 742237.549556000041775, 192374.904852 ], [ 747504.193692, 192979.688155999989249 ], [ 750971.967729000025429, 192664.874786 ], [ 751294.523101, 192517.104564 ], [ 751623.819172000046819, 192179.06407299998682 ], [ 752859.933678, 189721.985603999986779 ], [ 755944.229794000042602, 183279.350978 ], [ 755954.038271000026725, 183258.082973000011407 ], [ 758962.240630000014789, 149312.34881 ], [ 758988.447907999972813, 143074.39079 ], [ 758950.514902999973856, 142492.920335 ], [ 758942.888140000053681, 142434.356009999988601 ], [ 758927.549280000035651, 142371.58653 ], [ 758903.846220999956131, 142325.152899 ], [ 758813.386573, 142156.388263 ], [ 758753.939764, 142105.690322 ], [ 755444.019710000022314, 141268.250226 ], [ 755365.729632999980822, 141256.919762 ] ] ] } },
{ "type": "Feature", "properties": { "TERYT": "1814", "Nazwa": "powiat przeworski" }, "geometry": { "type": "Polygon", "coordinates": [ [ [ 734652.240008000051603, 227951.692403 ], [ 734647.925169999944046, 227956.12429 ], [ 733162.895922999945469, 229899.017216999985976 ], [ 733040.548879, 230065.10877 ], [ 733039.601100999978371, 230066.548331 ], [ 732472.274924000026658, 230936.28475 ], [ 731961.921796999988146, 232778.639281000010669 ], [ 731951.624407000024803, 232952.201651999988826 ], [ 731944.921254000044428, 233111.884417 ], [ 731943.246691999956965, 233158.038414 ], [ 732025.886687000049278, 234372.982074 ], [ 741520.906158, 252973.038695 ], [ 755609.456210999982432, 273434.000329 ], [ 755882.20513400004711, 273789.058788999973331 ], [ 758988.186910000047646, 276987.506216 ], [ 759108.325239000027068, 277098.549928999971598 ], [ 759397.19850099994801, 277324.017119999974966 ], [ 759405.239904999965802, 277326.072007999988273 ], [ 759421.77275100001134, 277326.602708 ], [ 771464.361342999967746, 277521.040251000027638 ], [ 771666.030454, 277523.211140999977943 ], [ 771848.033810999942943, 277521.310447999974713 ], [ 772030.706313999951817, 277516.78002 ], [ 772127.454750000033528, 277501.264604999974836 ], [ 772137.65780399995856, 277499.51538 ], [ 772924.781595999957062, 277290.926856999984011 ], [ 773471.88375499995891, 277109.075252 ], [ 773449.27329100004863, 276783.69504700001562 ], [ 773445.32319699996151, 276726.929552000015974 ], [ 773254.746179, 273992.182986999978311 ], [ 768797.745849000057206, 259693.960711 ], [ 755569.367708, 238920.343204 ], [ 755312.717508999980055, 238671.414488999987952 ], [ 745455.170794000034221, 230149.318659999989904 ], [ 737422.564164999988861, 228051.081596 ], [ 736287.262931999983266, 227971.121433 ], [ 734652.240008000051603, 227951.692403 ] ] ] } },
{ "type": "Feature", "properties": { "TERYT": "1813", "Nazwa": "powiat przemyski" }, "geometry": { "type": "Polygon", "coordinates": [ [ [ 766392.653037999989465, 196043.069595999986632 ], [ 765835.445935359341092, 196224.671125288325129 ], [ 760201.882347677485086, 197981.929492088180268 ], [ 759142.358920636354014, 200100.9763461703551 ], [ 758031.151423983508721, 205204.778220331703778 ], [ 755731.210326260188594, 205023.88397669052938 ], [ 755602.000152230728418, 201573.97233010554919 ], [ 750640.329469501739368, 196819.037925823562546 ], [ 748851.887373000034131, 196959.393571 ], [ 748599.626089000026695, 196999.264124999986961 ], [ 747621.2491849999642, 197381.329590999986976 ], [ 747155.884566999971867, 197608.650474 ], [ 746924.227694, 197737.541214 ], [ 746915.049504, 197743.39452 ], [ 746909.082737999968231, 197747.207119 ], [ 746901.640820999979042, 197751.962563999986742 ], [ 744246.961088999989443, 199466.524117 ], [ 734487.505082000046968, 209786.783873999986099 ], [ 734490.502256999956444, 209835.00307 ], [ 736845.424891000031494, 227752.603467999986606 ], [ 736902.179335, 227926.285419 ], [ 736951.205562000046484, 228046.479334 ], [ 737926.003418999956921, 228746.137177 ], [ 739418.266355999978259, 229460.220952 ], [ 739852.543535999953747, 229637.233425000013085 ], [ 746841.550353037309833, 230943.444886988523649 ], [ 749890.910460131126456, 227299.71797935932409 ], [ 758005.309389177593403, 226317.720656735880766 ], [ 762010.824784088996239, 231563.653722329618176 ], [ 767256.757849682704546, 235724.2213260763383 ], [ 771960.008184353006072, 235362.432838794018608 ], [ 777903.676189705496654, 233605.174471994163468 ], [ 780487.879670293536037, 237533.163762487965869 ], [ 783842.052302, 238848.856368 ], [ 784360.328927999944426, 238882.645239 ], [ 785364.533699000021443, 238945.031537 ], [ 789350.580422000028193, 238128.253215 ], [ 793624.636812999960966, 237082.751255999988643 ], [ 784964.860009000054561, 222792.739968999987468 ], [ 766392.653037999989465, 196043.069595999986632 ] ], [ [ 767773.598545800428838, 217169.640335454314481 ], [ 768174.150085291592404, 216355.616239069087896 ], [ 768548.859589976840653, 217117.956265842542052 ], [ 769556.698947406141087, 217195.482370260200696 ], [ 771843.719027726561762, 216110.116908413212514 ], [ 774363.317421299871057, 217285.929492080758791 ], [ 775073.973378461552784, 218668.478354195365682 ], [ 775461.603900549933314, 218862.293615239381324 ], [ 776650.337501620408148, 218565.110214971762616 ], [ 776714.942588635138236, 219999.343146698112832 ], [ 775655.419161594007164, 220865.051312695082743 ], [ 773497.609255303046666, 220529.104860218649264 ], [ 772489.769897873629816, 221782.443548303912394 ], [ 772916.163472170708701, 222415.57340104796458 ], [ 772011.692253964836709, 222686.914766509697074 ], [ 770331.959991582669318, 222170.074070392118301 ], [ 768574.701624782755971, 223229.597497433191165 ], [ 768923.569094662205316, 221859.969652721541934 ], [ 768355.044328932650387, 220270.684512159903534 ], [ 768755.595868423813954, 219728.001781236409442 ], [ 768768.516885826713406, 218668.478354195307475 ], [ 769104.463338303263299, 218668.478354195307475 ], [ 769246.594529735506512, 217957.822397033625748 ], [ 767773.598545800428838, 217169.640335454314481 ] ] ] } },
{ "type": "Feature", "properties": { "TERYT": "1804", "Nazwa": "powiat jarosławski" }, "geometry": { "type": "Polygon", "coordinates": [ [ [ 754712.70470700005535, 225047.382986999989953 ], [ 751292.59329600003548, 225376.887722000014037 ], [ 751289.899556000018492, 225377.159504999988712 ], [ 748682.039515999960713, 225703.857544 ], [ 748506.814405999961309, 225726.473686000012094 ], [ 748161.266441000043415, 225809.026251 ], [ 748094.242960999952629, 225908.395748999988427 ], [ 745455.170794000034221, 230149.318659999989904 ], [ 744911.905741999973543, 231173.227472 ], [ 744909.977495, 231179.28253 ], [ 744805.175168000045232, 231912.869367 ], [ 744906.946725000045262, 232265.311075 ], [ 756039.497026999946684, 257786.400456 ], [ 756056.388852, 257819.808809 ], [ 756100.729331, 257880.767334 ], [ 756111.686265000025742, 257892.698748 ], [ 756144.457359, 257927.853343 ], [ 756170.970848000026308, 257955.903558 ], [ 756195.714632999966852, 257979.544215 ], [ 756227.808002999983728, 258009.121586 ], [ 756245.446227999986149, 258024.848502999986522 ], [ 757252.300720000057481, 258840.116367 ], [ 765840.774896000046283, 265052.323532 ], [ 769948.996192, 267498.404601000016555 ], [ 781455.863362999982201, 263694.85244300001068 ], [ 797638.863907000049949, 243189.098413 ], [ 797677.481519000022672, 243103.802886 ], [ 797420.750014, 242721.249671 ], [ 797220.21019300003536, 242422.72957 ], [ 796933.879856999963522, 241996.67000400001416 ], [ 793624.636812999960966, 237082.751255999988643 ], [ 793011.850697000045329, 236771.770907 ], [ 788860.698947398690507, 235827.589465299941367 ], [ 786689.968023704714142, 236706.218648699868936 ], [ 779564.994032999966294, 231757.235988 ], [ 775492.291316881775856, 230980.592812022048747 ], [ 769135.150754635338672, 231755.853856198460562 ], [ 759108.441249953815714, 225321.187189534219215 ], [ 758152.316800000029616, 225080.953524000011384 ], [ 757296.159952000016347, 225050.437635999987833 ], [ 754712.70470700005535, 225047.382986999989953 ] ] ] } },
{ "type": "Feature", "properties": { "TERYT": "1801", "Nazwa": "powiat bieszczadzki" }, "geometry": { "type": "Polygon", "coordinates": [ [ [ 781259.070339999976568, 133223.349644 ], [ 768979.010292000020854, 136689.530487999989418 ], [ 768859.019664000021294, 136728.010007 ], [ 768450.900296999956481, 136922.809724 ], [ 758922.8702, 141922.619638 ], [ 758753.939764, 142105.690322 ], [ 753523.099417999968864, 152246.801745 ], [ 750988.007008000044152, 158927.640865 ], [ 750938.35456999996677, 159162.678584999986924 ], [ 745372.054811, 194883.827675 ], [ 745371.291334999958053, 194926.451459 ], [ 745496.071630000020377, 195325.19737099998747 ], [ 754378.185197000042535, 205629.816778999986127 ], [ 757421.784086999949068, 206437.065103 ], [ 758195.672619999968447, 206579.9848 ], [ 758505.396964999963529, 206454.905791 ], [ 758531.146458999952301, 206439.11246 ], [ 758534.40119100001175, 206435.991539 ], [ 758547.121326999971643, 206423.790052 ], [ 766260.470096, 196719.061128 ], [ 784070.336460000020452, 143634.38810400001239 ], [ 784606.751031999941915, 135093.397539 ], [ 784608.310289000044577, 134990.196010000014212 ], [ 784490.884731999947689, 134030.411992999986978 ], [ 784486.781157, 134008.136184 ], [ 784479.840097, 133982.977915 ], [ 784458.255989999976009, 133951.248797 ], [ 784334.508037999970838, 133871.855756 ], [ 784298.703728000051342, 133858.586668 ], [ 783254.17972000001464, 133493.860204 ], [ 782771.899799, 133353.640076000010595 ], [ 782179.980229999986477, 133232.30005 ], [ 781259.070339999976568, 133223.349644 ] ] ] } },
{ "type": "Feature", "properties": { "TERYT": "1862", "Nazwa": "powiat Przemyśl" }, "geometry": { "type": "Polygon", "coordinates": [ [ [ 771882.067526999977417, 215616.67116 ], [ 768169.656479, 215692.247773000010056 ], [ 768043.179308000020683, 215726.447898000013083 ], [ 767718.343998000025749, 216098.564825999987079 ], [ 767318.287404999951832, 216893.653751 ], [ 767314.947305000037886, 216903.895647 ], [ 767317.135210999986157, 216988.251265 ], [ 767321.170114999986254, 217126.938610000011977 ], [ 767326.353267999948002, 217231.150379 ], [ 767936.99219300004188, 223254.468656000011833 ], [ 768052.621112999971956, 223688.51756 ], [ 768062.516101000015624, 223700.796746 ], [ 772708.768392, 223011.307557 ], [ 772723.997952, 223008.715779 ], [ 772837.351753999944776, 222983.668256 ], [ 772867.209757999982685, 222976.98238 ], [ 773067.27066499995999, 222922.861879 ], [ 773691.762582, 222578.03665 ], [ 777382.870466000051238, 220314.6827 ], [ 777421.364259999943897, 220070.125443 ], [ 777424.264331000042148, 220048.61531 ], [ 777426.254049999988638, 220033.821349 ], [ 777428.60774600005243, 220016.284548 ], [ 776771.953753, 218265.20095999998739 ], [ 774812.913737999973819, 216899.008815 ], [ 774511.213032, 216706.101987 ], [ 771882.067526999977417, 215616.67116 ] ] ] } },
{ "type": "Feature", "properties": { "TERYT": "1809", "Nazwa": "powiat lubaczowski" }, "geometry": { "type": "Polygon", "coordinates": [ [ [ 791991.107307999976911, 243006.089148 ], [ 789874.288299, 243350.770999 ], [ 789851.563319999957457, 243357.149576 ], [ 787050.686827, 244358.94008 ], [ 770873.553748999955133, 267152.441631999972742 ], [ 772467.950655000051484, 273827.168668000027537 ], [ 773471.88375499995891, 277109.075252 ], [ 796873.663042000029236, 289268.252679000026546 ], [ 797100.797938999952748, 289365.475617000018246 ], [ 809518.89596, 291681.793507999973372 ], [ 811115.641147000016645, 291379.322401000012178 ], [ 811641.957338999956846, 291232.92346700001508 ], [ 821784.035977000021376, 279584.667879000015091 ], [ 824070.795594000024721, 274856.821524999977555 ], [ 797677.481519000022672, 243103.802886 ], [ 791991.107307999976911, 243006.089148 ] ] ] } },
{ "type": "Feature", "properties": { "TERYT": "2814", "Nazwa": "powiat olsztyński" }, "geometry": { "type": "Polygon", "coordinates": [ [ [ 585990.253562, 621749.651236 ], [ 583784.437146999989636, 622464.980227999971248 ], [ 582682.754973000031896, 623178.971660000039265 ], [ 581835.479393000015989, 623733.675801999983378 ], [ 577508.205003999988548, 631946.373224999988452 ], [ 573786.632217, 639492.45158899994567 ], [ 573506.223159000044689, 640229.257186 ], [ 572665.988515999983065, 672721.915144999977201 ], [ 573086.358198, 675100.310518000042066 ], [ 573920.320316000026651, 677305.466449999948964 ], [ 576004.574692000052892, 681207.876272000023164 ], [ 588925.672620999976061, 693565.915189999970607 ], [ 589648.322881, 694136.594541999977082 ], [ 634292.716784000047483, 690232.154167999979109 ], [ 634315.753496999968775, 690229.454632999957539 ], [ 636309.498143999953754, 687854.65460200002417 ], [ 639311.30867199995555, 682384.537877999944612 ], [ 639315.802379, 682375.214249999960884 ], [ 639340.43594600004144, 682323.770297999959439 ], [ 639354.189298999961466, 682251.076813000021502 ], [ 639625.187774, 676980.779187 ], [ 639775.060448999982327, 661490.880887 ], [ 639774.845707, 661465.855376000050455 ], [ 638787.573709000018425, 658407.145098999957554 ], [ 638749.351785999955609, 658325.917678000056185 ], [ 638674.423577000037767, 658251.266295999987051 ], [ 605930.420969999977387, 630714.456746999989264 ], [ 597399.646354999975301, 625371.234882000018843 ], [ 597392.933517999947071, 625367.466369000030681 ], [ 597255.612427999963984, 625309.329829000052996 ], [ 589604.619703999953344, 622760.60104700003285 ], [ 585990.253562, 621749.651236 ] ], [ [ 591245.279528282349929, 658567.834195225848816 ], [ 592354.770247930195183, 658254.900915325153619 ], [ 593691.84880750591401, 655637.640756155713461 ], [ 594744.442567171878181, 655808.331636101473123 ], [ 598158.26016608858481, 653048.829076977213845 ], [ 599978.962885510874912, 653589.350196805666201 ], [ 600462.587045357329771, 654613.495476480689831 ], [ 601060.005125167779624, 655154.016596309142187 ], [ 600405.690085375448689, 656519.543635875801556 ], [ 601060.005125167779624, 657685.931315505644307 ], [ 601913.459524896927178, 657458.343475577887148 ], [ 602453.980644725379534, 659791.118834837689064 ], [ 601885.011044905986637, 661185.094354395288974 ], [ 600604.829445312265307, 661526.476114286924712 ], [ 597703.084486233070493, 662920.451633844641037 ], [ 596024.624166765715927, 661697.166994232800789 ], [ 594545.303207235061564, 663119.590993781457655 ], [ 593435.81248758721631, 662180.791154079372063 ], [ 592497.012647885130718, 661298.888274359167553 ], [ 591501.315848201047629, 661014.403474449412897 ], [ 592098.733928011497483, 659961.809714783448726 ], [ 591245.279528282349929, 658567.834195225848816 ] ] ] } },
{ "type": "Feature", "properties": { "TERYT": "2811", "Nazwa": "powiat nidzicki" }, "geometry": { "type": "Polygon", "coordinates": [ [ [ 594201.681374000036158, 595254.681073999963701 ], [ 589177.366034999955446, 595343.420787999988534 ], [ 583482.180400999961421, 597628.51153100002557 ], [ 583238.477829999988899, 597730.56482099997811 ], [ 578567.061773999943398, 607904.475221000029705 ], [ 578705.875211999984458, 621991.428808000055142 ], [ 578713.575274999951944, 622008.13169900001958 ], [ 578766.26390000001993, 622117.250053000054322 ], [ 578782.393540999968536, 622149.215417 ], [ 580280.587589, 623348.982076999964193 ], [ 580939.228058999986388, 623833.556475 ], [ 581308.934273, 624086.426388000021689 ], [ 599379.340455999947153, 630336.503868 ], [ 600129.747605000040494, 630590.477796999970451 ], [ 605930.420969999977387, 630714.456746999989264 ], [ 606268.260630000033416, 630550.200462999986485 ], [ 616313.271994999959134, 618609.913879 ], [ 620957.326442, 609190.641656000050716 ], [ 620068.800249999971129, 607663.469239 ], [ 620064.716136, 607656.475204000016674 ], [ 619329.401975000044331, 606422.624144 ], [ 610531.250293000019155, 599759.994425000040792 ], [ 606474.926880000042729, 597763.794394999975339 ], [ 603759.504159, 596599.197033999953419 ], [ 594201.681374000036158, 595254.681073999963701 ] ] ] } },
{ "type": "Feature", "properties": { "TERYT": "1402", "Nazwa": "powiat ciechanowski" }, "geometry": { "type": "Polygon", "coordinates": [ [ [ 602525.730328000034206, 538276.480543000041507 ], [ 594651.667133999988437, 541424.232526 ], [ 593697.968378999968991, 541817.53867000003811 ], [ 583982.385638999985531, 546910.303018999984488 ], [ 583978.873937999946065, 546912.554760999977589 ], [ 583963.348449000041001, 546922.551484000054188 ], [ 583933.234277999959886, 546941.970594999962486 ], [ 582211.246402999968268, 548302.685643999953754 ], [ 582132.651693, 548374.935418999986723 ], [ 582063.285818999982439, 548449.312434999970719 ], [ 582059.928269000025466, 548454.287576999980956 ], [ 581958.692967999959365, 548604.343508000019938 ], [ 581664.158857999951579, 550080.670601999969222 ], [ 581825.926476, 551579.088456999976188 ], [ 606344.675090000033379, 582274.64752 ], [ 608479.771594000048935, 583390.42090799997095 ], [ 608561.162671, 583387.944608 ], [ 608628.71073399996385, 583374.522208999958821 ], [ 611372.499117000028491, 582181.015053999959491 ], [ 620881.412018000031821, 569804.869359 ], [ 630763.395666999975219, 551132.935391 ], [ 630774.688669999944977, 550778.758318 ], [ 630213.3234, 546446.357192000024952 ], [ 630207.974411000031978, 546434.458294000010937 ], [ 630193.88962100003846, 546411.247175000025891 ], [ 630181.921095, 546392.514659999986179 ], [ 630046.037238999968395, 546200.012617000029422 ], [ 628880.473039999953471, 545132.842014999943785 ], [ 620329.521181000047363, 540119.164543000049889 ], [ 617689.231590999988839, 538858.485890000010841 ], [ 615656.953376000048593, 538450.610773000051267 ], [ 602525.730328000034206, 538276.480543000041507 ] ] ] } },
{ "type": "Feature", "properties": { "TERYT": "2801", "Nazwa": "powiat bartoszycki" }, "geometry": { "type": "Polygon", "coordinates": [ [ [ 620771.793697000015527, 685840.809652999974787 ], [ 620121.897393999970518, 685868.662779 ], [ 619963.663050999981351, 685879.349958 ], [ 619881.393912, 685896.444701 ], [ 619856.866463999962434, 685903.120668999967165 ], [ 619639.179992, 685968.495965 ], [ 619583.228170000016689, 685989.523678999976255 ], [ 618482.685608000028878, 686414.488321000011638 ], [ 618417.448036000016145, 686442.473389000049792 ], [ 618379.023824000032619, 686458.976463000057265 ], [ 618371.022961999988183, 686462.540176999988034 ], [ 617520.387805999955162, 686982.73982400004752 ], [ 617365.745273999986239, 687077.593141000019386 ], [ 591830.153553999960423, 705842.167143999948166 ], [ 582084.112916999962181, 713047.782389999949373 ], [ 582210.400650999974459, 720253.632828 ], [ 585249.155161999980919, 727218.310313 ], [ 585278.213054000050761, 727238.302275000023656 ], [ 585296.979697, 727251.21074300003238 ], [ 585961.849786999984644, 727208.010006000055 ], [ 586443.310233999975026, 727163.089814999955706 ], [ 630372.600000999984331, 722915.220452000037767 ], [ 636378.25990099995397, 722324.419872 ], [ 642772.510013, 721521.830203 ], [ 643403.389797999989241, 721422.840277999988757 ], [ 643907.15972, 721341.840718999970704 ], [ 644330.419852999970317, 721240.250675000017509 ], [ 644181.073819000041112, 718753.185000999947079 ], [ 638009.661160000017844, 693816.476765000028536 ], [ 636309.498143999953754, 687854.65460200002417 ], [ 635075.675987, 687026.030323000042699 ], [ 634646.147366, 686954.521073000039905 ], [ 634613.832711, 686950.797455 ], [ 620771.793697000015527, 685840.809652999974787 ] ] ] } },
{ "type": "Feature", "properties": { "TERYT": "1432", "Nazwa": "powiat warszawski zachodni" }, "geometry": { "type": "Polygon", "coordinates": [ [ [ 609193.44858700002078, 478001.657310999988113 ], [ 609031.773301, 478006.087748 ], [ 608072.217897000024095, 478107.234038 ], [ 607992.315326999989338, 478120.70966 ], [ 607210.427444000029936, 478277.52843499998562 ], [ 607013.751018999959342, 478321.359904000011738 ], [ 606600.779849000042304, 478418.744106 ], [ 605636.776455000042915, 478787.633166000014171 ], [ 601489.982104000053369, 480786.431973 ], [ 591382.637572000036016, 486748.780547 ], [ 590813.168542, 487211.060264999978244 ], [ 589497.607597999973223, 491371.875676000025123 ], [ 589695.785629000049084, 491739.947916999983136 ], [ 594535.39967399998568, 496314.244694 ], [ 595595.840516000054777, 496801.883339 ], [ 595691.920152000035159, 496837.554248999978881 ], [ 595836.853190000052564, 496879.334189000015613 ], [ 623878.202198000042699, 502995.422185999981593 ], [ 626989.359428999945521, 503119.441386000020429 ], [ 627659.619656999944709, 503142.990223 ], [ 628323.23404400004074, 502973.38194 ], [ 629083.99401200003922, 502653.445955 ], [ 629780.830237000016496, 502077.789295999973547 ], [ 629871.642450000043027, 501903.32629 ], [ 630153.02087, 501346.177391999983229 ], [ 631023.241837, 499220.736726999981329 ], [ 631035.506856999942102, 499190.526789000025019 ], [ 631047.2667440000223, 499160.123237000021618 ], [ 631058.483285999973305, 499129.503939000016544 ], [ 631069.183983, 499098.710648 ], [ 631079.360208000056446, 499067.733224000025075 ], [ 631088.980770000023767, 499036.589747000019997 ], [ 631098.08592400001362, 499005.282385999977123 ], [ 631106.64506, 498973.830333 ], [ 631114.659201, 498942.222408999979962 ], [ 631122.135588999954052, 498910.490120999980718 ], [ 631129.066192000056617, 498878.633154999988619 ], [ 631135.449967999942601, 498846.660383999987971 ], [ 631141.276178000029176, 498814.592634 ], [ 631146.556272999965586, 498782.409196999971755 ], [ 631151.277511999942362, 498750.150754 ], [ 631155.46080899995286, 498717.827968000026885 ], [ 631159.067151000024751, 498685.418588 ], [ 631162.134559000027366, 498652.953640999970958 ], [ 631164.632506, 498620.453625999973156 ], [ 631166.57215499994345, 498587.908635 ], [ 631167.952987, 498555.337665 ], [ 631168.783579000039026, 498522.752049 ], [ 631169.044837999972515, 498490.15018 ], [ 631168.756209000013769, 498457.542582000023685 ], [ 631167.897131999954581, 498424.959825000027195 ], [ 631142.739096999983303, 497683.657064999977592 ], [ 629225.286952, 487651.280424 ], [ 629171.577767999959178, 487437.984820000012405 ], [ 629148.652252999949269, 487346.946071000013035 ], [ 629070.325114, 487036.51584800001001 ], [ 629068.657011999981478, 487029.919405 ], [ 629007.735475, 486789.167488 ], [ 629005.905172000057064, 486781.947213999985252 ], [ 627795.602263999986462, 484181.017341999977361 ], [ 626627.198649000027217, 482858.875481 ], [ 626588.142691000015475, 482836.31874900002731 ], [ 624140.560696, 482117.154278 ], [ 609658.653920999960974, 478037.753057 ], [ 609193.44858700002078, 478001.657310999988113 ] ] ] } },
{ "type": "Feature", "properties": { "TERYT": "1414", "Nazwa": "powiat nowodworski" }, "geometry": { "type": "Polygon", "coordinates": [ [ [ 600324.863858000026084, 492027.183052 ], [ 600263.220883999951184, 492028.320209000026807 ], [ 600188.508615000057034, 492038.904640999971889 ], [ 598130.948959999950603, 492334.780088 ], [ 597473.190779000055045, 493419.203048 ], [ 595115.567638, 501655.496205999981612 ], [ 595582.015092000016011, 502973.700673000013921 ], [ 608705.127675, 523489.557222999981605 ], [ 609638.541081, 524409.178819000022486 ], [ 612121.399320999975316, 526800.767467999947257 ], [ 616975.359806000022218, 531019.124101000023074 ], [ 618720.379803000018001, 532322.465838999953121 ], [ 620647.256123000057414, 532665.711080000037327 ], [ 620793.549404000048526, 532689.411031999974512 ], [ 620910.188680000021122, 532703.947479999973439 ], [ 625862.674077, 531902.10974400001578 ], [ 629269.146455000038259, 526405.404713000054471 ], [ 630820.854284, 523264.766405 ], [ 630826.280847999965772, 523216.557707 ], [ 630648.83562999998685, 521678.527612 ], [ 630636.490371000021696, 521588.395455 ], [ 630546.736917000031099, 521050.67898199998308 ], [ 630486.656336999963969, 520801.725019 ], [ 624238.941817000042647, 499964.531961 ], [ 623970.326054999954067, 499355.117915 ], [ 620063.422937999945134, 496696.308277999982238 ], [ 602591.87046999996528, 492411.531780000019353 ], [ 600324.863858000026084, 492027.183052 ] ] ] } },
{ "type": "Feature", "properties": { "TERYT": "2817", "Nazwa": "powiat szczycieński" }, "geometry": { "type": "Polygon", "coordinates": [ [ [ 623163.931514999945648, 604605.383944 ], [ 623155.964216999942437, 604605.670761000015773 ], [ 623125.633511999971233, 604610.031443999963813 ], [ 619740.193041000049561, 606037.819146999972872 ], [ 619715.377818000037223, 606049.853761999984272 ], [ 619443.576336, 606265.460308999987319 ], [ 619373.280529999989085, 606355.796452000038698 ], [ 605903.771878, 624544.947277000057511 ], [ 605895.64712600002531, 624570.807006999966688 ], [ 605766.946729999966919, 625796.280807 ], [ 605240.155849999981001, 632875.780324000050314 ], [ 607252.087456000037491, 640048.254326 ], [ 612893.831025999970734, 646823.77683500002604 ], [ 625734.66638900001999, 658880.001760000013746 ], [ 625808.595991999958642, 658893.053877 ], [ 626994.523994000046514, 659098.769123999984004 ], [ 635149.397711000056006, 660459.892066000029445 ], [ 638674.423577000037767, 658251.266295999987051 ], [ 660046.456504, 644211.436588000040501 ], [ 669138.76335200003814, 627579.044726999942213 ], [ 669188.833037000033073, 627303.130947 ], [ 669232.78996800002642, 627032.975773000041954 ], [ 669261.222313, 626851.644542000023648 ], [ 669279.976359999971464, 626712.245692000025883 ], [ 661874.062845999957062, 621435.338723000022583 ], [ 636847.940839000046253, 609688.779130000039004 ], [ 623344.187044000020251, 604644.538649 ], [ 623187.456524000037462, 604608.39280399994459 ], [ 623163.931514999945648, 604605.383944 ] ] ] } },
{ "type": "Feature", "properties": { "TERYT": "1422", "Nazwa": "powiat przasnyski" }, "geometry": { "type": "Polygon", "coordinates": [ [ [ 627331.333453999948688, 557073.112577000050806 ], [ 627282.059686, 557080.490557000041008 ], [ 625692.966758999973536, 557430.595581999979913 ], [ 625269.363122, 557667.002033 ], [ 625241.921208000043407, 557683.99758299998939 ], [ 625221.098964, 557697.046973000047728 ], [ 625208.184484999976121, 557706.216606999980286 ], [ 625181.757079, 557728.769826999981888 ], [ 624989.586459000012837, 557905.822430999949574 ], [ 624541.240308, 558360.397310000029393 ], [ 614018.765177999972366, 570507.734422 ], [ 613504.948556000017561, 571118.007146000047214 ], [ 611886.865658, 574681.183854999952018 ], [ 611449.794637999963015, 581261.593575999955647 ], [ 611652.764051, 600968.893986999988556 ], [ 611734.143853000015952, 601792.622733999975026 ], [ 611770.7021020000102, 601975.850453000050038 ], [ 612741.849215000052936, 605498.086839 ], [ 614328.744225000031292, 606590.20849700004328 ], [ 616035.782323000021279, 607287.532928999979049 ], [ 628818.803700000047684, 612265.896959000034258 ], [ 632342.345123999984935, 612732.070689999964088 ], [ 632885.675200000056066, 612604.398139999946579 ], [ 632899.984127999981865, 612597.999246999970637 ], [ 635154.663071000017226, 611502.25528799998574 ], [ 643275.967417999985628, 606477.41389700002037 ], [ 643290.204485, 606467.891918999957852 ], [ 646845.435378000023775, 603796.76652499998454 ], [ 648088.570073000038974, 587610.256879 ], [ 635550.303878, 560938.56299 ], [ 635286.978844000026584, 560578.71261000004597 ], [ 633158.205925000016578, 559256.668809999944642 ], [ 627331.333453999948688, 557073.112577000050806 ] ] ] } },
{ "type": "Feature", "properties": { "TERYT": "1424", "Nazwa": "powiat pułtuski" }, "geometry": { "type": "Polygon", "coordinates": [ [ [ 638075.868429000023752, 520660.805983999976888 ], [ 636007.515460000024177, 520699.594166999973822 ], [ 634035.276206, 520966.253848999971524 ], [ 615169.784564999979921, 528913.071162999956869 ], [ 614872.126364000025205, 529832.466780000017025 ], [ 614871.327912, 529837.103788999957033 ], [ 614864.739098, 529875.997418000013568 ], [ 614599.76431799994316, 533047.814573999959975 ], [ 614630.596359999966808, 535857.930201999959536 ], [ 616682.29160600004252, 539055.498365 ], [ 620687.745536, 544615.994073000038043 ], [ 630763.395666999975219, 551132.935391 ], [ 643633.934511000057682, 550814.914546999963932 ], [ 655521.653069, 548510.405950000043958 ], [ 656693.21402199997101, 548248.829292000038549 ], [ 656720.676975999958813, 548235.832697 ], [ 656742.889319999958389, 548221.059273 ], [ 658131.188006000011228, 544826.918608000036329 ], [ 658875.055192, 542624.199585000053048 ], [ 653737.33646400005091, 527702.076963 ], [ 651256.232926000026055, 524960.664655999979004 ], [ 639235.101586999953724, 520734.517104999977164 ], [ 638075.868429000023752, 520660.805983999976888 ] ] ] } },
{ "type": "Feature", "properties": { "TERYT": "1408", "Nazwa": "powiat legionowski" }, "geometry": { "type": "Polygon", "coordinates": [ [ [ 641833.935078999958932, 498860.859459 ], [ 630390.20151399995666, 500399.446533999987878 ], [ 623878.202198000042699, 502995.422185999981593 ], [ 618124.410511999973096, 505913.088072000013199 ], [ 618144.791730000055395, 506095.858313 ], [ 618159.165562, 506224.696845000027679 ], [ 618160.183968, 506233.783588 ], [ 618232.273103000014089, 506729.432817999972031 ], [ 619684.994428999954835, 512768.405872999981511 ], [ 619725.959355999948457, 512877.532713999971747 ], [ 620205.118625, 513374.720664999971632 ], [ 630825.166166999959387, 523210.597530999977607 ], [ 644610.881606, 524409.452350000035949 ], [ 645811.99922, 520149.539784000022337 ], [ 644067.158433999982662, 502391.651297 ], [ 644040.765173000050709, 502156.368815 ], [ 643629.522965000011027, 501265.244957000017166 ], [ 643026.368612000020221, 500200.805683000013232 ], [ 642991.928846, 500149.433389000012539 ], [ 642021.00533399998676, 498872.100612999987788 ], [ 641890.443356, 498862.731223999988288 ], [ 641833.935078999958932, 498860.859459 ] ] ] } },
{ "type": "Feature", "properties": { "TERYT": "1411", "Nazwa": "powiat makowski" }, "geometry": { "type": "Polygon", "coordinates": [ [ [ 648615.704798000049777, 545680.137484999955632 ], [ 635249.950627999962308, 546568.982058000052348 ], [ 635215.251793000032194, 546585.487904999987222 ], [ 635004.243431000038981, 546722.549339000019245 ], [ 633465.788475999957882, 547857.132361999945715 ], [ 626413.228569000028074, 553398.432009999989532 ], [ 626098.956969000049867, 553962.753201000043191 ], [ 625278.472923, 557634.66757199994754 ], [ 625272.803892, 557665.89845099998638 ], [ 634417.143371999962255, 577999.134081 ], [ 641856.628246000036597, 587984.089980000047944 ], [ 641926.78861299995333, 588055.691069000051357 ], [ 642033.672568000038154, 588061.34770100004971 ], [ 643523.133028000011109, 587921.881313 ], [ 643730.469763000030071, 587808.331878999946639 ], [ 658815.613716, 579496.040401999955066 ], [ 666310.898636, 572871.152047000010498 ], [ 667587.591693000053056, 571718.915079000056721 ], [ 667154.991521000047214, 551465.095350999967195 ], [ 667151.191379999974743, 551391.022793999989517 ], [ 667134.974643000052311, 551358.508613000041805 ], [ 665790.345166999963112, 549104.803993999958038 ], [ 665710.327891999972053, 548980.017058999976143 ], [ 664609.951246000011452, 548184.958373000030406 ], [ 664438.932796000037342, 548080.80385899997782 ], [ 649280.531555, 545727.810412000049837 ], [ 648615.704798000049777, 545680.137484999955632 ] ] ] } },
{ "type": "Feature", "properties": { "TERYT": "2808", "Nazwa": "powiat kętrzyński" }, "geometry": { "type": "Polygon", "coordinates": [ [ [ 639625.187774, 676980.779187 ], [ 638977.721437999978662, 677066.082403999986127 ], [ 638918.251429000054486, 677075.973829000024125 ], [ 638845.220448, 677088.391472000046633 ], [ 638679.846269999979995, 677213.855160000035539 ], [ 638206.819249000051059, 677652.114875999977812 ], [ 638003.607764999964274, 678041.711117999977432 ], [ 632138.868792, 697531.812400000053458 ], [ 632127.743249000050128, 697578.676993999979459 ], [ 632095.955412999959663, 697848.234662999981083 ], [ 632086.521050999988802, 697963.947086 ], [ 632080.780925999977626, 698118.383607 ], [ 632079.416666000033729, 698157.064357999945059 ], [ 632075.949774999986403, 698300.425045000039972 ], [ 632075.109566999948584, 698336.460712000029162 ], [ 632345.642818999942392, 708574.069988999981433 ], [ 633238.520463999942876, 711291.006535999942571 ], [ 633997.36471, 712473.801045999978669 ], [ 636483.794314000057057, 715364.466690000030212 ], [ 644330.419852999970317, 721240.250675000017509 ], [ 649684.069719000020996, 721269.670098999980837 ], [ 654672.190275999950245, 721158.710013999952935 ], [ 665962.050072000012733, 720903.250267999945208 ], [ 666393.992088000057265, 720623.500661000027321 ], [ 669610.04211799998302, 709329.555779000045732 ], [ 667198.095989999943413, 684485.191090999986045 ], [ 667194.903333000023849, 684459.788994999951683 ], [ 667191.865558000048622, 684435.620560999959707 ], [ 666303.697877999977209, 683063.490614 ], [ 662160.276138999965042, 680483.595573000027798 ], [ 662124.058301000040956, 680462.88047600002028 ], [ 661657.160146999987774, 680205.713580999989063 ], [ 661404.19431299995631, 680069.189600000041537 ], [ 661285.699942999985069, 680005.58784699998796 ], [ 643105.022728999960236, 677052.75650100002531 ], [ 639625.187774, 676980.779187 ] ] ] } },
{ "type": "Feature", "properties": { "TERYT": "2810", "Nazwa": "powiat mrągowski" }, "geometry": { "type": "Polygon", "coordinates": [ [ [ 654991.544986999942921, 642653.245023999945261 ], [ 654983.73014899995178, 642653.404867999954149 ], [ 654934.778060000040568, 642654.438567999983206 ], [ 652968.039727000053972, 642825.688128 ], [ 647374.97948500001803, 645545.10757500003092 ], [ 639465.832489999942482, 654216.513672000030056 ], [ 639454.358329999959096, 654244.711078000022098 ], [ 634846.359445999958552, 668848.139179000048898 ], [ 640785.426678000018001, 679358.064124000025913 ], [ 651549.481645999941975, 683586.34127700002864 ], [ 655452.310563000035472, 683914.156989000039175 ], [ 656223.647726000053808, 683887.747227999963798 ], [ 680244.740264000021853, 673186.505387000041083 ], [ 679828.443316000048071, 665724.362913000048138 ], [ 679065.901534999953583, 662451.18840900005307 ], [ 676783.640979000017978, 654177.628417000058107 ], [ 663663.659671999979764, 643644.169695000047795 ], [ 656202.994705999968573, 642663.759130000020377 ], [ 654991.544986999942921, 642653.245023999945261 ] ] ] } },
{ "type": "Feature", "properties": { "TERYT": "1415", "Nazwa": "powiat ostrołęcki" }, "geometry": { "type": "Polygon", "coordinates": [ [ [ 667917.849612000049092, 550977.05860600003507 ], [ 667914.942612000042573, 550977.308518999954686 ], [ 667528.185608000028878, 551068.239213000051677 ], [ 667507.054838999989443, 551073.591648999950849 ], [ 667440.53683999995701, 551090.553307999973185 ], [ 667424.351427000015974, 551100.043989000027068 ], [ 667409.426709000021219, 551108.79928200005088 ], [ 667369.104457000037655, 551132.459580000024289 ], [ 667316.226166, 551163.49156 ], [ 667081.458059999975376, 551304.634548999951221 ], [ 645971.053587, 585472.149734999984503 ], [ 644028.655201000045054, 590356.364966999972239 ], [ 636720.673774000024423, 609654.754137999960221 ], [ 643152.154700999963097, 615293.768603999982588 ], [ 644636.624572, 616485.787621999974363 ], [ 648800.296725000021979, 619119.0591270000441 ], [ 649456.703822999959812, 619526.261894 ], [ 649612.418698000023142, 619609.761750999954529 ], [ 649657.79915900004562, 619630.845596999977715 ], [ 650870.648836, 620193.302846999955364 ], [ 661438.896666000015102, 624735.506794000044465 ], [ 664021.8922, 625571.657041999977082 ], [ 664765.678899000049569, 625810.420793000026606 ], [ 666935.329879999975674, 626476.9605819999706 ], [ 667042.226172000053339, 626507.03406500001438 ], [ 670210.566959999967366, 627059.609987 ], [ 672341.480451000039466, 627232.305641000042669 ], [ 672742.192048000055365, 627243.163569999975152 ], [ 673332.326255999971181, 627160.347275999956764 ], [ 696863.968100999947637, 582726.417021999950521 ], [ 696867.719202999956906, 582718.521133000031114 ], [ 696871.534446, 582710.485271999961697 ], [ 696969.740773999947123, 582503.547309000045061 ], [ 698685.812937999959104, 572604.821039999951608 ], [ 698688.006079999962822, 572365.524676 ], [ 698320.412368000019342, 570984.771079999976791 ], [ 698317.067861999967135, 570973.425294999964535 ], [ 698313.06315399997402, 570963.171533999964595 ], [ 698302.828236000030302, 570943.532138 ], [ 698285.182246000040323, 570911.703638999955729 ], [ 698201.584684, 570768.99522399995476 ], [ 693538.442274000030011, 563623.757127000018954 ], [ 675027.47956999996677, 552354.563922 ], [ 673336.061422000057064, 551860.292451999965124 ], [ 668000.482379999943078, 550988.738896999973804 ], [ 667917.849612000049092, 550977.05860600003507 ] ], [ [ 677091.146691108355299, 585687.118257195688784 ], [ 676154.948482091072947, 585255.732807943131775 ], [ 675310.534411212895066, 585696.29667100997176 ], [ 673309.640199784422293, 584631.600668598432094 ], [ 671235.318677844828926, 584503.102875203941949 ], [ 670831.46847003349103, 584943.666738270781934 ], [ 670904.895780544611625, 583989.111701625981368 ], [ 670592.829710872611031, 582988.664595911628567 ], [ 669941.162330086226575, 581832.18445536121726 ], [ 670464.331917478120886, 581079.554522622027434 ], [ 670822.290056219790131, 581483.404730433248915 ], [ 672777.292198578827083, 580281.032520813401788 ], [ 673511.565303690265864, 579354.012725610285997 ], [ 674631.331788985058665, 578693.166931010084227 ], [ 675613.422067071893252, 580079.107416907674633 ], [ 676200.840551160974428, 579968.966451141051948 ], [ 676154.948482091538608, 580354.459831324522384 ], [ 675439.032204607850872, 580648.169073369004764 ], [ 674374.336202196311206, 581575.188868572004139 ], [ 674594.618133729789406, 582841.809974889154546 ], [ 675016.825169168761931, 583429.228458978235722 ], [ 678064.05855538090691, 584255.285702228546143 ], [ 677091.146691108355299, 585687.118257195688784 ] ] ] } },
{ "type": "Feature", "properties": { "TERYT": "1434", "Nazwa": "powiat wołomiński" }, "geometry": { "type": "Polygon", "coordinates": [ [ [ 649464.168518000049517, 490053.670741999987513 ], [ 649303.753449999960139, 490060.560996000014711 ], [ 648700.637191000045277, 490088.766895 ], [ 643574.916193000040948, 491861.640028 ], [ 642316.861219999962486, 494219.807654 ], [ 642168.217030000058003, 494621.673314000014216 ], [ 642020.372029999969527, 495027.890808 ], [ 641564.9861090000486, 497141.26664400001755 ], [ 640170.039926999947056, 514428.271594 ], [ 640506.446984000038356, 515617.261239000014029 ], [ 641134.471338000032119, 517802.840047999983653 ], [ 644318.625084000057541, 519080.633448 ], [ 647582.725904, 520225.117694000015035 ], [ 647796.877201, 520281.554681 ], [ 650888.582082999986596, 520976.298764 ], [ 674399.861564000020735, 524258.813948000024538 ], [ 675982.637635000050068, 523988.736482999986038 ], [ 683592.312857000040822, 519746.596394 ], [ 683630.403867000015453, 519696.974592000013217 ], [ 684427.283966999966651, 518605.20426700002281 ], [ 684984.476333, 517659.949662 ], [ 685627.93261000001803, 516465.883539 ], [ 685894.037935000029393, 515337.110823000024538 ], [ 685906.074212, 515254.64081900002202 ], [ 685909.395129999960773, 515221.767616999975871 ], [ 685910.21334899996873, 515202.327885999984574 ], [ 685914.699220999958925, 515049.788217999972403 ], [ 685914.687752999947406, 515040.086894 ], [ 685914.613842000020668, 515032.283533999987412 ], [ 685832.636933999950998, 513795.662962 ], [ 684978.818539, 507559.1703 ], [ 684288.517254999955185, 505165.234569999971427 ], [ 684248.557847999967635, 505091.958532000018749 ], [ 684159.149974999949336, 504944.653999999980442 ], [ 684089.696448000031523, 504835.215864000027068 ], [ 667233.587000000057742, 491658.552459999977145 ], [ 666882.306348999962211, 491411.21897699998226 ], [ 666669.677019000053406, 491336.649335000023711 ], [ 666497.770696999970824, 491309.540137999982107 ], [ 666448.470753, 491301.767480999988038 ], [ 649464.168518000049517, 490053.670741999987513 ] ] ] } },
{ "type": "Feature", "properties": { "TERYT": "1435", "Nazwa": "powiat wyszkowski" }, "geometry": { "type": "Polygon", "coordinates": [ [ [ 664811.365742000052705, 513547.164781 ], [ 664754.471788999973796, 513560.160375999985263 ], [ 664730.638279999955557, 513565.610261 ], [ 646513.854508999967948, 518184.667216999980155 ], [ 646506.438068000017665, 518187.781414000026416 ], [ 646252.025636999984272, 518393.73638800001936 ], [ 643727.832574, 520516.131472999986727 ], [ 643687.144380999961868, 520706.915915000019595 ], [ 643545.24148199998308, 522480.726892 ], [ 643597.713483000057749, 522595.032459 ], [ 656593.538372999988496, 549300.619908 ], [ 656706.343375000054948, 549475.786947999964468 ], [ 656804.505895999958739, 549593.83458799996879 ], [ 657006.419472999987192, 549723.588224999955855 ], [ 657115.309356000041589, 549765.899205000023358 ], [ 676230.575766999972984, 555902.735090999980457 ], [ 682280.578478000010364, 551267.826708000036888 ], [ 683238.810728000011295, 549827.409678000025451 ], [ 687460.592920999974012, 536854.098220000043511 ], [ 674786.468544999952428, 519145.153743 ], [ 671698.927660000044852, 516003.632473999983631 ], [ 671652.588426999980584, 515968.045949 ], [ 668300.084812000044622, 514116.726945 ], [ 664811.365742000052705, 513547.164781 ] ] ] } },
{ "type": "Feature", "properties": { "TERYT": "2816", "Nazwa": "powiat piski" }, "geometry": { "type": "Polygon", "coordinates": [ [ [ 689711.900396000011824, 625348.873916000011377 ], [ 669279.976359999971464, 626712.245692000025883 ], [ 664586.5645380000351, 628114.233388000051491 ], [ 662812.088018, 629953.760973999975249 ], [ 659317.709263000055216, 640751.293790000025183 ], [ 660046.456504, 644211.436588000040501 ], [ 662404.8305789999431, 653608.809067000052892 ], [ 680244.740264000021853, 673186.505387000041083 ], [ 680680.999476999975741, 673282.687598000047728 ], [ 688715.255478000035509, 674718.000099000055343 ], [ 698717.268371999962255, 672408.836069999961182 ], [ 705744.471192999975756, 667307.225863000028767 ], [ 706704.432364, 665812.048391000018455 ], [ 710371.907925999956205, 660083.160852 ], [ 711953.398567999945953, 657611.644713000045158 ], [ 718515.254184999968857, 645290.561057999962941 ], [ 711461.678762000054121, 638224.870046 ], [ 710206.883613000041805, 637232.342170999967493 ], [ 700944.069564, 630051.129324999987148 ], [ 700922.669574999948964, 630037.425169000052847 ], [ 691205.719516000011936, 625679.317577 ], [ 691186.67744700005278, 625671.431810999987647 ], [ 690086.938995999982581, 625400.416342000011355 ], [ 689872.98048100003507, 625360.906314000021666 ], [ 689711.900396000011824, 625348.873916000011377 ] ] ] } },
{ "type": "Feature", "properties": { "TERYT": "2806", "Nazwa": "powiat giżycki" }, "geometry": { "type": "Polygon", "coordinates": [ [ [ 666101.882037000032142, 668512.260144000058062 ], [ 666021.665942, 668551.911924000014551 ], [ 664175.549190000048839, 669604.347381000057794 ], [ 664171.577016999945045, 669608.295532000018284 ], [ 660010.961121, 676612.861570999957621 ], [ 659673.525634999969043, 677243.417096000048332 ], [ 659418.813895000028424, 678105.313375000027008 ], [ 659522.007914999965578, 678555.981065999949351 ], [ 667472.569585000048392, 695892.005397 ], [ 667487.205925000016578, 695913.041434000013396 ], [ 667523.783596000052057, 695943.309357000049204 ], [ 667583.113037999952212, 695979.952042000018992 ], [ 670159.831881999969482, 697541.661377000040375 ], [ 670403.770983999944292, 697687.939968000049703 ], [ 670465.46583, 697716.27956399996765 ], [ 670546.645395, 697742.069434999953955 ], [ 699127.8996, 705944.680838000029325 ], [ 705241.43998200003989, 706492.134257000056095 ], [ 705988.967503999941982, 706215.411430999985896 ], [ 710318.72492800001055, 692459.595024000038393 ], [ 710269.940137000055984, 692047.655996000044979 ], [ 707253.513913, 673228.81374200002756 ], [ 706710.568578999955207, 671295.140377999981865 ], [ 701136.947942, 670468.757417000015266 ], [ 700128.646522999973968, 670337.191121999989264 ], [ 666101.882037000032142, 668512.260144000058062 ] ] ] } },
{ "type": "Feature", "properties": { "TERYT": "2819", "Nazwa": "powiat węgorzewski" }, "geometry": { "type": "Polygon", "coordinates": [ [ [ 667557.300699000013992, 693752.658767999964766 ], [ 666316.326281000045128, 694671.803788000019267 ], [ 666287.015607999986969, 694713.80947700003162 ], [ 666121.705958000035025, 695023.964731000014581 ], [ 665956.319800999946892, 695459.139388000010513 ], [ 665356.552916000015102, 698338.655536000034772 ], [ 665107.110079, 713210.860345000051893 ], [ 665107.716365, 713236.380387000041083 ], [ 665736.149449000018649, 719277.469510999973863 ], [ 665860.218558000051416, 719848.735937000019476 ], [ 665873.026416999986395, 719870.701963 ], [ 666393.992088000057265, 720623.500661000027321 ], [ 667309.809955999953672, 720969.089584999950603 ], [ 667559.269937, 720998.969817999983206 ], [ 669954.329883, 721221.340464 ], [ 671289.079894999973476, 721344.410552000044845 ], [ 681810.480186, 722238.009611999965273 ], [ 689362.359859999967739, 722757.46003199997358 ], [ 689738.080074000055902, 722771.920060000033118 ], [ 690006.399972000042908, 722775.63986700004898 ], [ 690977.959058, 722781.046733999974094 ], [ 692992.119174, 720378.153933000052348 ], [ 697229.05599899997469, 705129.89346699998714 ], [ 697525.532022000057623, 703167.012864000047557 ], [ 697557.115988999954425, 702712.484894 ], [ 697545.417551000020467, 701424.334355000057258 ], [ 689191.068448, 695507.091855 ], [ 688779.34781499998644, 695272.664988999953493 ], [ 667557.300699000013992, 693752.658767999964766 ] ] ] } },
{ "type": "Feature", "properties": { "TERYT": "1461", "Nazwa": "powiat Ostrołęka" }, "geometry": { "type": "Polygon", "coordinates": [ [ [ 674705.262880999944173, 578503.253122000023723 ], [ 670430.327193, 580640.833339 ], [ 670225.436670999974012, 580756.495711000054143 ], [ 669908.523125999956392, 581288.835257000057027 ], [ 669802.641929000033997, 581913.895260000019334 ], [ 669969.372465000022203, 583316.347376000019722 ], [ 670530.873487, 585345.974087 ], [ 670531.233270999975502, 585347.064510000054725 ], [ 670558.439403000054881, 585428.582316000014544 ], [ 675349.476406999980099, 586213.579525999957696 ], [ 677131.471447000047192, 586016.298814999987371 ], [ 678108.060834, 584715.08329900004901 ], [ 678282.382437000051141, 584480.240827 ], [ 678463.654318999964744, 584140.477226000046358 ], [ 676329.320898000034504, 579776.796095 ], [ 674705.262880999944173, 578503.253122000023723 ] ] ] } },
{ "type": "Feature", "properties": { "TERYT": "2006", "Nazwa": "powiat kolneński" }, "geometry": { "type": "Polygon", "coordinates": [ [ [ 699167.336093000019901, 601260.516197000048123 ], [ 698114.208793999976479, 601437.995999000035226 ], [ 698110.26528299995698, 601438.815368999959901 ], [ 696805.947538999957033, 601801.950573 ], [ 676559.643867, 610626.597258999943733 ], [ 672082.961100999964401, 624881.080346000031568 ], [ 672078.650949000031687, 624901.041040000040084 ], [ 672078.505619999952614, 624915.828352999989875 ], [ 672344.964688000036404, 626999.497347000055015 ], [ 672357.084933000034653, 627056.553824999951757 ], [ 672582.972545000026003, 627131.682142999954522 ], [ 678175.696081000030972, 628667.973873 ], [ 707690.011772, 635641.217412000056356 ], [ 714461.407390999956988, 635423.591230000020005 ], [ 714558.218799000023864, 635415.878998999949545 ], [ 716492.814158999943174, 632605.322426000027917 ], [ 717769.337245999951847, 624309.817415000055917 ], [ 716129.216274, 609573.086275 ], [ 716123.798167999950238, 609548.688823999953456 ], [ 715859.852288000052795, 609153.344357999972999 ], [ 715798.158839000039734, 609086.119027000037022 ], [ 713746.856055999989621, 607296.705576000036672 ], [ 706589.879965999978594, 603374.206637999974191 ], [ 699264.431338, 601280.687479999964125 ], [ 699207.125973999965936, 601266.511011000024155 ], [ 699167.336093000019901, 601260.516197000048123 ] ] ] } },
{ "type": "Feature", "properties": { "TERYT": "1433", "Nazwa": "powiat węgrowski" }, "geometry": { "type": "Polygon", "coordinates": [ [ [ 695950.246394000016153, 486657.420701000024565 ], [ 695632.669632000033744, 486841.759778 ], [ 695617.193087000050582, 486850.945045 ], [ 695324.583967000013217, 487119.607472 ], [ 690515.347737999982201, 492237.294998999976087 ], [ 685549.660817999974824, 499142.055624999979045 ], [ 673667.160138000035658, 528752.780337000032887 ], [ 673639.375554000027478, 528824.928377000032924 ], [ 673771.230065000010654, 529171.35572 ], [ 673818.428986000013538, 529289.458713999949396 ], [ 684853.427238999982364, 536024.624686000053771 ], [ 691961.598886, 540181.373110000044107 ], [ 692402.980096000013873, 540384.649665000033565 ], [ 692558.238074, 540447.973803999950178 ], [ 693739.224649999989197, 540920.82666599994991 ], [ 695430.744120000046678, 541411.870910000056028 ], [ 695589.807640000013635, 541410.280127999954857 ], [ 702850.117968, 535479.194187000044622 ], [ 715018.132701999973506, 517077.476503000012599 ], [ 715026.199165, 517064.67677800002275 ], [ 716119.855091999983415, 515283.337522000016179 ], [ 709983.518677999963984, 489536.70307699998375 ], [ 709773.763453, 488818.295181000023149 ], [ 708237.151926000020467, 486985.838414 ], [ 708167.008333, 486974.869261000014376 ], [ 695950.246394000016153, 486657.420701000024565 ] ] ] } },
{ "type": "Feature", "properties": { "TERYT": "2403", "Nazwa": "powiat cieszyński" }, "geometry": { "type": "Polygon", "coordinates": [ [ [ 492557.799739999987651, 183003.200050000014016 ], [ 492499.889988999988418, 183007.480617 ], [ 489392.869893, 183290.829645 ], [ 489211.570228, 183311.8002 ], [ 488738.399747000017669, 183430.090151000011247 ], [ 488640.560222, 183467.740373 ], [ 488631.530074, 183476.890583 ], [ 488223.749910000013188, 184034.749975000013364 ], [ 472994.240190999989863, 206178.97063 ], [ 469040.789931999985129, 217935.329875 ], [ 469033.159985999984201, 217959.310054 ], [ 469006.07003, 218073.13991 ], [ 468805.319681000022683, 223795.169634 ], [ 468812.659835, 223889.789769 ], [ 468823.130370999977458, 224000.1398319999862 ], [ 468832.700068, 224070.960544 ], [ 469399.25022699998226, 226806.200469 ], [ 469525.420106999983545, 227059.330630000011297 ], [ 469544.989794, 227097.350597999989986 ], [ 479453.201768999977503, 230131.964194 ], [ 482160.026110999984667, 229868.582336 ], [ 489360.237358000013046, 228111.890183999988949 ], [ 491962.681877000024542, 227398.468545000010636 ], [ 491984.860522, 227384.41062 ], [ 492145.173571, 227187.283325 ], [ 499019.280165, 207701.163084 ], [ 499810.490133000013884, 205330.716216 ], [ 501232.716349, 195639.221938 ], [ 501261.565101000014693, 195295.494566 ], [ 501247.335221000015736, 194992.736281 ], [ 499035.077226000023074, 186765.47712299998966 ], [ 498668.75802200002363, 185752.011074999987613 ], [ 496134.659943, 183326.940096 ], [ 492557.799739999987651, 183003.200050000014016 ] ] ] } },
{ "type": "Feature", "properties": { "TERYT": "2410", "Nazwa": "powiat pszczyński" }, "geometry": { "type": "Polygon", "coordinates": [ [ [ 475667.198477, 223561.413771 ], [ 475431.383405999979004, 223671.021793 ], [ 475402.477502, 223686.619317 ], [ 475326.787403, 223741.869894 ], [ 473963.571653000020888, 224951.108247 ], [ 473892.120699000020977, 225024.452077 ], [ 472734.743433, 226430.00834 ], [ 472679.519548000011127, 226500.027555 ], [ 472635.934874999977183, 226566.733566 ], [ 472587.901566000015009, 226656.58548099998734 ], [ 472582.611041, 226672.78730200001155 ], [ 472581.468135999981314, 226676.301073999988148 ], [ 474156.118659000028856, 232832.25646 ], [ 474157.289302000019234, 232836.807991 ], [ 476136.536212, 237926.158317 ], [ 476206.645504000014625, 238076.246741 ], [ 476208.895938, 238080.86411299998872 ], [ 482394.753793000010774, 243031.791552999988198 ], [ 490347.543702, 248182.834047000011196 ], [ 490453.160857999988366, 248187.195868999988306 ], [ 490474.972274, 248184.504804 ], [ 491009.320978, 248110.558381 ], [ 502502.636854999989737, 246056.176889 ], [ 502529.76599400001578, 246048.377822 ], [ 510343.341916, 241355.686671 ], [ 510405.290822, 241182.173465 ], [ 510416.446115, 241069.543433000013465 ], [ 510460.183789999980945, 240503.646098 ], [ 508913.395001000026241, 232960.025241 ], [ 508904.909347, 232942.758397 ], [ 508895.737438999989536, 232930.268733 ], [ 508601.060635, 232610.405543 ], [ 508311.611335000023246, 232358.600002 ], [ 508267.900485, 232326.624483 ], [ 498294.971758000028785, 228364.531158 ], [ 489351.101919999986421, 225036.391769999987446 ], [ 475667.198477, 223561.413771 ] ] ] } },
{ "type": "Feature", "properties": { "TERYT": "2408", "Nazwa": "powiat mikołowski" }, "geometry": { "type": "Polygon", "coordinates": [ [ [ 482562.322358999983408, 242984.84606400001212 ], [ 481991.699857999978121, 243099.480879 ], [ 481979.160565999976825, 243102.7376140000124 ], [ 481952.181599, 243113.612758 ], [ 481926.081492999976035, 243124.466076000011526 ], [ 481028.422501, 243524.369569 ], [ 480409.064783999987412, 243868.169029000011506 ], [ 480404.0899699999718, 243873.542674 ], [ 480114.920135999971535, 246129.877230000012787 ], [ 480005.920797, 259250.653788 ], [ 480020.920876000018325, 259278.136408 ], [ 480341.460215999977663, 259777.395205999986501 ], [ 485515.543562999984715, 264369.776438999979291 ], [ 485703.136231000011321, 264492.636609999986831 ], [ 485731.356899, 264505.800576 ], [ 486054.403077, 264596.691272000025492 ], [ 486096.775522999989334, 264601.668943999975454 ], [ 486258.4395900000236, 264556.724479999975301 ], [ 486442.414919, 264500.146547999989707 ], [ 493836.128134, 261661.499863 ], [ 493958.840998, 261478.540329000010388 ], [ 495385.556702999980189, 258625.507745 ], [ 495405.18080099998042, 258562.55153200001223 ], [ 496211.455388, 255913.96442 ], [ 496297.73689599998761, 255517.44116300001042 ], [ 496844.953079, 250455.243151 ], [ 496758.301436999987345, 249623.096625 ], [ 496711.641902, 249365.863935 ], [ 496643.224687999987509, 249200.368026000011014 ], [ 496583.164830999972764, 249059.686002 ], [ 495578.695966999977827, 246762.319582 ], [ 495546.484166999987792, 246689.113154 ], [ 495507.689947, 246604.233664 ], [ 495468.569665000017267, 246529.331876000011107 ], [ 495321.783837000024505, 246267.121935 ], [ 495218.472780000010971, 246084.093484000011813 ], [ 495213.3219430000172, 246075.628296999988379 ], [ 489839.934094000025652, 243662.091171 ], [ 489392.835732, 243468.18094 ], [ 486058.998345000029076, 243068.999821 ], [ 485791.777057999977842, 243052.966759 ], [ 482562.322358999983408, 242984.84606400001212 ] ] ] } },
{ "type": "Feature", "properties": { "TERYT": "2478", "Nazwa": "powiat Zabrze" }, "geometry": { "type": "Polygon", "coordinates": [ [ [ 484478.16987500002142, 264314.335744999989402 ], [ 484465.130483000015374, 264314.540603999979794 ], [ 484445.351861, 264317.525176999974065 ], [ 484428.547921, 264322.497519000025932 ], [ 482868.193044000014197, 265126.832677999977022 ], [ 482407.608073999988846, 265600.769684 ], [ 481328.85404, 266729.46074900001986 ], [ 481326.484210999973584, 266733.080571 ], [ 481184.996907999971882, 267069.101580000016838 ], [ 481176.141318999987561, 267096.605567 ], [ 480867.906419, 271339.320394999987911 ], [ 480866.725797, 271355.60710999998264 ], [ 480866.395932000014, 271363.807409 ], [ 480842.531590000027791, 274154.579718999972101 ], [ 481854.046462, 277947.513710999977775 ], [ 483769.516622999974061, 278752.822593000018969 ], [ 485922.241816000023391, 279486.496385 ], [ 485940.977653999987524, 279492.171190000022762 ], [ 486133.689656, 279523.540477 ], [ 486190.792651999974623, 279522.492794000019785 ], [ 486360.292827999975998, 279514.077109 ], [ 486376.567224, 279511.389494 ], [ 486462.083557999983896, 279491.700361000024714 ], [ 486750.064716, 279420.026739 ], [ 486767.744902, 279414.81241900002351 ], [ 486786.534197999979369, 279408.872917999979109 ], [ 486804.848838999983855, 279394.424206 ], [ 486820.056783, 279382.276664 ], [ 486825.83038, 279376.842117000021972 ], [ 489873.938115999975707, 274165.145969 ], [ 490204.563895000028424, 273447.135383000015281 ], [ 488911.677613999985624, 269946.162526 ], [ 487304.994041999976616, 267431.222890999983065 ], [ 485198.336273, 264418.297063999983948 ], [ 484868.334427999972831, 264364.688868 ], [ 484478.16987500002142, 264314.335744999989402 ] ] ] } },
{ "type": "Feature", "properties": { "TERYT": "2462", "Nazwa": "powiat Bytom" }, "geometry": { "type": "Polygon", "coordinates": [ [ [ 496225.895742999971844, 272173.18011800001841 ], [ 494930.055281999986619, 272312.905976 ], [ 494798.664454000012483, 272327.932803999981843 ], [ 490261.132310000015423, 273306.636567 ], [ 490256.351940000022296, 273307.840259000018705 ], [ 486966.837536, 275963.338961999979801 ], [ 485799.658708999981172, 278551.128694000013638 ], [ 485656.082875999971293, 278891.026083 ], [ 484979.198999000014737, 280617.699948000023142 ], [ 484976.667809, 280624.949138999974821 ], [ 485098.298232999979518, 281413.434239999973215 ], [ 488307.126455000019632, 282927.983955 ], [ 488378.097963, 282951.894449000013992 ], [ 488442.258045999973547, 282965.833167999982834 ], [ 490619.123432, 282879.672872000024654 ], [ 490625.972718, 282879.161667999986093 ], [ 491047.285481999977492, 282807.611993000027724 ], [ 491375.317124, 282551.396247000026051 ], [ 497414.829389000020456, 276462.955759999982547 ], [ 497426.510330000019167, 276448.657300000020768 ], [ 497433.412366, 276440.169257999979891 ], [ 497434.140863, 276437.860169 ], [ 497438.402591000020038, 276424.071171000017785 ], [ 497449.358893, 276323.863575000024866 ], [ 497441.850840999977663, 275481.91115300002275 ], [ 497425.010159, 275380.727890999987721 ], [ 497391.074846, 275183.990623000019696 ], [ 497321.596266, 274817.371267999988049 ], [ 496732.882593000016641, 272963.680387999978848 ], [ 496716.817116, 272919.44191 ], [ 496225.895742999971844, 272173.18011800001841 ] ] ] } },
{ "type": "Feature", "properties": { "TERYT": "2472", "Nazwa": "powiat Ruda Śląska" }, "geometry": { "type": "Polygon", "coordinates": [ [ [ 490640.525396000011824, 260143.452779000013834 ], [ 488437.231893000018317, 261434.276145000010729 ], [ 485198.336273, 264418.297063999983948 ], [ 485489.483871, 266721.055023 ], [ 485712.037311, 267436.587626 ], [ 487970.482490000023972, 272570.841586 ], [ 488037.013395000016317, 272660.066280999977607 ], [ 488994.501593000022694, 273601.034158999973442 ], [ 489338.373061000020243, 273849.478027999983169 ], [ 492167.193241, 273636.631452 ], [ 492187.526834000018425, 273625.904692000010982 ], [ 492202.6312, 273617.935788 ], [ 492421.914803, 273445.43864200002281 ], [ 492429.746634999988601, 273439.207023 ], [ 492569.659403000026941, 273254.30369700002484 ], [ 496873.856173, 263549.380440999986604 ], [ 496874.947653000010177, 263545.838441999978386 ], [ 496854.142944000021089, 263508.049894 ], [ 496844.790993999980856, 263491.085299999976996 ], [ 496339.798074, 262865.344204999972135 ], [ 496288.736808000016026, 262823.555044999986421 ], [ 491958.428709, 260472.704927000013413 ], [ 491850.534550999989733, 260444.608963 ], [ 491458.178206000011414, 260345.192439 ], [ 491329.018809999979567, 260312.823967 ], [ 491061.708748999983072, 260246.070750000013504 ], [ 490648.896579, 260144.63963 ], [ 490640.525396000011824, 260143.452779000013834 ] ] ] } },
{ "type": "Feature", "properties": { "TERYT": "2402", "Nazwa": "powiat bielski" }, "geometry": { "type": "Polygon", "coordinates": [ [ [ 499722.672487, 198378.085123 ], [ 499669.323756000027061, 198378.784997 ], [ 499538.299150999984704, 198398.827289 ], [ 499368.073857999988832, 198429.844903 ], [ 499359.751193, 198431.564099999988684 ], [ 499274.786429999978282, 198449.164525 ], [ 499214.819549, 198481.243645999988075 ], [ 499155.261868999979924, 198514.066931999986991 ], [ 499060.045888, 198567.932108999986667 ], [ 497311.589905, 199630.315158000012161 ], [ 497155.938937, 199736.694534 ], [ 497147.719137999985833, 199742.340508 ], [ 487830.025231999985408, 216318.434822000010172 ], [ 487827.776546999986749, 216325.891261000011582 ], [ 487548.914212999981828, 221638.471239 ], [ 487566.873849999974482, 221689.422723 ], [ 487572.1362889999873, 221698.807102 ], [ 488430.926715, 223184.283317 ], [ 488525.906525, 223337.375886 ], [ 492013.513041, 228135.689514 ], [ 492109.286333, 228264.344103000010364 ], [ 492163.638045000028796, 228309.491467000014381 ], [ 492187.724210000014864, 228319.95334800001001 ], [ 492210.412182, 228329.805012 ], [ 492237.322990000015125, 228341.47793 ], [ 502650.111999000015203, 231947.600278 ], [ 502669.806174999976065, 231952.513975 ], [ 503673.098414, 232127.343987 ], [ 506512.41115300002275, 232405.8393100000103 ], [ 513520.587133000022732, 231669.644845 ], [ 521174.523891000018921, 220331.735519 ], [ 522724.114023, 213061.956699 ], [ 522762.056159000028856, 212874.999791 ], [ 522800.567771999980323, 212328.905425 ], [ 522774.366099999984726, 212269.043641 ], [ 522737.844020000018645, 212231.134779000014532 ], [ 520302.197608815040439, 211469.856533582322299 ], [ 514461.897742686094716, 213227.114900382177439 ], [ 512963.059723945043515, 216586.579425146599533 ], [ 511360.853565980447456, 215139.425476017320761 ], [ 511464.221705203992315, 211314.804324747034116 ], [ 508828.334155004180502, 204027.350509488809621 ], [ 505158.765212569211144, 202838.616908418305684 ], [ 499993.634136, 198470.793733 ], [ 499980.587072999973316, 198462.901339 ], [ 499904.582552, 198419.299097000010079 ], [ 499831.527552000014111, 198401.392188 ], [ 499722.672487, 198378.085123 ] ], [ [ 499370.149416051979642, 218653.94220961703104 ], [ 497561.206979640352074, 216586.579425146599533 ], [ 498698.256511099112686, 214519.216640676168026 ], [ 498543.204302263795398, 212813.642343488085316 ], [ 496940.998144299257547, 209815.966306005982915 ], [ 498543.204302263795398, 208782.284913770767162 ], [ 499215.097207216720562, 209040.7052618295711 ], [ 499938.674181781359948, 211366.488394358777441 ], [ 502884.666149651689921, 212141.749438535189256 ], [ 503504.874984992842656, 211366.488394358777441 ], [ 506295.814744027913548, 213278.798969993920764 ], [ 507329.496136263129301, 213950.691874946816824 ], [ 506605.919161698431708, 215604.582102523156209 ], [ 507794.652762768964749, 217000.051982040691655 ], [ 507691.28462354541989, 221806.670455934421625 ], [ 504900.344864510348998, 222581.93150011083344 ], [ 503504.874984992842656, 222013.406734381453134 ], [ 501179.091852463607211, 219274.151044958154671 ], [ 499370.149416051979642, 218653.94220961703104 ] ] ] } },
{ "type": "Feature", "properties": { "TERYT": "2476", "Nazwa": "powiat Świętochłowice" }, "geometry": { "type": "Polygon", "coordinates": [ [ [ 495100.477754, 267066.235434999980498 ], [ 494903.168644000019412, 267093.378938 ], [ 494809.783362000016496, 267106.786042 ], [ 494781.077952000021469, 267116.295819 ], [ 493304.778790000011213, 267610.39662800001679 ], [ 493253.489898999978323, 267627.586399000021629 ], [ 493195.593791000021156, 267647.701832 ], [ 492847.951412, 267834.922254999983124 ], [ 491702.28106, 269758.484842 ], [ 491942.584427999972831, 271348.981000999978278 ], [ 491945.808207999973092, 271360.530902999977116 ], [ 491974.219151000026613, 271462.29017 ], [ 491979.896215000015218, 271481.693030999973416 ], [ 492012.201061, 271592.064621999976225 ], [ 492598.866175999981351, 273093.92459399998188 ], [ 494756.641032000014093, 272581.039698 ], [ 495060.351015000022016, 271807.141347999975551 ], [ 495424.780813, 269106.08984099997906 ], [ 495510.682183999975678, 268305.376418000028934 ], [ 495100.477754, 267066.235434999980498 ] ] ] } },
{ "type": "Feature", "properties": { "TERYT": "2469", "Nazwa": "powiat Katowice" }, "geometry": { "type": "Polygon", "coordinates": [ [ [ 505281.484722000022884, 251428.097565 ], [ 505140.254186999984086, 251452.975952 ], [ 505128.104928000015207, 251455.477429 ], [ 505120.706298, 251457.495573 ], [ 495490.669991999980994, 254087.057559 ], [ 495471.635904000024311, 254098.615977999987081 ], [ 495069.745802, 254575.394276 ], [ 492650.114997000026051, 261359.285462 ], [ 492394.260558, 262379.69457400002284 ], [ 492391.101914, 262392.309660999977496 ], [ 492267.194689000025392, 262887.754494 ], [ 492270.205162000027485, 263002.607444999972358 ], [ 492286.917518, 263054.902125999971759 ], [ 492299.18080099998042, 263071.358667999971658 ], [ 497726.982501, 268935.57966500002658 ], [ 500090.981288, 269903.301599 ], [ 504872.037896000023466, 270060.219476 ], [ 504891.732927999983076, 270058.160117 ], [ 504924.319965999980923, 270045.204902000026777 ], [ 506911.723758, 268357.208349000022281 ], [ 508865.168742, 266540.534865 ], [ 507858.187242000014521, 254871.436274 ], [ 507857.148296000028495, 254861.753158 ], [ 507621.000997999974061, 253686.459345999988727 ], [ 507600.608449, 253589.871588 ], [ 507298.776576999982353, 253019.636604 ], [ 507293.116891000012401, 253011.937076 ], [ 507266.712668999971356, 252976.112632 ], [ 507230.251689, 252928.890443999989657 ], [ 505915.064476999978069, 251630.54234399998677 ], [ 505832.481053000024986, 251569.815876 ], [ 505804.76004299998749, 251555.096658 ], [ 505655.312904, 251476.178091 ], [ 505628.279852, 251462.048506 ], [ 505281.484722000022884, 251428.097565 ] ] ] } },
{ "type": "Feature", "properties": { "TERYT": "2463", "Nazwa": "powiat Chorzów" }, "geometry": { "type": "Polygon", "coordinates": [ [ [ 496873.856173, 263549.380440999986604 ], [ 496817.652614000020549, 263558.549797000014223 ], [ 496776.8093869999866, 263565.454900000011548 ], [ 496743.030512999976054, 263571.52457399998093 ], [ 496742.550062, 263571.636028999986593 ], [ 496667.282438000023831, 263589.170866 ], [ 496617.642188999976497, 263603.369061 ], [ 496543.153597, 263626.995424000022467 ], [ 496461.312164, 263659.055468 ], [ 496385.814086000027601, 263693.148942 ], [ 496315.919636, 263728.456675999972504 ], [ 496266.245146, 263758.715750999981537 ], [ 496219.737358000013046, 263787.392393000016455 ], [ 496160.65729, 263828.721381000010297 ], [ 496111.934147000021767, 263865.834016999986488 ], [ 496065.983912000025157, 263904.767908999987412 ], [ 496024.831607999978587, 263941.508877000014763 ], [ 495971.291454, 263994.267139 ], [ 495920.895411, 264044.493616 ], [ 495834.860073000018019, 264130.42841 ], [ 495809.343700000026729, 264157.135835999972187 ], [ 495701.363283000013325, 264283.440852999978233 ], [ 495661.171748999971896, 264334.450801 ], [ 495623.160526999970898, 264393.00672200002009 ], [ 495556.365685000026133, 264502.948876 ], [ 495538.596207999973558, 264546.881428 ], [ 495285.277362999971956, 265178.571409999975003 ], [ 495270.318158, 265224.875692999979947 ], [ 494797.794487999984995, 267325.99847 ], [ 494231.034722000011243, 270592.608197 ], [ 494244.409892999974545, 270682.885512 ], [ 494271.554186999972444, 270862.215969000011683 ], [ 494802.048384000023361, 272327.648278 ], [ 495962.205421000020579, 273319.179957000014838 ], [ 497086.740006999985781, 274242.797598999983165 ], [ 497415.172512000019196, 274441.905047999985982 ], [ 497434.639138999977149, 274452.926893000025302 ], [ 497460.808611000014935, 274466.636691999970935 ], [ 497484.310154, 274477.50453799997922 ], [ 497511.837514000013471, 274488.148169 ], [ 497541.827635, 274498.704128000012133 ], [ 497566.876026000012644, 274506.076791000028607 ], [ 497583.818245999980718, 274509.997320000024047 ], [ 497606.905672999972012, 274515.253474999975879 ], [ 497641.091743000026327, 274520.181381999980658 ], [ 497675.394044000015128, 274522.588302000018302 ], [ 497719.27369300002465, 274523.787512 ], [ 497734.759772000019439, 274523.409588999988046 ], [ 497736.558224999986123, 274523.36553399998229 ], [ 497774.098393999971449, 274521.312100999988616 ], [ 497797.100512999983039, 274518.784723000018857 ], [ 497816.078157000010833, 274516.480328999983612 ], [ 498686.378863000019919, 274383.03822400001809 ], [ 498735.639413000026252, 274372.601819999981672 ], [ 498802.973107, 274353.548239999974612 ], [ 498845.418614999973215, 274340.19538 ], [ 498882.519494, 274328.513726999983191 ], [ 498961.803368999972008, 274303.282527 ], [ 499798.440652000019327, 272729.630804000014905 ], [ 500316.604821000015363, 269772.168476000020746 ], [ 500439.723036999988835, 268997.515472 ], [ 500441.129678, 268987.662568000028841 ], [ 500443.878160999971442, 268967.931365000025835 ], [ 500484.843816999986302, 268590.242314999981318 ], [ 500486.375313, 268548.736518000019714 ], [ 500484.089526000025216, 268489.403102000011131 ], [ 500483.359745999972802, 268470.733154000015929 ], [ 500483.314308999979403, 268469.584944 ], [ 500481.418382, 268429.633908000017982 ], [ 500479.635451, 268392.140639 ], [ 500475.271106, 268325.349519999988843 ], [ 500469.846624, 268300.936835 ], [ 500459.844458999985363, 268258.686395999975502 ], [ 500453.594454, 268232.326229 ], [ 500390.368263999989722, 268043.747328000026755 ], [ 500377.631789, 268024.08058 ], [ 496873.856173, 263549.380440999986604 ] ] ] } },
{ "type": "Feature", "properties": { "TERYT": "2477", "Nazwa": "powiat Tychy" }, "geometry": { "type": "Polygon", "coordinates": [ [ [ 502584.158991999982391, 245546.371377 ], [ 497640.824983, 245814.045399 ], [ 497483.966321000014432, 245822.901325000013458 ], [ 495213.3219430000172, 246075.628296999988379 ], [ 494662.645910000021104, 251676.355216 ], [ 494658.390075, 251732.429983999987599 ], [ 494792.153470000019297, 253217.70392 ], [ 494869.547750999976415, 253463.811932000011439 ], [ 495288.189162000024226, 254582.970809 ], [ 495297.896852999983821, 254602.618764000013471 ], [ 499337.687906, 255927.911914 ], [ 499422.224697, 255951.337959 ], [ 499844.957423000014387, 256062.765698 ], [ 501586.807496000023093, 256513.077979 ], [ 505975.428902000014205, 251535.889883 ], [ 506415.787729999981821, 249254.074292 ], [ 506542.816654999973252, 248268.710301000013715 ], [ 506293.733018999977503, 248006.377065 ], [ 503667.260994000011124, 246117.828831 ], [ 502584.158991999982391, 245546.371377 ] ] ] } },
{ "type": "Feature", "properties": { "TERYT": "2461", "Nazwa": "powiat Bielsko-Biała" }, "geometry": { "type": "Polygon", "coordinates": [ [ [ 499019.280165, 207701.163084 ], [ 498851.527994, 207713.780084 ], [ 496792.703250000020489, 208495.615796 ], [ 496729.636691000021528, 208532.10514199998579 ], [ 496233.018457999976818, 209254.389623 ], [ 496116.660497999982908, 209424.333768999989843 ], [ 496066.504289, 209533.545904 ], [ 496070.330824, 209623.461791 ], [ 496399.676204000017606, 216214.158417 ], [ 496503.68675599998096, 216466.439624 ], [ 497377.165095, 218088.082035 ], [ 498081.204428999975789, 219238.706759 ], [ 501014.926818999985699, 222449.94292 ], [ 502849.597627000010107, 224140.823228 ], [ 502866.532702, 224153.14424299998791 ], [ 503450.226063999987673, 224458.543199999985518 ], [ 508059.898685999971349, 223233.318806 ], [ 508096.564966999983881, 223219.738061999989441 ], [ 508100.315726, 223216.979446000012103 ], [ 508124.863531999988481, 223186.009235 ], [ 508128.04514, 223177.742250000010245 ], [ 508171.325029, 223053.200887000013608 ], [ 508370.381769999978133, 222260.128842 ], [ 509374.623506999982055, 217010.824842 ], [ 509503.291244999971241, 216298.610442 ], [ 509022.710562, 213666.57329 ], [ 508932.92595, 213324.107804 ], [ 508295.255741, 212768.310984000010649 ], [ 504535.69851999997627, 210657.36867299998994 ], [ 499096.319457, 207728.56944 ], [ 499019.280165, 207701.163084 ] ] ] } },
{ "type": "Feature", "properties": { "TERYT": "2417", "Nazwa": "powiat żywiecki" }, "geometry": { "type": "Polygon", "coordinates": [ [ [ 501958.409961999976076, 169612.080612 ], [ 498538.570221, 169750.399635 ], [ 498071.140049999987241, 170295.450758 ], [ 497989.089849999989383, 170396.010539 ], [ 497948.939961, 170454.250316 ], [ 497909.800075999984983, 170511.139778000011574 ], [ 497729.429979, 171576.029576 ], [ 496142.340031999978237, 183163.050322 ], [ 496134.600325, 183233.689753000013297 ], [ 496134.659943, 183326.940096 ], [ 496443.103545000019949, 184905.428729 ], [ 500095.35141, 199302.950860000011744 ], [ 500104.296387, 199334.552751000010176 ], [ 500407.8040799999726, 200315.434049 ], [ 500451.87597, 200420.49386700001196 ], [ 500498.083988, 200518.539912 ], [ 510211.18717699998524, 216370.115042 ], [ 510357.480912, 216520.250371 ], [ 512348.281188, 217803.240511999989394 ], [ 512606.705976, 217895.004674 ], [ 512865.028112999978475, 217964.103498000011314 ], [ 513347.412590000021737, 217952.4529470000125 ], [ 529867.726504000020213, 212071.969544 ], [ 530108.14916200004518, 211856.180967 ], [ 530246.276278999983333, 211730.020682 ], [ 531103.584390999982134, 210565.23873799998546 ], [ 531421.74341400002595, 210060.336362 ], [ 531690.073658999986947, 209505.721864 ], [ 531762.074994000024162, 209344.367172 ], [ 532021.266438000020571, 208735.380862 ], [ 532083.857383999973536, 208580.997169999987818 ], [ 532088.46472199994605, 208569.03369000001112 ], [ 532095.119801, 208548.698381 ], [ 532098.805747000034899, 208534.704265999986092 ], [ 532120.639541000011377, 208451.671775 ], [ 534470.808311, 199378.02973 ], [ 534712.220264, 195330.409427 ], [ 534091.75900099996943, 194544.274666000012076 ], [ 533782.136003999970853, 194168.682145 ], [ 526394.470417, 185657.550515 ], [ 514297.700097, 171823.829986 ], [ 513894.969662000017706, 171530.93959699998959 ], [ 513603.609726, 171376.890224 ], [ 513593.909721, 171372.440585 ], [ 511124.720037000020966, 170711.789635 ], [ 501958.409961999976076, 169612.080612 ] ] ] } },
{ "type": "Feature", "properties": { "TERYT": "2474", "Nazwa": "powiat Siemianowice Śląskie" }, "geometry": { "type": "Polygon", "coordinates": [ [ [ 503603.294497, 267518.9913720000186 ], [ 502407.911625, 267920.15859 ], [ 499788.068558000028133, 270016.944148999988101 ], [ 499091.745424999971874, 271375.154422 ], [ 499080.702677000022959, 271412.450674999970943 ], [ 499062.699126, 271514.801821 ], [ 499033.326832, 271740.272798000019975 ], [ 499029.459114999976009, 271772.275666999979876 ], [ 499023.160321999981534, 271829.356099000026006 ], [ 499013.162931, 271926.572747999976855 ], [ 498954.262636, 273059.972227 ], [ 498955.442149, 273794.190764 ], [ 498956.188075000012759, 273921.83400899998378 ], [ 498956.39798, 273950.873831 ], [ 498957.405114999972284, 274039.198429999989457 ], [ 498960.03778399998555, 274264.889024999982212 ], [ 498961.676343000028282, 274308.721532 ], [ 502582.078977000026498, 275695.193756000022404 ], [ 502622.066124, 275704.240514 ], [ 502641.662135, 275708.504244000010658 ], [ 502659.788983999984339, 275712.078137999982573 ], [ 503670.033575, 275854.197431 ], [ 503717.657788000011351, 275858.174560000014026 ], [ 503753.782414000015706, 275853.411447 ], [ 503756.724914000020362, 275852.273013000027277 ], [ 503944.311450999986846, 275771.878814 ], [ 503962.513099999981932, 275762.429551 ], [ 503966.661363, 275760.275074 ], [ 503986.670181999972556, 275745.455032000027131 ], [ 504121.269435999973211, 275621.279094 ], [ 504124.990682, 275617.841635000018869 ], [ 504155.315829999977723, 275589.820171000028495 ], [ 504285.98043, 275468.096338999981526 ], [ 504304.364033000019845, 275446.882311999972444 ], [ 504306.449443000019528, 275444.40633099997649 ], [ 504328.829257, 275411.964275999984238 ], [ 504342.996452, 275378.874185000022408 ], [ 504345.88349500001641, 275372.129198 ], [ 504348.723546999972314, 275361.078005000017583 ], [ 504351.733499999972992, 275349.344480999978259 ], [ 504357.221851999987848, 275316.709649999975227 ], [ 504350.850814, 269810.536785 ], [ 504350.714639000012539, 269805.581263999978546 ], [ 504227.657767999975476, 269194.493377999984659 ], [ 503633.599310000019614, 267578.058374000014737 ], [ 503603.294497, 267518.9913720000186 ] ] ] } },
{ "type": "Feature", "properties": { "TERYT": "2414", "Nazwa": "powiat bieruńsko-lędziński" }, "geometry": { "type": "Polygon", "coordinates": [ [ [ 503597.698978999978863, 238865.414877 ], [ 503552.68409, 238934.745611 ], [ 502197.996987, 241923.609886 ], [ 502188.318413999979384, 242003.211874 ], [ 502187.231580999970902, 242030.240327 ], [ 502375.521638999984134, 245520.051409999985481 ], [ 505393.938329999975394, 252252.470586000010371 ], [ 507479.797843999986071, 255315.819861 ], [ 513251.09890500002075, 255820.341475 ], [ 514018.183934999979101, 255704.084892000013497 ], [ 517262.063857999979518, 254921.475039000011748 ], [ 517311.327832999988459, 254893.531477000011364 ], [ 517343.597503, 254868.884431000013137 ], [ 517371.681679999979679, 254842.224144 ], [ 517398.858039000013378, 254812.648777 ], [ 517422.929813000024296, 254779.606527 ], [ 517441.701431999972556, 254751.50226899998961 ], [ 517458.114482, 254721.940966 ], [ 517474.13999, 254685.807983 ], [ 517483.797334, 254656.236805 ], [ 518193.608623999985866, 252397.857037999987369 ], [ 518205.061656999983825, 252353.15069 ], [ 518213.8302150000236, 252300.476457000011578 ], [ 518218.050066999974661, 252248.462558 ], [ 518219.756386000022758, 252204.257669000013266 ], [ 518213.613453000027221, 252154.551536000013584 ], [ 518211.508303, 252142.127209 ], [ 516711.451147000014316, 244301.986003 ], [ 515663.871584, 243548.237537 ], [ 510601.093807000026572, 241367.688686 ], [ 506208.857772000017576, 239499.794184 ], [ 504852.931437, 239099.404579 ], [ 503597.698978999978863, 238865.414877 ] ] ] } },
{ "type": "Feature", "properties": { "TERYT": "2470", "Nazwa": "powiat Mysłowice" }, "geometry": { "type": "Polygon", "coordinates": [ [ [ 509286.665529, 253913.345179 ], [ 508269.164401000016369, 254438.078896 ], [ 508169.917021, 254532.931771 ], [ 507855.620768000022508, 254858.917634000012185 ], [ 504810.677119, 259634.853287 ], [ 504878.896786, 259847.012962 ], [ 504885.181755999976303, 259862.569286000012653 ], [ 507225.680958000011742, 264432.118070999975316 ], [ 508612.223009, 266516.01747299998533 ], [ 508693.575657, 266638.221128 ], [ 508698.342466, 266638.02770600002259 ], [ 508708.774037000024691, 266635.80388199997833 ], [ 508721.989745000028051, 266629.373001999978442 ], [ 508865.168742, 266540.534865 ], [ 508869.241479000018444, 266537.941662999975961 ], [ 509215.126659, 266309.835103 ], [ 509466.4938, 266143.171266000019386 ], [ 509479.828886999981478, 266132.958588999987114 ], [ 509486.53534, 266127.82074300001841 ], [ 509514.184011999983341, 266106.632640999974683 ], [ 509545.943512999976519, 266070.079072 ], [ 516626.761921000026632, 256194.938818 ], [ 516644.533646000025328, 256169.786568000010448 ], [ 516664.646793, 256137.416467 ], [ 517262.063857999979518, 254921.475039000011748 ], [ 517162.561932999989949, 254830.196401 ], [ 517009.767899000027683, 254690.803462000010768 ], [ 516985.107578, 254673.95368 ], [ 516919.22687999997288, 254629.086422 ], [ 512065.591040000028443, 254141.149769999989076 ], [ 509489.348435, 253914.636946000013268 ], [ 509286.665529, 253913.345179 ] ] ] } },
{ "type": "Feature", "properties": { "TERYT": "2475", "Nazwa": "powiat Sosnowiec" }, "geometry": { "type": "Polygon", "coordinates": [ [ [ 511770.344220999977551, 262049.021618 ], [ 511458.766878, 262136.270821000012802 ], [ 505258.869912999973167, 268180.370761999976821 ], [ 505252.044624999980442, 268187.108985 ], [ 505239.765147000027355, 268199.23627499997383 ], [ 505234.219745, 268207.536450000014156 ], [ 505225.598528, 268220.444315999979153 ], [ 505199.485579999978654, 268268.176065 ], [ 505120.751570000022184, 269173.866057 ], [ 505077.958602999977302, 269687.481088 ], [ 505141.622128000017256, 269789.57333500002278 ], [ 505174.599218000017572, 269825.858153 ], [ 508624.314200999971945, 270896.729013999982271 ], [ 511928.220460999989882, 271858.263473999977577 ], [ 513967.965434000012465, 272215.80569 ], [ 514026.167207000020426, 272217.122145999979693 ], [ 514127.104306, 272208.16085500002373 ], [ 516306.638588999980129, 271508.840325 ], [ 518019.44367800001055, 270796.56498800002737 ], [ 520277.196573, 269592.800869999977294 ], [ 522389.332441999984439, 267852.233751999970991 ], [ 522469.755213, 267735.63746 ], [ 522490.530212000012398, 267691.596726000017952 ], [ 522648.932119, 267280.129244000010658 ], [ 522651.185430000012275, 267225.394544999988284 ], [ 522289.212485999974888, 265492.777123 ], [ 522272.835642000020016, 265477.336436000012327 ], [ 514001.85479299997678, 262344.82194 ], [ 511770.344220999977551, 262049.021618 ] ] ] } },
{ "type": "Feature", "properties": { "TERYT": "1213", "Nazwa": "powiat oświęcimski" }, "geometry": { "type": "Polygon", "coordinates": [ [ [ 520786.579734000028111, 220392.386306 ], [ 512284.609264999977313, 220646.868086 ], [ 511959.483415000024252, 220996.081889 ], [ 511772.337919000012334, 221263.356196 ], [ 511283.541448, 221992.902026 ], [ 505967.186699000012595, 231418.160591 ], [ 505961.508526000019629, 231480.86856900001294 ], [ 508100.383709000016097, 237277.406645999988541 ], [ 509778.063417, 240963.054471999988891 ], [ 510721.709007000026759, 242743.4061980000115 ], [ 510734.491494000016246, 242762.843551 ], [ 517894.015075, 251637.661002 ], [ 518133.68539, 251915.223818 ], [ 518173.396435, 251908.235151 ], [ 518661.532323000021279, 251704.818854000011925 ], [ 536229.573003, 241031.148825000011129 ], [ 536264.774278, 241002.336637 ], [ 536284.061210999963805, 240977.674980999989202 ], [ 536295.595771000022069, 240958.40312 ], [ 536308.137159000034444, 240924.76681 ], [ 536331.579693999956362, 240851.431549 ], [ 536338.253819999983534, 240827.428221 ], [ 536540.476382000022568, 239949.461741 ], [ 534198.735399, 231404.995944 ], [ 534172.287879999959841, 231366.023569000011776 ], [ 533492.546309, 230524.265538 ], [ 533158.864352999953553, 230220.036758 ], [ 520841.587672, 220397.808427000010852 ], [ 520799.176882, 220393.487501 ], [ 520786.579734000028111, 220392.386306 ] ] ] } },
{ "type": "Feature", "properties": { "TERYT": "2465", "Nazwa": "powiat Dąbrowa Górnicza" }, "geometry": { "type": "Polygon", "coordinates": [ [ [ 517999.124269000021741, 269410.097620000015013 ], [ 511785.827966000011656, 271809.906947000010405 ], [ 511517.070803, 272128.09417 ], [ 511503.405723, 272150.163704 ], [ 511484.213891000021249, 272181.172902000020258 ], [ 511473.141743000014685, 272199.070929999987129 ], [ 511026.508628999989014, 273890.356435999972746 ], [ 512745.073320000024978, 280271.892087000014726 ], [ 516232.074105, 286055.152282 ], [ 516933.29700199997751, 286796.246269 ], [ 534289.762820999952964, 276748.179593999986537 ], [ 534326.159807999967597, 276664.923971000011079 ], [ 534341.041686999960802, 276630.867130999977235 ], [ 534344.249996999977157, 276623.497939000022598 ], [ 534486.929251000052318, 276277.976167000015266 ], [ 534492.213408999959938, 276265.142513 ], [ 534517.257672999985516, 276204.22568199998932 ], [ 534551.53345900005661, 276108.927826999977697 ], [ 534555.157384000020102, 276098.235461 ], [ 534556.665852, 276093.778831999981776 ], [ 534558.992434000014327, 276086.901965000026394 ], [ 534640.218907000031322, 275846.74627 ], [ 534685.344771999982186, 275685.055508000019472 ], [ 534439.153675999958068, 273049.605483 ], [ 520336.03908199997386, 269418.680081999977119 ], [ 517999.124269000021741, 269410.097620000015013 ] ] ] } },
{ "type": "Feature", "properties": { "TERYT": "2468", "Nazwa": "powiat Jaworzno" }, "geometry": { "type": "Polygon", "coordinates": [ [ [ 518523.830344000016339, 249998.04906 ], [ 511663.627709000022151, 260931.372771 ], [ 511644.53192699997453, 260968.796056 ], [ 511631.413875999976881, 261003.371188 ], [ 511626.973722999973688, 261018.811049000010826 ], [ 511621.709749999979977, 261039.148893 ], [ 511618.635893, 261057.349479 ], [ 511458.766878, 262136.270821000012802 ], [ 511469.177994999976363, 262152.450923 ], [ 514684.441379000025336, 264972.444813999987673 ], [ 514811.517826, 265070.377752 ], [ 516245.85215499997139, 266092.53771 ], [ 516265.563169999979436, 266099.468728 ], [ 516296.93711, 266104.183471 ], [ 516309.517623999970965, 266104.095446 ], [ 523046.972134999989066, 265823.448718000028748 ], [ 531515.963265000027604, 262249.865433000028133 ], [ 531516.486473000026308, 262246.410355 ], [ 529715.573419000022113, 259423.368240999989212 ], [ 525340.864280999987386, 254141.551767 ], [ 524990.306561999954283, 253759.607719 ], [ 519854.826852999976836, 250313.280493 ], [ 519852.481230999983381, 250312.721564 ], [ 518833.874065999989398, 250070.337703 ], [ 518523.830344000016339, 249998.04906 ] ] ] } },
{ "type": "Feature", "properties": { "TERYT": "1203", "Nazwa": "powiat chrzanowski" }, "geometry": { "type": "Polygon", "coordinates": [ [ [ 540135.731098999967799, 238458.568747000012081 ], [ 531037.998228000011295, 239634.165166 ], [ 528605.180865, 239972.770961 ], [ 519799.999965999973938, 242258.2419 ], [ 519443.993856000015512, 242439.624516999989282 ], [ 519422.492058, 242451.16527 ], [ 518523.830344000016339, 249998.04906 ], [ 519321.056431, 252957.807705000013812 ], [ 519325.556434999976773, 252966.940962 ], [ 524004.106609, 258075.227189 ], [ 524049.214729, 258110.029446 ], [ 531516.486473000026308, 262246.410355 ], [ 534446.756180000025779, 262549.200851999979932 ], [ 534519.551069000037387, 262540.469137999985833 ], [ 537859.754212999949232, 261792.309042 ], [ 541095.602175, 260333.022445999988122 ], [ 541777.962881000014022, 259973.713442999986 ], [ 541821.893875999958254, 259906.66848699998809 ], [ 541824.095490999985486, 259902.411599000013666 ], [ 541846.965465000015683, 259849.930112 ], [ 542018.325337999965996, 259351.044173 ], [ 542024.720481000025757, 259328.653533 ], [ 545025.782109000021592, 241103.529443 ], [ 545033.272844000020996, 241024.032941000012215 ], [ 545035.753069999977015, 240980.119457 ], [ 545036.241792000015266, 240964.333526 ], [ 545035.093785000033677, 240958.49357 ], [ 544980.540108000044711, 240744.079040000011446 ], [ 544979.497387000010349, 240743.0832 ], [ 544971.935965999960899, 240735.87 ], [ 544826.610623999964446, 240599.646736 ], [ 544597.829264999949373, 240393.059768 ], [ 540135.731098999967799, 238458.568747000012081 ] ] ] } },
{ "type": "Feature", "properties": { "TERYT": "1218", "Nazwa": "powiat wadowicki" }, "geometry": { "type": "Polygon", "coordinates": [ [ [ 528797.165468, 210555.574734 ], [ 528762.41365899995435, 210562.584307000011904 ], [ 524292.004885999951512, 211758.989981 ], [ 523821.316572999989148, 211937.248188 ], [ 522800.567771999980323, 212328.905425 ], [ 521394.181533999973908, 214987.021042999986093 ], [ 520609.57214499998372, 216602.234545000013895 ], [ 520558.535155, 216941.000019 ], [ 520555.906993000011425, 217087.882439 ], [ 520841.587672, 220397.808427000010852 ], [ 520847.691116, 220463.832753 ], [ 521421.481226, 225205.853049 ], [ 521655.755269000015687, 226483.896199 ], [ 521663.067275999987032, 226522.633951 ], [ 521671.550269, 226557.545049999986077 ], [ 522104.051358000026084, 228053.322599 ], [ 522108.373941999976523, 228060.285156 ], [ 534600.01087799994275, 239318.317233 ], [ 535450.771347000030801, 239938.996053999988362 ], [ 536251.010123000014573, 240102.913391 ], [ 538685.249565999954939, 239820.655766999989282 ], [ 538694.502596999984235, 239819.073001000011573 ], [ 538715.312487000017427, 239814.117999 ], [ 546410.863098999951035, 236137.673143 ], [ 546445.475874, 236115.447889 ], [ 551576.094908999977633, 232556.76717499998631 ], [ 558195.452212000032887, 224521.974320999986958 ], [ 558277.645002000033855, 224281.295308 ], [ 558281.285258000018075, 224264.37724 ], [ 558285.868091000011191, 224239.888257000013255 ], [ 558288.878546, 224209.897659 ], [ 558287.986389999976382, 224204.735706 ], [ 554924.64482299995143, 218522.788234 ], [ 552212.734808000037447, 215812.410402999987127 ], [ 551327.170209, 215494.40068 ], [ 551072.805835, 215417.96034 ], [ 550920.559281000052579, 215378.931869 ], [ 528840.683816, 210563.211581000010483 ], [ 528797.165468, 210555.574734 ] ] ] } },
{ "type": "Feature", "properties": { "TERYT": "1212", "Nazwa": "powiat olkuski" }, "geometry": { "type": "Polygon", "coordinates": [ [ [ 542806.110514999949373, 258148.402939 ], [ 542712.496800999972038, 258158.366833999985829 ], [ 542491.120710000046529, 258201.851839999988442 ], [ 528307.530979000031948, 262788.18213700002525 ], [ 528161.970453000045381, 262855.622217 ], [ 524242.280651999986731, 264769.887652 ], [ 524234.220076000026893, 264776.930517999979202 ], [ 524115.060812000010628, 264881.524658999987878 ], [ 523046.972134999989066, 265823.448718000028748 ], [ 523048.225000999984331, 265868.896569999982603 ], [ 534648.287250999943353, 281208.290767 ], [ 536784.280723999952897, 283375.80773900001077 ], [ 536829.24736599996686, 283416.286961 ], [ 536832.738456, 283419.429440999985673 ], [ 537259.043986, 283562.611565999977756 ], [ 537557.371035999967717, 283660.636444 ], [ 537894.076853999984451, 283771.199467000027653 ], [ 538013.762951000011526, 283807.918186000024434 ], [ 549737.659781, 287191.895693 ], [ 556847.71908099995926, 286614.350783 ], [ 559633.519911000039428, 286079.870426999987103 ], [ 559717.185914000030607, 286053.831064000027254 ], [ 559823.194972999976017, 285889.295096000016201 ], [ 559960.476146999979392, 285573.136003000021446 ], [ 565571.746372999972664, 270557.619758000015281 ], [ 563667.695695, 266866.081646999984514 ], [ 560360.242580999969505, 265029.99916 ], [ 560353.596878999960609, 265026.930956 ], [ 544913.111077000037767, 258488.685887 ], [ 542874.486518000019714, 258157.673807000013767 ], [ 542806.110514999949373, 258148.402939 ] ] ] } },
{ "type": "Feature", "properties": { "TERYT": "1215", "Nazwa": "powiat suski" }, "geometry": { "type": "Polygon", "coordinates": [ [ [ 537856.569906000047922, 189545.550591 ], [ 537730.350247, 189554.430276 ], [ 537455.429695000057109, 189682.749821 ], [ 534880.410052999970503, 191065.309901 ], [ 534725.429710000054911, 191159.399918999988586 ], [ 534567.770199000020511, 191288.869774 ], [ 533890.279722, 192122.160018 ], [ 526692.705773000023328, 202945.285532999987481 ], [ 526674.490615000016987, 203125.691785 ], [ 529867.726504000020213, 212071.969544 ], [ 530024.020417000050656, 212235.839516 ], [ 530050.957945000031032, 212264.00688 ], [ 532066.226003000047058, 214358.820883999986108 ], [ 532797.022298999945633, 214601.539367 ], [ 533159.752873, 214688.211634 ], [ 554251.203012999962084, 218540.5086 ], [ 554269.772237000055611, 218536.94508 ], [ 554457.42848, 218400.628718 ], [ 555208.550835, 217803.431355 ], [ 565736.012486999970861, 205528.149195 ], [ 565406.15769999998156, 198093.958103000011761 ], [ 565398.027024999959394, 197925.011751000012737 ], [ 562384.11105199996382, 192863.473799 ], [ 562380.671367999981157, 192858.624592 ], [ 562360.694853, 192830.511849 ], [ 562323.906419, 192789.525685 ], [ 561550.73063, 192349.346384 ], [ 561540.390191999962553, 192344.971999 ], [ 561527.485121999983676, 192339.670519 ], [ 554377.914622999960557, 189628.53818 ], [ 554331.710488999960944, 189619.142135 ], [ 554329.065045999945141, 189618.612206 ], [ 554248.592890999978408, 189617.45348 ], [ 553236.255841734004207, 189465.363896375114564 ], [ 549101.530272793257609, 189672.100174822175177 ], [ 544630.858251375961117, 194607.928822745278012 ], [ 543545.492789528914727, 193936.035917792411055 ], [ 542692.705640934873372, 190731.623601863248041 ], [ 539229.872976946993731, 189723.784244433918502 ], [ 537856.569906000047922, 189545.550591 ] ] ] } },
{ "type": "Feature", "properties": { "TERYT": "1206", "Nazwa": "powiat krakowski" }, "geometry": { "type": "Polygon", "coordinates": [ [ [ 558195.452212000032887, 224521.974320999986958 ], [ 555498.878031000029296, 225359.643265 ], [ 555465.495047, 225374.007499 ], [ 541440.594886000035331, 235998.090227999986382 ], [ 541379.059453999972902, 236055.573037 ], [ 540564.380225999979302, 237330.557638 ], [ 540530.274087999947369, 237405.997327 ], [ 540135.731098999967799, 238458.568747000012081 ], [ 539986.740559000056237, 239102.582778000010876 ], [ 538024.652328999945894, 252067.542198999988614 ], [ 537137.260667999973521, 258066.861945999989985 ], [ 537478.54498899995815, 259410.452660999988439 ], [ 547915.831949000013992, 270168.904988 ], [ 548053.216114999959245, 270203.465399999986403 ], [ 548487.947435999987647, 270277.87267900002189 ], [ 549893.678559000021778, 270516.468612 ], [ 579867.037727999966592, 272545.512675 ], [ 579982.401395999942906, 272475.569307999976445 ], [ 580123.182622, 272389.842911000014283 ], [ 582738.5196, 270659.857357 ], [ 583807.399352999986149, 269881.787755 ], [ 583878.099015000043437, 269786.697844 ], [ 594583.496236999984831, 255348.290633 ], [ 594784.073485999950208, 254967.757634999987204 ], [ 596753.948744999943301, 250862.006168 ], [ 596397.32070499996189, 248714.989081999985501 ], [ 596388.265825, 248676.033533999987412 ], [ 596365.944323000032455, 248597.849705 ], [ 596356.270579, 248572.31403 ], [ 596325.475721, 248505.141497 ], [ 596312.547079000039957, 248477.160137 ], [ 596294.012234000023454, 248447.989215 ], [ 596278.820327, 248424.645765 ], [ 596262.786144000012428, 248401.000307999987854 ], [ 596241.243458000011742, 248372.8882530000119 ], [ 596209.854361, 248334.97384 ], [ 596179.864979999954812, 248304.936549 ], [ 596056.108148999977857, 248198.119581 ], [ 596032.984029000042938, 248179.403929 ], [ 571863.315417999983765, 229796.676877 ], [ 566786.288187999976799, 226633.937267 ], [ 566766.522884999983944, 226622.363128 ], [ 565716.721514999982901, 226090.567855 ], [ 558195.452212000032887, 224521.974320999986958 ] ], [ [ 557981.499482963001356, 238681.519184173783287 ], [ 558136.551691798260435, 237492.785583103308454 ], [ 560462.33482432749588, 237596.153722326824209 ], [ 562219.593191127409227, 236200.683842809288763 ], [ 566250.950620844727382, 236045.631633974000579 ], [ 568266.629335703328252, 235683.843146691680886 ], [ 571367.673512408975512, 236407.420121256320272 ], [ 571212.621303573716432, 238216.36255766794784 ], [ 574727.13803717342671, 238578.151044950267533 ], [ 575502.399081349838525, 240697.197899032442365 ], [ 577207.973378537921235, 243074.665101173421135 ], [ 581446.067086702329107, 243901.610214961605379 ], [ 586097.633351760683581, 243539.821727679285686 ], [ 584702.163472243235447, 245348.764164090884151 ], [ 584288.690915349172428, 248191.387992737727473 ], [ 584443.743124184431508, 250052.014498761098366 ], [ 582996.589175055152737, 250000.330429149325937 ], [ 582221.328130878740922, 248604.860549631790491 ], [ 578500.075118831940927, 249121.701245749398367 ], [ 568525.04968376213219, 248243.072062349470798 ], [ 564907.164810938877054, 248191.387992737727473 ], [ 563873.483418703777716, 249638.541941867006244 ], [ 561702.752495009801351, 247312.758809337799903 ], [ 559221.917153645306826, 246279.07741710258415 ], [ 558705.076457527698949, 245038.659746420336887 ], [ 559687.073780151084065, 244160.030563020409318 ], [ 558911.81273597467225, 242351.088126608781749 ], [ 560100.546337045263499, 239921.93685485603055 ], [ 557981.499482963001356, 238681.519184173783287 ] ] ] } },
{ "type": "Feature", "properties": { "TERYT": "1211", "Nazwa": "powiat nowotarski" }, "geometry": { "type": "Polygon", "coordinates": [ [ [ 564859.379635000019334, 162487.623776 ], [ 564542.110141000011936, 162497.616743 ], [ 564510.667997000040486, 162499.583390000014333 ], [ 561208.52357934822794, 164605.326413118367782 ], [ 557748.929799000034109, 164754.33986 ], [ 545822.57022, 171445.179666999989422 ], [ 545813.170343999983743, 171450.630551 ], [ 542127.919755000039004, 176601.730036 ], [ 541060.539736, 178342.279542 ], [ 540083.860302999964915, 180424.379928 ], [ 538712.32972699997481, 184456.849867000011727 ], [ 538368.879775000037625, 185505.760531999985687 ], [ 538287.349651, 185800.690148 ], [ 538278.450201999978162, 185836.560336 ], [ 538275.570307999965735, 185881.290147 ], [ 538129.630279000033624, 188327.669790000014473 ], [ 538259.030294999945909, 189645.190204000013182 ], [ 539229.872976946993731, 190447.361218998557888 ], [ 541555.656109476229176, 192747.302316721907118 ], [ 542623.143135000020266, 195179.01913999998942 ], [ 542720.555243000038899, 195214.787917999987258 ], [ 542924.092836000025272, 195255.598896000010427 ], [ 544656.700286181643605, 195796.662423815781949 ], [ 550703.736430757679045, 191506.88464603968896 ], [ 559955.184891262790188, 193264.143012839544099 ], [ 563650.595868503558449, 197502.236721003864659 ], [ 568369.936462000012398, 199606.324658 ], [ 568920.983169000013731, 199699.788158000010299 ], [ 568939.043378000031225, 199701.85855 ], [ 569783.027903, 199746.534217 ], [ 569921.664417000021785, 199752.003918 ], [ 569929.635221999953501, 199752.265653 ], [ 569955.465854999958538, 199753.093566 ], [ 569996.730408999952488, 199754.370826 ], [ 570008.039854999980889, 199754.642382 ], [ 570021.405451999977231, 199752.039306 ], [ 570030.018737999955192, 199750.328594 ], [ 570045.456311000045389, 199747.250989 ], [ 570062.161286000045948, 199743.876299 ], [ 570079.733565, 199737.605963 ], [ 570085.628043, 199735.493416000012076 ], [ 570092.526586, 199732.856919000012567 ], [ 570169.798576000030152, 199702.672348 ], [ 572320.598545876448043, 198846.02253090965678 ], [ 576274.429871176253073, 189633.337122613331303 ], [ 584440.512869834434241, 188289.551312707568286 ], [ 592709.964007716043852, 190667.018514848547056 ], [ 593766.178927000029944, 190337.75212 ], [ 605359.640045193955302, 183844.721326096128905 ], [ 606496.689576652715914, 181079.623601866944227 ], [ 611897.6748510816833, 179839.205931184696965 ], [ 614257.649975999956951, 178740.102095999987796 ], [ 616446.335471999947913, 176897.273402 ], [ 616756.975587000022642, 175902.438828000013018 ], [ 617242.808492999989539, 173794.494155 ], [ 617032.679910999955609, 171735.430279 ], [ 616146.75006700004451, 170296.970257 ], [ 616092.899877000018023, 170211.089928 ], [ 615894.019861, 169981.819885 ], [ 615806.98032900004182, 169891.630191 ], [ 615520.209845999954268, 169613.65971 ], [ 614382.990127000026405, 168835.559652 ], [ 614353.100015999982134, 168825.769673 ], [ 614331.119978999951854, 168818.719974 ], [ 595334.039865000057034, 164807.660485 ], [ 586432.320029999944381, 164041.469653999985894 ], [ 585034.879670369788073, 165070.483039624203229 ], [ 582398.992120170034468, 168998.47233011800563 ], [ 578781.107247346779332, 172512.989063717715908 ], [ 574232.9091215118533, 169566.997095847356832 ], [ 565088.374266, 162488.989318 ], [ 564859.379635000019334, 162487.623776 ] ] ] } },
{ "type": "Feature", "properties": { "TERYT": "1209", "Nazwa": "powiat myślenicki" }, "geometry": { "type": "Polygon", "coordinates": [ [ [ 568351.863919000024907, 194935.596144000010099 ], [ 567184.2775730000576, 195225.759207 ], [ 566404.823206000030041, 195464.771894 ], [ 566292.158413999946788, 195531.964371999987634 ], [ 566087.419385000015609, 195657.820664 ], [ 565887.14814900001511, 195782.194826 ], [ 565146.774362999945879, 196397.444484 ], [ 565043.065272000036202, 196499.644428 ], [ 564543.479205999989063, 196998.051537 ], [ 557438.566867999965325, 204445.75457 ], [ 557425.272318999981508, 204459.99606100001256 ], [ 557408.409990999964066, 204479.410744 ], [ 557385.529344000038691, 204507.501953 ], [ 557372.355485999956727, 204536.702052999986336 ], [ 553466.912778, 213950.993524 ], [ 553919.34101199998986, 216490.519208000012441 ], [ 554323.273499, 217961.10303 ], [ 554328.47996799997054, 217977.276678 ], [ 555812.890205999952741, 222486.332111 ], [ 560959.285894999979064, 229688.153354999987641 ], [ 560966.574555999948643, 229693.356172 ], [ 571148.17865100002382, 229897.996098 ], [ 571168.961916, 229897.652207 ], [ 577318.047734000021592, 229608.823749 ], [ 577362.916812999988906, 229606.183534999989206 ], [ 577616.589893999975175, 229558.084674000012456 ], [ 579221.138216000050306, 229007.739726 ], [ 579239.70418600004632, 228998.368347000010544 ], [ 579680.761183999944478, 228735.19837 ], [ 585116.9520059999777, 225123.639245 ], [ 588551.648368999944068, 222537.494176 ], [ 589600.807906999951228, 220336.556898 ], [ 589685.357621000031941, 219393.236174 ], [ 589399.030264999950305, 218559.726465000014286 ], [ 589377.694395, 218526.753065 ], [ 582015.771022, 209569.065443 ], [ 568611.181613, 195204.309608999988995 ], [ 568385.178454000037163, 194967.013335 ], [ 568372.905354000045918, 194955.240454000013415 ], [ 568351.863919000024907, 194935.596144000010099 ] ] ] } },
{ "type": "Feature", "properties": { "TERYT": "1217", "Nazwa": "powiat tatrzański" }, "geometry": { "type": "Polygon", "coordinates": [ [ [ 578615.5601500000339, 146221.78999 ], [ 578462.799818000057712, 146226.589791 ], [ 578450.549967000028118, 146227.420385 ], [ 576287.35088857926894, 146826.00646667269757 ], [ 569103.265212544589303, 151270.836453284078743 ], [ 563779.806042533251457, 147446.215302013821201 ], [ 561256.679749, 147573.290332 ], [ 557115.750167, 148270.240649000013946 ], [ 557084.749804000020958, 148278.350011 ], [ 557070.229835, 148284.710499999986496 ], [ 556982.600271999952383, 148330.819867000012891 ], [ 555566.229944000020623, 149176.160083 ], [ 555386.699933000025339, 149446.559604999987641 ], [ 555322.900233999942429, 149587.540657 ], [ 555294.669924000045285, 149682.640322 ], [ 555227.539827, 150028.570601000013994 ], [ 555215.039705, 150107.590065 ], [ 557716.17002700001467, 164583.639769 ], [ 557748.929799000034109, 164754.33986 ], [ 558081.637367836781777, 165109.246091833076207 ], [ 561156.839509736513719, 165613.165770547726424 ], [ 561957.942588718724437, 165328.903387683036271 ], [ 564671.356243336223997, 162925.594150736171287 ], [ 565369.091183095006272, 165044.641004818375222 ], [ 567681.95329822122585, 165962.033240427088458 ], [ 568185.87297693581786, 168908.025208297447534 ], [ 574543.01353918237146, 171686.043949929589871 ], [ 576170.336635999963619, 173743.818999000010081 ], [ 578672.36679, 174004.827767999988282 ], [ 578683.81049099995289, 174005.711627000011504 ], [ 578700.47057, 174003.29355 ], [ 578736.027537000016309, 173997.798476 ], [ 578815.695378000033088, 173979.806743 ], [ 578822.404112000018358, 173977.904782 ], [ 578842.701507000019774, 173972.144834 ], [ 578847.012941999942996, 173970.91981 ], [ 578849.148322000051849, 173970.306907 ], [ 578876.608826000010595, 173959.857086 ], [ 578884.636867000022903, 173956.471402 ], [ 578896.426381999976002, 173951.484823 ], [ 578925.38587799994275, 173937.657633 ], [ 578929.368999999947846, 173935.623084 ], [ 578936.129625999950804, 173932.143501000013202 ], [ 579791.830934999976307, 173483.054578000010224 ], [ 579837.646287000039592, 173455.676344 ], [ 580922.882831000024453, 172411.316394 ], [ 583741.659530999953859, 169456.862858 ], [ 583749.420249999966472, 169446.971525 ], [ 585061.75361899996642, 167393.430591999989701 ], [ 585084.910354000050575, 167353.35381 ], [ 586432.320029999944381, 164041.469653999985894 ], [ 586443.790306000038981, 163971.670346 ], [ 586440.039826, 163839.380248 ], [ 586410.869895000010729, 163576.669724 ], [ 586402.740069000050426, 163508.960449 ], [ 586375.130284999962896, 163432.280582 ], [ 579277.330166999949142, 146358.380485 ], [ 579260.839711999986321, 146345.899625 ], [ 578615.5601500000339, 146221.78999 ] ] ] } },
{ "type": "Feature", "properties": { "TERYT": "1261", "Nazwa": "powiat Kraków" }, "geometry": { "type": "Polygon", "coordinates": [ [ [ 568515.076782000018284, 233811.931756 ], [ 562648.813329000025988, 234157.469021 ], [ 562430.259099000017159, 234187.72505 ], [ 562414.494597999961115, 234191.052090000011958 ], [ 562385.000979, 234200.121206999989226 ], [ 556782.775692000053823, 236491.560309 ], [ 556734.828493, 236519.698897 ], [ 556746.135948000010103, 238581.515835 ], [ 556750.36067299998831, 238631.372299999988172 ], [ 557355.217014000052586, 244969.029925 ], [ 557815.653847999987192, 245994.560944 ], [ 557816.308058000053279, 245995.518457 ], [ 557863.927112999954261, 246065.18218900001375 ], [ 557871.983016000012867, 246076.054620999988401 ], [ 557882.368328999960795, 246088.808582 ], [ 557894.015878999955021, 246101.46627 ], [ 557902.354767999961041, 246109.248081 ], [ 563015.4155, 250810.784922 ], [ 563022.552694999962114, 250817.154533 ], [ 563040.73843999998644, 250832.398077 ], [ 563043.643197000026703, 250834.814697 ], [ 563776.471728999982588, 251363.713055 ], [ 563851.902069999952801, 251368.123845 ], [ 563910.38422799995169, 251371.50003 ], [ 564191.311383, 251374.529687 ], [ 583316.032295000040904, 251127.420185 ], [ 585685.727922, 251058.27504899998894 ], [ 585853.048828999977559, 251045.332294 ], [ 586416.252637999947183, 250513.46862 ], [ 587119.635679999948479, 243617.35589 ], [ 586607.46907, 242720.743728 ], [ 586581.713399, 242683.042521 ], [ 586558.357078999979421, 242655.83308000001125 ], [ 586530.20662099996116, 242626.184881 ], [ 586492.891183999949135, 242597.182317 ], [ 586454.399393999949098, 242574.006864 ], [ 572271.379456000053324, 234685.832276 ], [ 572262.183868000051007, 234681.267136 ], [ 572175.058137999963947, 234648.715663999988465 ], [ 568954.128994000027888, 233891.831 ], [ 568549.569823, 233817.092505999986315 ], [ 568541.4743, 233815.876247999985935 ], [ 568515.076782000018284, 233811.931756 ] ] ] } },
{ "type": "Feature", "properties": { "TERYT": "1219", "Nazwa": "powiat wielicki" }, "geometry": { "type": "Polygon", "coordinates": [ [ [ 588634.677063000039198, 222520.045351999986451 ], [ 588609.204693999956362, 222521.08458 ], [ 588272.442998999962583, 222592.318250999989687 ], [ 586456.398121000034735, 223047.361624000011943 ], [ 572955.049685999983922, 227011.647835999989184 ], [ 572924.055773, 227039.44251299998723 ], [ 572335.43065, 228003.909649999986868 ], [ 569271.420732000027783, 233215.011811 ], [ 569179.766506999963894, 233514.538409 ], [ 569070.202718000044115, 233926.036144000012428 ], [ 569033.43665599997621, 234120.688663 ], [ 569027.750666999956593, 234195.025797 ], [ 569026.622502999962308, 234213.660595 ], [ 569026.601694999961182, 234214.440727 ], [ 569027.822840000037104, 234244.294592 ], [ 569028.4354540000204, 234251.289285 ], [ 569029.362533999956213, 234261.870907 ], [ 569031.935030999942683, 234287.163242 ], [ 569035.763832999975421, 234324.195346 ], [ 569119.109069, 234940.44407600001432 ], [ 572093.265892000054009, 237730.333519 ], [ 577823.686625999980606, 242486.263908 ], [ 577853.811284999945201, 242509.724926 ], [ 577865.386775000020862, 242518.002244 ], [ 577877.307913, 242525.699938 ], [ 592686.141079999972135, 248627.31878 ], [ 592709.484754999983124, 248636.342937999987043 ], [ 592740.151959000038914, 248645.562094 ], [ 592769.061693000025116, 248652.075912 ], [ 592793.585528000025079, 248657.001641 ], [ 592817.956571000046097, 248660.513895000010962 ], [ 592842.698581999982707, 248662.886347 ], [ 596711.350118999951519, 248978.316242 ], [ 598718.733982000034302, 245060.79961300001014 ], [ 599365.647441999986768, 240349.371762 ], [ 593724.839984999969602, 228177.897391 ], [ 592473.052689000032842, 225853.230592999985674 ], [ 590183.00493599998299, 222918.354052 ], [ 589802.914322, 222568.836719000013545 ], [ 589796.903673999942839, 222563.656866 ], [ 589787.721215000026859, 222560.44306 ], [ 589760.051146000041626, 222551.295504999987315 ], [ 588634.677063000039198, 222520.045351999986451 ] ] ] } },
{ "type": "Feature", "properties": { "TERYT": "1207", "Nazwa": "powiat limanowski" }, "geometry": { "type": "Polygon", "coordinates": [ [ [ 598520.607845, 186080.291506999987178 ], [ 597141.872976924409159, 186312.635650057753082 ], [ 595591.350888571585529, 186997.449572413577698 ], [ 594247.5650786657352, 189013.128287272236776 ], [ 589621.840848413179629, 187876.078755813505268 ], [ 584350.065748013556004, 186907.002450592990499 ], [ 583111.594340999959968, 186762.911892 ], [ 580937.265687, 186910.886451 ], [ 580585.073855999973603, 187008.213161 ], [ 575158.6599260000512, 188563.400166 ], [ 574993.34398, 188773.641532999987248 ], [ 574296.570218999986537, 189999.057607 ], [ 572430.689050000044517, 193767.955680000013672 ], [ 572167.810264999978244, 194425.825304 ], [ 572153.333187000011094, 194493.141909 ], [ 571501.425676999962889, 198607.169777 ], [ 571499.748983000055887, 198630.339234000013676 ], [ 571500.062951000058092, 198657.610091999988072 ], [ 571501.097579999943264, 198687.859548999986146 ], [ 572209.732515000039712, 204222.923562000010861 ], [ 572287.955332000041381, 204425.483757 ], [ 572400.313294, 204695.86388300001272 ], [ 573579.140451999963261, 207488.270544 ], [ 573971.176879000035115, 208184.715627 ], [ 574414.752607999951579, 208764.387324999988778 ], [ 574848.380974999978207, 209292.968124 ], [ 582922.301198999979533, 215944.655817 ], [ 589460.238544999971054, 218760.178339 ], [ 590551.217040000017732, 218965.121591 ], [ 590597.595158000010997, 218961.84969 ], [ 609079.819183000014164, 215729.659685 ], [ 609196.362283000024036, 215664.08774399998947 ], [ 613292.680671000038274, 212848.100012999988394 ], [ 613770.19542, 212454.178337 ], [ 614882.9542440000223, 211140.499025 ], [ 614892.98469800001476, 211116.428426 ], [ 614761.141298, 204360.695784999988973 ], [ 613951.799728999962099, 198764.556982 ], [ 613949.330988000030629, 198751.372798 ], [ 612060.374822000041604, 192613.46924899998703 ], [ 612024.726845999946818, 192541.370956 ], [ 612019.694316999986768, 192533.218621999985771 ], [ 612010.354502000031061, 192518.97131600001012 ], [ 611899.764289999962784, 192361.171586000011303 ], [ 611447.500587000045925, 191876.11916 ], [ 611244.75046500004828, 191722.918736 ], [ 610860.196586000034586, 191511.342127000010805 ], [ 609016.287970225908794, 190841.452249788388144 ], [ 606936.004168352577835, 191035.267510832491098 ], [ 601547.939911326626316, 193774.523200255818665 ], [ 600359.206310256151482, 195014.940870938065927 ], [ 599558.103231273824349, 194704.836453267518664 ], [ 599738.997474914998747, 192895.894016855891095 ], [ 600772.678867150214501, 189484.745422479696572 ], [ 599493.498144259094261, 186603.35854162403848 ], [ 598520.607845, 186080.291506999987178 ] ] ] } },
{ "type": "Feature", "properties": { "TERYT": "2401", "Nazwa": "powiat będziński" }, "geometry": { "type": "Polygon", "coordinates": [ [ [ 522370.398638000013307, 265653.434774999972433 ], [ 504350.714639000012539, 269805.581263999978546 ], [ 503848.442942, 269968.25244000001112 ], [ 503829.396781000017654, 269975.113705999974627 ], [ 503812.825854, 269981.72340700001223 ], [ 503737.677107000024989, 270014.193313999974634 ], [ 503704.05906, 270038.100664000026882 ], [ 503209.266262000019196, 270424.297709 ], [ 497057.004735999973491, 278810.577436 ], [ 497033.719331, 278843.127694000024348 ], [ 497024.174532999983057, 278858.981969000014942 ], [ 497014.208945000020321, 278877.188728999986779 ], [ 497007.48612299998058, 278891.560826 ], [ 496998.156266, 278916.39119 ], [ 496995.05413399997633, 278928.719318000017665 ], [ 496989.185864, 278959.360131 ], [ 496986.181235000025481, 278983.075284000020474 ], [ 496986.553869, 279005.749154000019189 ], [ 496987.267678999982309, 279031.020681000023615 ], [ 497000.78847999998834, 279189.501674 ], [ 497018.803082, 279400.407083 ], [ 497021.950909, 279418.982143 ], [ 497832.989246000011917, 282783.493965999979991 ], [ 497833.710444000025745, 282785.813524 ], [ 497858.449892, 282847.044355000020005 ], [ 499150.949363, 284977.701696 ], [ 501553.867940000025555, 287709.932165 ], [ 509576.752525000018068, 295201.702433000027668 ], [ 509942.757668, 295474.600833999982569 ], [ 510240.731451999978162, 295674.551052999973763 ], [ 510296.28750899998704, 295707.951294000027701 ], [ 510298.080987999972422, 295709.006392000010237 ], [ 510453.866214999987278, 295799.560443 ], [ 510620.445358, 295841.938879999972414 ], [ 512942.79747699998552, 296311.406354999984615 ], [ 518992.504896999977063, 296622.945793 ], [ 521272.854231, 295768.185948 ], [ 521545.15674200002104, 295643.202277 ], [ 521595.735982000012882, 295593.602138000016566 ], [ 521606.291257, 295578.96421 ], [ 521661.079887000028975, 295502.738351 ], [ 521666.671068999974523, 295494.957724999985658 ], [ 522009.387033178063575, 294991.31302618724294 ], [ 519916.182213901774958, 292329.583441181574017 ], [ 520458.864944825414568, 290546.483039575687144 ], [ 521337.494128225313034, 284887.077417088032234 ], [ 517771.293325013539288, 284551.130964611482341 ], [ 517409.504837731248699, 281346.71864868234843 ], [ 513946.672173743252642, 278865.883307317853905 ], [ 513998.356243355025072, 276126.627617894555442 ], [ 512163.5717721375986, 272870.531232353649102 ], [ 519580.235761425166856, 270803.168447883217596 ], [ 525420.535627554054372, 274007.580763812351506 ], [ 528263.159456200897694, 273490.74006769474363 ], [ 528935.784256999962963, 272325.462493000028189 ], [ 529501.387812, 270248.34352699998999 ], [ 529501.068038000026718, 270239.398964 ], [ 529498.686273999977857, 270174.381591000012122 ], [ 527253.358046, 267439.456839 ], [ 527242.194237999967299, 267426.93185 ], [ 525881.334471, 266002.413023 ], [ 525691.289182999986224, 265899.608935000025667 ], [ 525591.368992, 265845.742515 ], [ 522641.410859, 265666.406208999978844 ], [ 522370.398638000013307, 265653.434774999972433 ] ] ] } },
{ "type": "Feature", "properties": { "TERYT": "1208", "Nazwa": "powiat miechowski" }, "geometry": { "type": "Polygon", "coordinates": [ [ [ 565916.607904999982566, 266159.214428999985103 ], [ 565594.343717999989167, 266240.22638 ], [ 558724.709842000040226, 273682.147829000023194 ], [ 559373.511961000040174, 281689.565505 ], [ 559960.476146999979392, 285573.136003000021446 ], [ 560433.989993999945, 286921.060741 ], [ 560439.164946999982931, 286932.465114000020549 ], [ 560452.275759999989532, 286955.374609 ], [ 560459.214807000011206, 286963.916516 ], [ 560469.856845999951474, 286975.842802 ], [ 560476.391720999963582, 286983.16614699998172 ], [ 560485.469973, 286992.226219 ], [ 568804.145855, 295273.955258 ], [ 568817.99943099997472, 295274.428836999984924 ], [ 568857.692714, 295275.767758 ], [ 569176.498520000022836, 295275.742578 ], [ 569984.798975000041537, 295209.539706000010483 ], [ 585461.881163000012748, 292763.203982 ], [ 585466.138685000012629, 292762.148995 ], [ 586534.84075600001961, 292240.194207000022288 ], [ 590301.888589999987744, 289979.301229999982752 ], [ 595219.416755000012927, 277799.673763 ], [ 595229.553581999964081, 277699.343986 ], [ 595234.218108, 277602.826292000012472 ], [ 595236.552823, 277542.759872000024188 ], [ 592020.810032999957912, 272116.357971000019461 ], [ 590406.609487000037916, 271438.379736999981105 ], [ 584115.485806999960914, 269948.290667 ], [ 583730.107696000020951, 269864.614638000028208 ], [ 565916.607904999982566, 266159.214428999985103 ] ] ] } },
{ "type": "Feature", "properties": { "TERYT": "2601", "Nazwa": "powiat buski" }, "geometry": { "type": "Polygon", "coordinates": [ [ [ 630627.631199000054039, 268953.375739999988582 ], [ 622367.248812000034377, 269605.048988999973517 ], [ 620835.474632999976166, 269975.691294000018388 ], [ 616967.623300999985076, 273213.338357999979053 ], [ 615723.558123999973759, 274899.315514000016265 ], [ 614196.020917000016198, 277522.801503999973647 ], [ 614088.028054, 277795.577754000027198 ], [ 613760.212726, 296290.524771000025794 ], [ 629387.688284000032581, 309260.075144 ], [ 629474.173760000034235, 309312.268266000028234 ], [ 629573.698701999965124, 309335.223202999972273 ], [ 634132.791959999944083, 309647.30910800001584 ], [ 634236.446175000048243, 309646.49494 ], [ 635015.219615999958478, 309531.412874999979977 ], [ 635174.241212000022642, 309483.639598999987356 ], [ 635183.426257999963127, 309478.507814000011422 ], [ 635204.042931, 309466.986627999984194 ], [ 646605.644037000020035, 301405.307230999984313 ], [ 648992.381199000054039, 296778.344633999979123 ], [ 649895.733265000046231, 293786.211764 ], [ 650100.516292999964207, 293072.903142000024673 ], [ 650106.969501000014134, 293047.889801000012085 ], [ 652834.488732, 278457.800782 ], [ 646929.175096999970265, 274362.435441999987233 ], [ 646732.492034, 274240.11939499998698 ], [ 646517.713250000029802, 274150.747084999980871 ], [ 646297.849124999949709, 274062.347895000013523 ], [ 630776.935953999985941, 268959.985785000026226 ], [ 630627.631199000054039, 268953.375739999988582 ] ] ] } },
{ "type": "Feature", "properties": { "TERYT": "2413", "Nazwa": "powiat tarnogórski" }, "geometry": { "type": "Polygon", "coordinates": [ [ [ 479616.98394, 273468.399955999979284 ], [ 476881.099503999983426, 274500.923981999978423 ], [ 474920.240921000018716, 275911.568490999983624 ], [ 474911.344182999979239, 275935.95463 ], [ 474840.431936, 276134.448626000026707 ], [ 474776.837783000024501, 276312.955426 ], [ 474741.71132, 276417.390098 ], [ 474737.892276, 276430.654191999987233 ], [ 472596.165231, 285634.088966000010259 ], [ 471040.589543999987654, 301055.609405 ], [ 471035.56519, 301273.774260999984108 ], [ 471042.829978999972809, 301319.225123999989592 ], [ 471824.898883000016212, 304233.321124 ], [ 489053.95925100002205, 305623.703449999971781 ], [ 500232.285125, 300939.228430000017397 ], [ 509468.664577000017744, 295061.157505000010133 ], [ 509526.065222, 293036.353175 ], [ 508196.454241, 290464.224672999989707 ], [ 507056.487633000011556, 288510.56010200001765 ], [ 506369.526132999977563, 287781.097954 ], [ 504544.040793999971356, 286213.526659999974072 ], [ 493906.893478000012692, 278305.494671 ], [ 480921.298163999977987, 273855.649296000017785 ], [ 479616.98394, 273468.399955999979284 ] ] ] } },
{ "type": "Feature", "properties": { "TERYT": "2471", "Nazwa": "powiat Piekary Śląskie" }, "geometry": { "type": "Polygon", "coordinates": [ [ [ 500778.374581000010949, 273721.815824 ], [ 497179.769054999982473, 274186.570432999986224 ], [ 497086.740006999985781, 274242.797598999983165 ], [ 493920.912686, 278339.516394999984186 ], [ 493944.790090000024065, 278790.86151100002462 ], [ 494221.613728000025731, 283267.209089000010863 ], [ 494222.829923000012059, 283281.073824000020977 ], [ 494229.206251, 283320.444962 ], [ 494246.770381, 283343.834910999983549 ], [ 494258.491267999983393, 283354.78135 ], [ 494911.073656999971718, 283747.387188000022434 ], [ 494953.77758300001733, 283768.069581000017934 ], [ 496370.939304, 283743.907453000021633 ], [ 497113.029564000025857, 283578.055604 ], [ 497285.15644, 283525.919447999971453 ], [ 497348.349492, 283501.44345899997279 ], [ 497927.235991999972612, 282904.034891000017524 ], [ 502953.821318999980576, 275736.539885999984108 ], [ 502953.794739999982994, 275720.439720000023954 ], [ 502457.657748, 274083.912359 ], [ 500778.374581000010949, 273721.815824 ] ] ] } },
{ "type": "Feature", "properties": { "TERYT": "2608", "Nazwa": "powiat pińczowski" }, "geometry": { "type": "Polygon", "coordinates": [ [ [ 614224.610147999948822, 274739.74975399998948 ], [ 596987.426194999949075, 274906.976495 ], [ 592866.291915999958292, 275117.969335999980103 ], [ 591929.298199999961071, 276203.642928000015672 ], [ 589603.649282000027597, 286072.618886000011116 ], [ 589489.964137000031769, 286770.420831999974325 ], [ 589485.96295099996496, 286794.988522999978159 ], [ 590301.888589999987744, 289979.301229999982752 ], [ 594997.720840999973007, 298512.663481 ], [ 595012.940340999979526, 298530.760512 ], [ 606067.473775999969803, 308737.868319 ], [ 611054.067829999956302, 312172.84605 ], [ 611925.192566000041552, 312402.129347999987658 ], [ 612166.530671000014991, 312458.191788 ], [ 612197.567199000041001, 312463.739221 ], [ 612295.433941000024788, 312481.221128 ], [ 614053.837185999960639, 312780.036937 ], [ 614298.983151, 312781.428548 ], [ 614571.266076000058092, 312778.764034 ], [ 614674.521408000029624, 312770.754125999985263 ], [ 614906.829250999959186, 312741.432615 ], [ 616432.833115000044927, 311735.523133 ], [ 618629.126892999978736, 306517.484422 ], [ 619306.970131000038236, 299042.877541000023484 ], [ 618159.786128, 285848.758337999985088 ], [ 617398.658696, 279926.119798999978229 ], [ 617395.254779999959283, 279915.118345999973826 ], [ 617277.254739, 279552.691506 ], [ 615727.404627999989316, 275059.392041000013705 ], [ 614564.999296, 274750.299348999978974 ], [ 614441.696957999956794, 274745.674800999986473 ], [ 614224.610147999948822, 274739.74975399998948 ] ] ] } },
{ "type": "Feature", "properties": { "TERYT": "2612", "Nazwa": "powiat staszowski" }, "geometry": { "type": "Polygon", "coordinates": [ [ [ 654867.07111400004942, 275893.579344999976456 ], [ 654657.44693700002972, 275914.904354 ], [ 654465.148703000042588, 275984.733094000024721 ], [ 654301.092720999964513, 276075.355672999983653 ], [ 650537.023606, 279286.291375999979209 ], [ 640545.758469, 289723.318816000013612 ], [ 640544.334420999977738, 289724.879193999979179 ], [ 640512.599557999987155, 289759.83346499997424 ], [ 640498.409212999977171, 289775.46729 ], [ 640472.546573000028729, 289814.996189999976195 ], [ 640468.32462900003884, 289821.469426000025123 ], [ 640465.822741999989375, 289825.79949 ], [ 640243.283386999974027, 290298.816517999977805 ], [ 636591.462177, 298862.108327 ], [ 632485.000491000013426, 309306.883383999986108 ], [ 632700.579237999976613, 312171.720569 ], [ 632740.013949000043795, 312193.743198000011034 ], [ 632865.761471000034362, 312263.96730000001844 ], [ 632869.336106, 312265.957769999979064 ], [ 651584.27622, 317375.531919999979436 ], [ 652172.686052000033669, 317533.322152999986429 ], [ 652284.866731000016443, 317546.772409000026528 ], [ 652352.737908000010066, 317550.364508000027854 ], [ 654111.031948999967426, 317597.238671 ], [ 661604.657612, 317149.729738000023644 ], [ 661619.221848999965005, 317146.139535999973305 ], [ 665832.455326, 315669.479853999975603 ], [ 665880.471250999951735, 315640.515462999988813 ], [ 665970.191071999957785, 315579.405708 ], [ 669517.699889000039548, 312027.225958 ], [ 670146.088953000027686, 311099.816795 ], [ 677858.856144999968819, 298029.005501999985427 ], [ 678371.840041000046767, 296818.867613999987952 ], [ 678373.893059000023641, 296813.794448999979068 ], [ 678459.13746999995783, 296599.907553000026383 ], [ 673629.191142000025138, 290794.065356999984942 ], [ 673392.914378999965265, 290552.578940999985207 ], [ 673298.34653600002639, 290475.707324000017252 ], [ 673265.870314999949187, 290449.599938999977894 ], [ 655154.459169000037946, 276010.434212 ], [ 655030.067364000016823, 275941.140273 ], [ 654867.07111400004942, 275893.579344999976456 ] ] ] } },
{ "type": "Feature", "properties": { "TERYT": "2416", "Nazwa": "powiat zawierciański" }, "geometry": { "type": "Polygon", "coordinates": [ [ [ 528705.915130999987014, 276987.675257999973837 ], [ 521558.018228999979328, 280465.767062 ], [ 521440.509475000028033, 280539.765351 ], [ 521426.529721, 280549.29507 ], [ 521031.986160999978893, 280830.744205 ], [ 517732.704757999978028, 285563.395906 ], [ 519208.5455480000237, 292181.929913999978453 ], [ 519492.657546999980696, 292959.493541 ], [ 520615.571418999985326, 294467.370399 ], [ 526653.984670000034384, 301987.299308000016026 ], [ 526994.212180000031367, 302402.17152899998473 ], [ 550302.478014, 318262.599473999987822 ], [ 557204.460972000029869, 317917.25949899997795 ], [ 561539.353685999987647, 314351.637224 ], [ 565198.148173999972641, 308456.357260000018869 ], [ 569089.527803999953903, 290432.690394999983255 ], [ 569070.8157689999789, 290369.842713000020012 ], [ 569019.303619000012986, 290270.961036 ], [ 568949.528781999950297, 290193.882721 ], [ 568847.92324799997732, 290100.810261 ], [ 560595.973409999976866, 285685.423457 ], [ 534959.213511000038125, 277764.78490700002294 ], [ 532187.066219000029378, 277065.077392 ], [ 528909.531610999954864, 276991.011642 ], [ 528705.915130999987014, 276987.675257999973837 ] ] ] } },
{ "type": "Feature", "properties": { "TERYT": "2602", "Nazwa": "powiat jędrzejowski" }, "geometry": { "type": "Polygon", "coordinates": [ [ [ 594195.365452000056393, 287521.09841099998448 ], [ 566294.175364000024274, 293219.811135000025388 ], [ 566249.635003000032157, 293234.415825999982189 ], [ 565346.07496999995783, 293721.267370000015944 ], [ 555850.10650400002487, 298899.901912999979686 ], [ 555800.136759000015445, 299772.836331000027712 ], [ 555804.30888100003358, 299815.777741 ], [ 555856.924590999959037, 300275.795618999982253 ], [ 555863.964282999979332, 300301.878200999984983 ], [ 555895.839826000039466, 300411.763604999985546 ], [ 555909.057783000054769, 300455.178281 ], [ 555910.482082, 300458.927801000012551 ], [ 579159.449341999948956, 330123.290354 ], [ 580367.95916099997703, 331328.995775000017602 ], [ 586878.836849999963306, 333945.881826 ], [ 586901.438978999969549, 333954.49263 ], [ 586979.815060000051744, 333984.329746 ], [ 586980.58704100002069, 333984.620667000010144 ], [ 589534.01087799994275, 333816.613681000017095 ], [ 590497.175117, 333559.821642 ], [ 590828.164633000036702, 333370.022918 ], [ 591091.903892999980599, 333213.566110000014305 ], [ 591288.084171000053175, 333061.577310000022408 ], [ 610173.801046999986283, 315807.248368999978993 ], [ 611707.645022999960929, 313323.63551400002325 ], [ 611733.334797000046819, 313266.526969 ], [ 611771.247887999983504, 313160.013775 ], [ 611894.108450000057928, 312633.782839 ], [ 611969.514917999971658, 312238.965707 ], [ 611970.170454, 312168.041058 ], [ 611955.482985, 312121.719523 ], [ 611947.286133000045083, 312103.130505 ], [ 611945.701281000045128, 312099.60813 ], [ 606469.741576, 301757.142502999980934 ], [ 606168.154214999987744, 301212.111039999988861 ], [ 603320.287725999951363, 296780.214866 ], [ 596992.556363999960013, 290154.810584000020754 ], [ 594195.365452000056393, 287521.09841099998448 ] ] ] } },
{ "type": "Feature", "properties": { "TERYT": "2407", "Nazwa": "powiat lubliniecki" }, "geometry": { "type": "Polygon", "coordinates": [ [ [ 503743.003030999971088, 291801.174757 ], [ 488790.271016000013333, 297241.570144 ], [ 471005.841062000021338, 304452.856165 ], [ 465879.357371, 306603.833079 ], [ 465716.472690000024159, 306918.190863 ], [ 465581.064400999981444, 307191.217116000014357 ], [ 465110.956077, 308377.821509999979753 ], [ 464260.539295999973547, 310931.716460999974515 ], [ 463663.676547000010032, 312734.243123999971431 ], [ 463547.874880000017583, 313304.644695000024512 ], [ 463167.968842, 315253.315887 ], [ 465085.417139000026509, 326064.104211999976542 ], [ 465098.886367, 326124.389638 ], [ 468881.983652000024449, 329777.640758999972604 ], [ 469138.977009000023827, 330017.091956000018399 ], [ 469238.950749000010546, 330109.208193 ], [ 471020.261015, 331716.33590499998536 ], [ 471602.053882999985944, 331876.499169000016991 ], [ 472020.076096999982838, 331973.894519000023138 ], [ 472029.426876000012271, 331975.078227000019979 ], [ 472061.414265999977943, 331979.122889 ], [ 472215.678773000021465, 331988.598242999985814 ], [ 472225.863888000021689, 331988.679488 ], [ 472327.753107000025921, 331988.269502000010107 ], [ 472443.65326599997934, 331984.073051000013947 ], [ 472620.582194000016898, 331977.109451 ], [ 472883.980631000013091, 331939.623030000017025 ], [ 472925.505231000017375, 331932.00495500001125 ], [ 472969.679453000018839, 331923.031534 ], [ 472996.705303, 331915.719484 ], [ 494195.820385999977589, 322032.479467 ], [ 506766.851314000028651, 308505.234318999981042 ], [ 507729.232767999987118, 305936.15782299998682 ], [ 507684.539638000016566, 301144.563634000020102 ], [ 506623.020833000016864, 294323.210218 ], [ 505604.564261000021361, 293428.754655 ], [ 503743.003030999971088, 291801.174757 ] ] ] } },
{ "type": "Feature", "properties": { "TERYT": "2409", "Nazwa": "powiat myszkowski" }, "geometry": { "type": "Polygon", "coordinates": [ [ [ 524489.5403370000422, 293336.905544999986887 ], [ 505604.564261000021361, 293428.754655 ], [ 505188.45222500001546, 305452.364429 ], [ 506894.489153, 307574.784216 ], [ 512550.410229999979492, 313504.680409000022337 ], [ 512554.093402000027709, 313506.54904999997234 ], [ 516663.689183, 315138.686090999981388 ], [ 516922.309641, 315204.660122999979649 ], [ 517019.408768999972381, 315229.031697000027634 ], [ 517307.65771, 315298.46304499998223 ], [ 538263.809403000050224, 313644.192816999973729 ], [ 538349.818693, 313612.791608 ], [ 544044.355716999969445, 310298.517256000021007 ], [ 544166.657876000041142, 309703.498589000024367 ], [ 544477.398714, 307918.713919 ], [ 543853.680124999955297, 306396.823558999982197 ], [ 527458.583547999965958, 294944.145621999981813 ], [ 525493.534010999952443, 293664.080461999983527 ], [ 524724.106156999943778, 293403.69946199998958 ], [ 524711.627240999951027, 293399.650099000020418 ], [ 524678.598145000054501, 293389.178081 ], [ 524506.754138999967836, 293338.432952 ], [ 524489.5403370000422, 293336.905544999986887 ] ] ] } },
{ "type": "Feature", "properties": { "TERYT": "2604", "Nazwa": "powiat kielecki" }, "geometry": { "type": "Polygon", "coordinates": [ [ [ 625712.29949, 298105.215436999977101 ], [ 619306.970131000038236, 299042.877541000023484 ], [ 618081.344273000024259, 299377.767108 ], [ 616548.590436000027694, 299984.58443599997554 ], [ 616515.763585999957286, 299998.297634000016842 ], [ 616243.200690999976359, 300121.425066000025254 ], [ 616229.870432000025176, 300128.924555999983568 ], [ 616224.83447, 300131.75795499997912 ], [ 584376.230588000034913, 334196.015629999979865 ], [ 576688.741837, 344703.346245000022464 ], [ 576859.396562000038102, 344942.049861999985296 ], [ 577421.303206000011414, 345701.848306 ], [ 577525.500662000034936, 345837.423629000026267 ], [ 578451.10879800003022, 347013.470908000017516 ], [ 600353.079783999943174, 355078.855732000025455 ], [ 605619.89911, 356578.585111 ], [ 605841.624568999977782, 356602.354898000019602 ], [ 605980.720840999973007, 356616.892441999982111 ], [ 606081.376185999950394, 356625.435117000015453 ], [ 606134.333617000025697, 356629.313589999976102 ], [ 615529.145212, 356390.633624 ], [ 615587.735271999961697, 356381.596165 ], [ 634111.557065999950282, 353407.28797200002009 ], [ 639192.130588000058196, 352556.683886000013445 ], [ 639988.207432999974117, 352079.32251000002725 ], [ 652825.827834, 339258.45621899998514 ], [ 653013.067870000028051, 322545.62529 ], [ 652941.153841000050306, 316034.368352000019513 ], [ 652941.10008, 316031.666886000020895 ], [ 652746.813536999979988, 313549.950418 ], [ 652486.638714, 311144.839686000021175 ], [ 652311.549583000014536, 310973.78503600001568 ], [ 651350.05623700004071, 310064.197285 ], [ 651331.432566000032239, 310049.291121000016574 ], [ 625712.29949, 298105.215436999977101 ] ], [ [ 607023.221035824157298, 332328.207939158659428 ], [ 608392.848880535806529, 331630.472999399935361 ], [ 609943.370968888630159, 329097.953588423668407 ], [ 612114.101892582606524, 329330.531901676557027 ], [ 614103.938572635292076, 328012.588126576680224 ], [ 615137.619964870507829, 328684.481031529547181 ], [ 615137.619964870507829, 329924.898702211794443 ], [ 616171.301357105723582, 330131.63498065888416 ], [ 617282.508853758568875, 333232.679157364473213 ], [ 619634.134021093719639, 333387.7313661997905 ], [ 619530.76588187017478, 333852.887992705625948 ], [ 617773.507515070377849, 333878.730027511483058 ], [ 617618.455306235002354, 336695.511821352411062 ], [ 617515.087167011573911, 339150.505127911048476 ], [ 616662.300018417532556, 338090.981700869975612 ], [ 612475.890379864838906, 339047.136988687561825 ], [ 609349.004168353392743, 337522.456935140595306 ], [ 609168.109924712218344, 334989.937524164328352 ], [ 607953.534288835828193, 334809.043280523153953 ], [ 607023.221035824157298, 332328.207939158659428 ] ] ] } },
{ "type": "Feature", "properties": { "TERYT": "2613", "Nazwa": "powiat włoszczowski" }, "geometry": { "type": "Polygon", "coordinates": [ [ [ 567219.643766999943182, 305851.071288999984972 ], [ 566588.207021999987774, 305872.880858000018634 ], [ 563966.281901999958791, 306214.95504799997434 ], [ 563901.863769000046887, 306225.955240999988746 ], [ 558735.913198000052944, 309709.531939 ], [ 550302.478014, 318262.599473999987822 ], [ 550275.204223999986425, 318328.000470999977551 ], [ 549668.10339499998372, 320839.844339 ], [ 549763.613827000022866, 321888.290027000010014 ], [ 552562.483865999965928, 333551.079695999971591 ], [ 560704.796953000011854, 352560.926672999979928 ], [ 560710.891764999949373, 352574.328189999971073 ], [ 561408.435588, 353865.104103000019677 ], [ 562099.041394000058062, 353795.831790999975055 ], [ 578451.10879800003022, 347013.470908000017516 ], [ 584666.038527, 339962.045134000014514 ], [ 585066.499966999981552, 339409.705098 ], [ 586085.835565999965183, 337993.662297 ], [ 586188.540064999950118, 337832.619189 ], [ 587914.241872000042349, 333898.630191 ], [ 587347.561957999947481, 332018.750814999977592 ], [ 586083.996611000038683, 329549.190569000027608 ], [ 572936.894658999983221, 307868.826700999983586 ], [ 572933.368123000022024, 307866.502782 ], [ 572907.886677999980748, 307849.768900000024587 ], [ 570792.115754000027664, 306733.459895999985747 ], [ 567219.643766999943182, 305851.071288999984972 ] ] ] } },
{ "type": "Feature", "properties": { "TERYT": "2404", "Nazwa": "powiat częstochowski" }, "geometry": { "type": "Polygon", "coordinates": [ [ [ 504330.921471, 307515.166726999974344 ], [ 504327.661781999981031, 307515.769862000015564 ], [ 504138.112835999985691, 307576.323076999979094 ], [ 504133.775137000018731, 307577.751448000024538 ], [ 504086.762378000013996, 307594.70596699998714 ], [ 498917.677738, 310635.873910000023898 ], [ 489309.669819, 322144.153614 ], [ 489865.252220000023954, 324889.268503000028431 ], [ 489970.956483000016306, 325103.214515 ], [ 490054.857112, 325270.882186 ], [ 490219.861680999980308, 325600.399481999978889 ], [ 490224.908703, 325609.995988 ], [ 493266.583820339059457, 328813.691205559065565 ], [ 495695.735092091839761, 329950.74073701776797 ], [ 498848.463338409201242, 330079.950911047169939 ], [ 502776.452628903032746, 328296.850509441457689 ], [ 502647.242454873863608, 326022.751446523994673 ], [ 501561.876993026875425, 324549.755462588800583 ], [ 502853.978733320895117, 320750.976346124429256 ], [ 504585.395065314834937, 320699.292276512656827 ], [ 505464.024248714791611, 319588.084779859811533 ], [ 505877.496805608854629, 320725.134311318513937 ], [ 509831.328130908543244, 321732.97366874787258 ], [ 513242.476725284766871, 321086.922798600862734 ], [ 514896.366952861077152, 324498.071392977028154 ], [ 515439.049683784483932, 327547.431500070902985 ], [ 512751.47806397289969, 329924.898702211910859 ], [ 512363.847541884693783, 334007.940201540943235 ], [ 511330.166149649536237, 334137.150375570345204 ], [ 509056.067086732015014, 331423.73672095296206 ], [ 507117.914476291043684, 331940.577417070569936 ], [ 505541.550353132304735, 333568.625609840964898 ], [ 503655.081812303164043, 337832.561352811229881 ], [ 504378.658786867803428, 343931.281566998921335 ], [ 509303.460850999981631, 349343.810355999972671 ], [ 517448.496478000015486, 352600.639398999977857 ], [ 520447.091888000024483, 353225.551058000011835 ], [ 521768.3862, 353479.854188999976031 ], [ 522247.083501000015531, 353386.230316 ], [ 522317.968629, 353372.226052000012714 ], [ 522613.538690000015777, 353313.827852000016719 ], [ 556671.001944000017829, 331435.51012 ], [ 557655.715639999951236, 330521.28289799997583 ], [ 557675.815079999971204, 330499.385660999978427 ], [ 558104.095283000031486, 329783.051236000028439 ], [ 558473.488541999948211, 328781.812413999985438 ], [ 558596.525432000053115, 328422.375745000026654 ], [ 555555.047166, 311565.117764000024181 ], [ 555395.919787000049837, 311118.956483000016306 ], [ 555237.366857000044547, 310680.119939 ], [ 551793.331170000019483, 308033.216178999980912 ], [ 551790.203504999983124, 308033.060683000017889 ], [ 551655.689909999957308, 308030.271787 ], [ 504330.921471, 307515.166726999974344 ] ] ] } },
{ "type": "Feature", "properties": { "TERYT": "2606", "Nazwa": "powiat opatowski" }, "geometry": { "type": "Polygon", "coordinates": [ [ [ 659834.999835000024177, 315508.733492999977898 ], [ 659830.647719, 315508.770602 ], [ 659812.758113999967463, 315508.986809000023641 ], [ 659795.500998000032268, 315510.892257000028621 ], [ 651044.058257999946363, 316563.240303000027779 ], [ 650982.394440999953076, 316576.664946999982931 ], [ 650947.679561999975704, 316597.536673000024166 ], [ 650545.792632999946363, 317389.392738999973517 ], [ 650435.022841, 318011.651015000010375 ], [ 650197.443616, 329713.087891999981366 ], [ 650183.692049999954179, 330525.491218000010122 ], [ 658730.852664290810935, 333450.159216002444737 ], [ 659826.119143942953087, 335370.431615392386448 ], [ 668588.25098115997389, 339182.527934181736782 ], [ 673396.04409963299986, 337418.722174742026255 ], [ 676013.304258801741526, 333379.038016024976969 ], [ 679313.327937753754668, 335470.00129536096938 ], [ 680309.024737437488511, 339011.837054236035328 ], [ 681688.776016999501735, 346266.199451932043303 ], [ 682670.248576687532477, 348997.25353106460534 ], [ 686638.811535427579656, 352752.452889872074593 ], [ 682917.411617, 359832.582143999985419 ], [ 687405.172481999965385, 360208.607278999988921 ], [ 696304.993678999948315, 359879.166894000023603 ], [ 696740.401315000024624, 359446.347167 ], [ 697667.262152999988757, 358438.79132199997548 ], [ 697792.405247000046074, 358205.757709000026807 ], [ 698011.74782100005541, 357313.618991 ], [ 698049.16734499996528, 357158.126181999978144 ], [ 699431.572676999960095, 338430.781907 ], [ 691583.762247, 327210.893175999983214 ], [ 691557.055326999980025, 327178.844825999985915 ], [ 677763.002392000053078, 315551.52097800001502 ], [ 659834.999835000024177, 315508.733492999977898 ] ] ] } },
{ "type": "Feature", "properties": { "TERYT": "2464", "Nazwa": "powiat Częstochowa" }, "geometry": { "type": "Polygon", "coordinates": [ [ [ 505296.524704999988899, 318642.040953000017907 ], [ 503004.265796999970917, 319754.572233000013512 ], [ 502991.123010999988765, 319762.65535000001546 ], [ 502956.591647, 319783.909361 ], [ 502933.745623000024352, 319798.759348 ], [ 502371.091265, 320167.61869500001194 ], [ 502337.524349000013899, 320213.69501800002763 ], [ 501624.941770999983419, 321299.195400999975391 ], [ 501338.721016999974381, 321754.49601 ], [ 500794.781582000025082, 322767.652324999973644 ], [ 500793.089052999974228, 324472.4022179999738 ], [ 500794.499042999988887, 324491.680883000022732 ], [ 500797.255473, 324516.689284999971278 ], [ 500817.675028999976348, 324620.261673 ], [ 501349.42845, 326629.908562999975402 ], [ 501639.050089000025764, 327551.409793000028003 ], [ 502815.146638999984134, 330479.597323000023607 ], [ 502888.000345, 330628.532675999973435 ], [ 503164.75156900001457, 331106.778249000024516 ], [ 503322.783174999989569, 331356.758169999986421 ], [ 504423.898368, 332536.885187999985646 ], [ 504556.744667000020854, 332678.340936 ], [ 506232.824784189637285, 333316.665770483727101 ], [ 509127.132682448194828, 333394.191874901356641 ], [ 510490.300018458394334, 334763.819719613005873 ], [ 511867.482972999976482, 335307.59120600001188 ], [ 512023.761286000022665, 335307.924 ], [ 512062.112373000010848, 335306.784526999981608 ], [ 512066.168175, 335306.659480999980588 ], [ 512082.466972000023816, 335303.60020699998131 ], [ 512541.518692000012379, 334847.819643999973778 ], [ 512875.536567999981344, 334480.519769 ], [ 514172.789978296204936, 331113.632303282385692 ], [ 516367.896224999974947, 328881.443464000010863 ], [ 516410.884459999972023, 328805.748887999972794 ], [ 516418.748933000024408, 328779.129038000013679 ], [ 516416.999342, 328759.874774000025354 ], [ 515875.868138000019826, 324618.810223 ], [ 513672.978503, 320597.873400999989826 ], [ 509081.909121537930332, 320337.50378923030803 ], [ 505296.524704999988899, 318642.040953000017907 ] ] ] } },
{ "type": "Feature", "properties": { "TERYT": "2406", "Nazwa": "powiat kłobucki" }, "geometry": { "type": "Polygon", "coordinates": [ [ [ 489331.947342999977991, 322133.128115000028629 ], [ 486595.490655999979936, 322412.254411 ], [ 481039.919003000017256, 324290.071955 ], [ 474734.375500999973156, 328672.16613700002199 ], [ 473905.403064000012819, 329353.171832000021823 ], [ 473692.333762000023853, 329539.266444 ], [ 473392.182905, 329902.71339699998498 ], [ 473282.255709, 330057.435922999982722 ], [ 473001.276288, 330599.766695 ], [ 472986.452933, 330628.445434 ], [ 472979.585756000014953, 330643.878145000024233 ], [ 472960.326305, 330691.815789000014775 ], [ 472950.626049000013154, 330719.25517800002126 ], [ 472916.771894, 330896.422735999978613 ], [ 472783.249008000013418, 343213.459712999989279 ], [ 477086.336841000011191, 354506.046112000010908 ], [ 477753.517659, 354796.123185999982525 ], [ 479331.916332, 355385.295906000013929 ], [ 494611.494524999987334, 359185.818536999984644 ], [ 496892.978061, 358151.774752 ], [ 499527.781293999985792, 356594.895776 ], [ 506813.09656899998663, 351496.449513000028674 ], [ 506953.185299, 351386.244327 ], [ 507126.506249999976717, 351242.307095 ], [ 507188.607357, 351183.280061000026762 ], [ 507226.347243, 351147.398890000011306 ], [ 507228.488353999971878, 351145.360821 ], [ 507237.045877000025939, 351136.760342 ], [ 507319.924245, 351053.415442000026815 ], [ 507325.347216000023764, 351047.95459799998207 ], [ 507402.954428000026383, 350887.00827599997865 ], [ 508574.899547, 348338.001500000013039 ], [ 508745.139299999980722, 347950.705567000026349 ], [ 508752.919189999985974, 347931.171588999975938 ], [ 508759.635992, 347914.301741999981459 ], [ 508961.585524, 347370.73998999997275 ], [ 508820.068493, 345258.573481999977957 ], [ 506309.223951999971177, 332939.242986999975983 ], [ 506293.856574999983422, 332867.115238 ], [ 506270.94204, 332790.491721 ], [ 506182.538551, 332592.179041000024881 ], [ 505756.580880000023171, 332007.901137 ], [ 502693.100644, 328737.611006000021007 ], [ 498363.925185799074825, 326843.236051610670984 ], [ 496348.246470940241124, 327954.443548263516277 ], [ 493789.885025158058852, 326093.81704224011628 ], [ 491050.629335734760389, 325318.555998063762672 ], [ 489331.947342999977991, 322133.128115000028629 ] ] ] } },
{ "type": "Feature", "properties": { "TERYT": "2661", "Nazwa": "powiat Kielce" }, "geometry": { "type": "Polygon", "coordinates": [ [ [ 614162.58050399995409, 326401.520962 ], [ 613784.290000000037253, 326406.712844999972731 ], [ 613762.278105000033975, 326407.617711000028066 ], [ 613662.567447999957949, 326411.738674999971408 ], [ 609800.317078000050969, 328214.255216000019573 ], [ 609551.969747000024654, 328356.927891 ], [ 609496.693591000046581, 328390.111279 ], [ 609389.160385000053793, 328471.391711 ], [ 606707.794322, 331539.360693999973591 ], [ 606685.056300000054762, 331630.729476 ], [ 606284.763169000041671, 333273.275262999988627 ], [ 606902.376895, 335120.878069999977015 ], [ 606936.583202, 335215.71244500001194 ], [ 606944.996914000017568, 335238.4173830000218 ], [ 606971.955297, 335311.068269999988843 ], [ 606994.440685000037774, 335371.289702999987639 ], [ 607005.180580000043847, 335400.046756000025198 ], [ 607016.404467000043951, 335430.097152 ], [ 607017.356505000032485, 335432.622350000019651 ], [ 608947.852742000017315, 338421.506561000016518 ], [ 612661.753671000013128, 339903.050838999974076 ], [ 612689.259093999979086, 339913.194954 ], [ 617895.350332999951206, 340003.703090000024531 ], [ 618189.592760000028647, 339779.048854 ], [ 618429.078402000013739, 339589.157443 ], [ 619546.246707999962382, 337383.118252000014763 ], [ 621046.738813000032678, 334298.824115000024904 ], [ 621051.306828, 334289.34245599998394 ], [ 621048.536511000012979, 334231.604731000028551 ], [ 620219.829564000014216, 332396.634735000028741 ], [ 615887.073835000046529, 327997.035891 ], [ 614162.58050399995409, 326401.520962 ] ] ] } },
{ "type": "Feature", "properties": { "TERYT": "2607", "Nazwa": "powiat ostrowiecki" }, "geometry": { "type": "Polygon", "coordinates": [ [ [ 651372.146524999989197, 330310.158237 ], [ 651345.530251999967732, 330314.057272 ], [ 650183.692049999954179, 330525.491218000010122 ], [ 650167.455888999975286, 330531.991982 ], [ 650121.554108000011183, 330564.519793000014033 ], [ 650107.290239, 330574.644131999986712 ], [ 650092.219512999989092, 330589.43630200001644 ], [ 650073.08039799996186, 330608.228356999985408 ], [ 650024.192137000034563, 330666.48611300002085 ], [ 649884.214399000047706, 330934.851623 ], [ 649879.14396100002341, 330944.834278 ], [ 649871.671044999966398, 330975.962964 ], [ 649864.107181000057608, 331014.528018000011798 ], [ 649791.220623999950476, 331487.143905 ], [ 649788.406208000029437, 331537.158238 ], [ 649787.249122999957763, 331561.797696000023279 ], [ 649772.544542000046931, 331907.675525000027847 ], [ 649789.432427000021562, 332182.918171999976039 ], [ 650255.02494899998419, 337489.669299 ], [ 650267.285220999969169, 337592.623868 ], [ 650305.167244000011124, 337896.325821999984328 ], [ 650310.484592000022531, 337934.060822000028566 ], [ 651988.470387, 343312.449153000023216 ], [ 654744.165841000038199, 350351.314965000026859 ], [ 662991.95882000005804, 354713.941582 ], [ 677423.713893000036478, 358110.311941 ], [ 683128.017591999960132, 358644.844308 ], [ 683135.038595000049099, 358644.104268 ], [ 684248.215451000025496, 358472.770052 ], [ 688410.322399999946356, 353744.968188999977428 ], [ 688408.945669000037014, 353709.475518000021111 ], [ 688406.71218300005421, 353652.115788 ], [ 688401.933662, 353568.053099000011571 ], [ 688401.689571999944746, 353563.776021 ], [ 688401.587546000024304, 353562.012844000011683 ], [ 688366.588684999966063, 353271.147990000026766 ], [ 688314.388209, 352994.949392999988049 ], [ 687755.429957999964245, 350148.777802 ], [ 681046.407885, 334996.410229999979492 ], [ 677121.715812999987975, 332178.857613999978639 ], [ 677093.405431000050157, 332163.229518999985885 ], [ 676861.87930300005246, 332036.556171 ], [ 676672.612831, 331946.252694999973755 ], [ 676669.393673000042327, 331945.105084999988321 ], [ 675993.82241999998223, 331855.605119000014383 ], [ 675812.503247000044212, 331831.603444 ], [ 657220.823650000034831, 330415.733537000021897 ], [ 651372.146524999989197, 330310.158237 ] ] ] } },
{ "type": "Feature", "properties": { "TERYT": "1012", "Nazwa": "powiat radomszczański" }, "geometry": { "type": "Polygon", "coordinates": [ [ [ 551232.696606999961659, 330958.939743000024464 ], [ 548919.455181999946944, 330963.871937000018079 ], [ 548075.227829999988899, 331143.357076000014786 ], [ 534451.376086, 334787.309401999984402 ], [ 534408.487199999974109, 334801.249591000028886 ], [ 534390.19632999994792, 334807.195110999979079 ], [ 534204.773262999951839, 334867.468898000020999 ], [ 533125.608736000023782, 335549.490864 ], [ 514677.282715999986976, 352590.869458 ], [ 514658.172488000011072, 352611.06060000002617 ], [ 514341.0857, 353239.00669 ], [ 514333.246248000010382, 353256.04641 ], [ 514347.121764999988955, 354049.919061 ], [ 514365.389766999986023, 354195.069602 ], [ 516722.68086800002493, 367552.437453 ], [ 531238.542191999964416, 379850.133342000015546 ], [ 532059.539154, 380033.150458000018261 ], [ 567400.352266, 371008.776904999976978 ], [ 567414.901322999969125, 370995.42611 ], [ 568100.022221000050195, 370347.012943 ], [ 569357.272451000055298, 369157.105295000015758 ], [ 571700.109533000038937, 366935.929324000026099 ], [ 574000.457835, 355079.918934000015724 ], [ 573705.124917999957688, 350563.240648999984842 ], [ 572817.794921000022441, 346015.731156 ], [ 572735.199409, 345658.807701000012457 ], [ 572689.632109, 345589.088610999984667 ], [ 571575.248160999966785, 344446.090055999986362 ], [ 551232.696606999961659, 330958.939743000024464 ] ] ] } },
{ "type": "Feature", "properties": { "TERYT": "2611", "Nazwa": "powiat starachowicki" }, "geometry": { "type": "Polygon", "coordinates": [ [ [ 644447.064560999977402, 338559.962987 ], [ 644248.197348000016063, 338594.553406000020914 ], [ 642479.005916, 338939.138035000010859 ], [ 640292.846709999954328, 339809.259052 ], [ 634111.557065999950282, 353407.28797200002009 ], [ 633753.054978, 355116.953052000026219 ], [ 633262.12392100004945, 358785.076546999975108 ], [ 633235.867606000043452, 359033.773024 ], [ 636558.042277000029571, 367078.64804900001036 ], [ 644539.879039000021294, 373673.886307 ], [ 647302.555795000051148, 372614.511814999976195 ], [ 647411.160277000046335, 372567.747855999972671 ], [ 664924.053780999965966, 360246.503783 ], [ 666951.744752999977209, 357309.566866 ], [ 666970.547013, 355328.200175 ], [ 666973.239736999967135, 354925.591633 ], [ 651682.055792000028305, 340104.559453999972902 ], [ 649192.313856999971904, 339299.824954000010621 ], [ 644447.064560999977402, 338559.962987 ] ] ] } },
{ "type": "Feature", "properties": { "TERYT": "2610", "Nazwa": "powiat skarżyski" }, "geometry": { "type": "Polygon", "coordinates": [ [ [ 628764.269221000024118, 342462.603072000027169 ], [ 626092.416857999982312, 342499.426733999978751 ], [ 623878.298199999961071, 344032.633649999974295 ], [ 615015.339861999964342, 352565.308587 ], [ 612442.779236000031233, 355063.201511 ], [ 612245.513044000021182, 355889.293883999984246 ], [ 612134.204974, 356832.116991000017151 ], [ 612164.350765999988653, 357502.842029 ], [ 612171.303905999986455, 357530.678155999979936 ], [ 612251.649724000017159, 357814.279610000026878 ], [ 612320.551184999989346, 358022.658715000026859 ], [ 613120.490948, 359231.424622000020463 ], [ 617845.598925999947824, 366292.690303999988828 ], [ 620089.54089499998372, 368737.320917 ], [ 634163.744307999964803, 371598.101949999982025 ], [ 634163.775086999987252, 371598.102754 ], [ 635886.520493000047281, 370578.441436 ], [ 637203.47063600004185, 369793.693161999981385 ], [ 637214.165614999947138, 369787.254458000010345 ], [ 637377.427035999950022, 369688.927472000010312 ], [ 637522.822541999979876, 369599.295571999973617 ], [ 638646.848841, 368508.024724000017159 ], [ 638400.446579999988899, 362248.697060999984387 ], [ 637509.923286000033841, 358476.483328 ], [ 630236.499044999945909, 344953.369919000018854 ], [ 628764.269221000024118, 342462.603072000027169 ] ] ] } },
{ "type": "Feature", "properties": { "TERYT": "2605", "Nazwa": "powiat konecki" }, "geometry": { "type": "Polygon", "coordinates": [ [ [ 583343.144591000047512, 344405.555057000019588 ], [ 574237.833158000023104, 346528.196917 ], [ 572542.892282000044361, 347626.533562000025995 ], [ 568760.64634900004603, 356716.148751 ], [ 568760.672315999981947, 356720.348643 ], [ 568934.164293, 363583.772860999975819 ], [ 569440.119701000046916, 369049.1176 ], [ 569636.813765999977477, 369332.667884 ], [ 569669.884299000026658, 369369.43787899997551 ], [ 570621.463006000034511, 370342.839915000018664 ], [ 599775.547073, 387174.181629 ], [ 599790.647505, 387177.403768000018317 ], [ 599813.395471, 387174.404021999973338 ], [ 604969.076608999981545, 386049.279556000023149 ], [ 618076.902206999948248, 372328.54014 ], [ 618765.666032999986783, 371292.11673 ], [ 618961.79371999995783, 370067.128129000018816 ], [ 618929.371259000035934, 369777.700144 ], [ 617955.646199999959208, 365288.942867 ], [ 617649.626314, 364078.919367 ], [ 617040.496397000038996, 362250.265658000018448 ], [ 616971.351534000015818, 362064.523042000015266 ], [ 616831.365516999969259, 361689.982069000019692 ], [ 616776.91872900002636, 361544.726504000020213 ], [ 612442.779236000031233, 355063.201511 ], [ 583343.144591000047512, 344405.555057000019588 ] ] ] } },
{ "type": "Feature", "properties": { "TERYT": "1009", "Nazwa": "powiat pajęczański" }, "geometry": { "type": "Polygon", "coordinates": [ [ [ 514333.545310000015888, 346194.564481 ], [ 483737.767845000023954, 355353.489916 ], [ 483264.490830000024289, 355664.604529 ], [ 481800.972428, 359715.708717999979854 ], [ 485393.491092999989633, 376444.130981999973301 ], [ 485404.199498999980278, 376450.341915 ], [ 485511.828555000014603, 376512.750879 ], [ 485647.460965999984182, 376590.519275999977253 ], [ 490682.508648000017274, 379340.703822000010405 ], [ 490752.664123, 379372.688707 ], [ 490767.748801, 379379.559919000021182 ], [ 490774.38636200001929, 379382.577543 ], [ 493195.96883099997649, 380279.990774 ], [ 493304.560307, 380294.982023000018671 ], [ 505524.626224, 381484.877946999971755 ], [ 505957.393932999984827, 381278.542372 ], [ 506206.001448999973945, 381144.064452000020538 ], [ 511672.946066999982577, 376933.698951 ], [ 513086.571353, 375811.268579999974463 ], [ 521835.561849, 368655.965199999976903 ], [ 518027.710054999974091, 348489.963190999988001 ], [ 516890.56091, 347088.93948 ], [ 515925.885591000027489, 346662.786165 ], [ 515729.470207999984268, 346584.169997000019066 ], [ 514333.545310000015888, 346194.564481 ] ] ] } },
{ "type": "Feature", "properties": { "TERYT": "1409", "Nazwa": "powiat lipski" }, "geometry": { "type": "Polygon", "coordinates": [ [ [ 672755.855602000025101, 352474.636439000023529 ], [ 668405.941952000022866, 354514.39045 ], [ 666921.123516, 355344.009297000011429 ], [ 661816.427211, 360030.749719000014011 ], [ 661881.202841000049375, 361667.170930999971461 ], [ 662803.299399000010453, 367245.716973999980837 ], [ 662934.862011000048369, 367663.992314999981318 ], [ 663374.011688999948092, 369000.766084 ], [ 663813.529865000047721, 370327.08389 ], [ 673190.123355000047013, 381288.316381999989972 ], [ 677036.178890999988653, 384015.971686 ], [ 686288.877531999954954, 385396.64509 ], [ 686361.391776000033133, 385392.491298999986611 ], [ 686378.65128, 385391.501272999972571 ], [ 686469.562983999960124, 385380.187787999981083 ], [ 686499.418688999954611, 385376.460015000018757 ], [ 696292.884965999983251, 381782.00396 ], [ 696423.773315, 381715.757313999987673 ], [ 696843.361668, 381159.576635 ], [ 696304.993678999948315, 359879.166894000023603 ], [ 694776.870455999975093, 356496.676802999980282 ], [ 694750.82681700005196, 356480.437477 ], [ 694652.714964000042528, 356430.144009999989066 ], [ 693367.855346000054851, 355901.291183000023011 ], [ 672755.855602000025101, 352474.636439000023529 ] ] ] } },
{ "type": "Feature", "properties": { "TERYT": "1425", "Nazwa": "powiat radomski" }, "geometry": { "type": "Polygon", "coordinates": [ [ [ 650744.096038999967277, 359258.53382299997611 ], [ 622650.727922, 396181.359739999985322 ], [ 622055.27521, 399947.786516 ], [ 622313.808650000020862, 400845.443893000017852 ], [ 624780.280614000046626, 406551.536717 ], [ 625749.986173999961466, 407071.273231 ], [ 625782.795576, 407088.768298999988474 ], [ 625788.364506999962032, 407091.730661 ], [ 626907.422280999948271, 407587.044640999985859 ], [ 646660.101094000041485, 415401.53638200002024 ], [ 650030.252425999962725, 416098.319476999982726 ], [ 650339.571205000043847, 416101.603774000017438 ], [ 650962.273377, 416091.202788 ], [ 652737.023719000048004, 415884.59035800001584 ], [ 674696.27893699996639, 413281.226358000014443 ], [ 674712.001614999957383, 413272.796390999981668 ], [ 677339.951891000033356, 411533.481187 ], [ 677993.409652999951504, 409529.70886299997801 ], [ 678165.308059999952093, 398521.456648 ], [ 669434.454544999985956, 371420.127928 ], [ 669316.921527000027709, 371169.567382999986876 ], [ 669103.641585999983363, 370715.36436 ], [ 669019.689704000018537, 370542.405257 ], [ 661816.427211, 360030.749719000014011 ], [ 653086.84659199998714, 359419.900219 ], [ 650744.096038999967277, 359258.53382299997611 ] ], [ [ 643678.299205942777917, 394078.395209897542372 ], [ 644243.025295328348875, 393576.416463777073659 ], [ 643615.551862677675672, 391725.369837457779795 ], [ 645058.740757773979567, 390015.50473348487867 ], [ 644007.722758084186353, 389042.920912876434159 ], [ 647349.018786948639899, 389842.949539505934808 ], [ 648776.520846228813753, 390313.554613993910607 ], [ 650988.364696322125383, 390140.999420014966745 ], [ 652666.8561286625918, 389450.778644099307712 ], [ 654204.166038656490855, 391756.743509090330917 ], [ 653874.742486514966004, 392180.288076129450928 ], [ 654000.237173045054078, 393105.81138928909786 ], [ 655051.255172734847292, 393686.224314490915276 ], [ 655051.255172734847292, 394062.708374081295915 ], [ 653717.874128352268599, 394313.697747141530272 ], [ 652808.037651008926332, 395239.221060301177204 ], [ 653153.148038966814056, 396196.11804509331705 ], [ 653678.657038811594248, 397160.858447793580126 ], [ 656141.490261965314858, 399357.015462070703506 ], [ 655686.572023293585517, 399906.0547156399698 ], [ 654745.361874317633919, 400235.478267781552859 ], [ 652219.78130789892748, 402117.898565733397845 ], [ 651388.3790096368175, 403357.158595218323171 ], [ 650290.300502498284914, 403215.977072871930432 ], [ 648988.29312974831555, 401066.880566043604631 ], [ 647654.912085365736857, 400392.346625944192056 ], [ 647576.477906284388155, 398996.218238296627533 ], [ 648141.203995669959113, 398964.84456666407641 ], [ 648203.951338935410604, 396643.192865856806748 ], [ 646462.712563329958357, 395388.246000555634964 ], [ 643678.299205942777917, 394078.395209897542372 ] ] ] } },
{ "type": "Feature", "properties": { "TERYT": "1010", "Nazwa": "powiat piotrkowski" }, "geometry": { "type": "Polygon", "coordinates": [ [ [ 563102.874400999979116, 360411.175232 ], [ 561624.008218999952078, 360620.885204 ], [ 561590.31145799998194, 360627.00656 ], [ 540503.373166, 364775.915889 ], [ 532059.539154, 380033.150458000018261 ], [ 529358.549485999974422, 400157.175404999987222 ], [ 528556.016532000037841, 406732.03527 ], [ 528555.199402999947779, 406809.102875999989919 ], [ 528555.672819999977946, 406813.343899999978021 ], [ 528559.259127, 406845.250374 ], [ 528885.0732259999495, 407901.911042 ], [ 542161.143012000015005, 418855.300613 ], [ 545958.174089999985881, 420495.740663999982644 ], [ 547086.69200100004673, 420543.017232000012882 ], [ 547386.973051000037231, 420555.499028 ], [ 547600.461315999971703, 420564.363918000017293 ], [ 547609.388389999978244, 420564.728211999987252 ], [ 547660.728390999953263, 420566.314170000026934 ], [ 547744.520946, 420568.898663000029046 ], [ 558850.826895999955013, 412780.034426999976858 ], [ 560849.843055999954231, 410415.621477 ], [ 560976.036747999954969, 410262.496777000022121 ], [ 561197.505795, 409990.479971 ], [ 561221.654896999942139, 409960.659095 ], [ 561338.490544999949634, 409816.344449000025634 ], [ 561346.788244000053965, 409806.094896 ], [ 561355.02425699995365, 409795.91240899998229 ], [ 566513.296299000037834, 401601.093276 ], [ 574387.964956999989226, 377552.801568 ], [ 574399.680891999974847, 377476.858941000013147 ], [ 574466.473540000035428, 377031.25393 ], [ 574467.696571000036784, 377003.223974000022281 ], [ 574455.506092000054196, 376904.244896000018343 ], [ 574313.70766299997922, 376375.258327000017744 ], [ 574258.737955000018701, 376185.196582 ], [ 574250.829068999970332, 376165.395002999983262 ], [ 570766.049708000035025, 370909.993763 ], [ 563298.968146999948658, 360596.264520000026096 ], [ 563184.67767, 360476.81160399998771 ], [ 563118.835794999962673, 360421.26640199997928 ], [ 563102.874400999979116, 360411.175232 ] ], [ [ 544021.794345261412673, 391809.917882393521722 ], [ 545547.27612545946613, 391731.688047511561308 ], [ 547463.907080067205243, 390225.763726034027059 ], [ 550006.376713730627671, 391027.619533574033994 ], [ 551473.186117767123505, 391086.291909735475201 ], [ 551023.364567195880227, 393218.05491026857635 ], [ 551746.990539853926748, 394547.962103261845186 ], [ 554289.460173517232761, 397168.661571807111613 ], [ 555736.712118833325803, 396190.788635782781057 ], [ 555541.137531628482975, 397598.925663657835685 ], [ 554328.575090958271176, 398029.189755508559756 ], [ 551590.530870090005919, 397481.580911334953271 ], [ 545087.06467494298704, 397204.72063632303616 ], [ 544021.794345261412673, 391809.917882393521722 ] ] ] } },
{ "type": "Feature", "properties": { "TERYT": "1430", "Nazwa": "powiat szydłowiecki" }, "geometry": { "type": "Polygon", "coordinates": [ [ [ 624623.902857, 365796.011334999988321 ], [ 618685.200610999949276, 366059.75600699998904 ], [ 617845.598925999947824, 366292.690303999988828 ], [ 617793.423349000047892, 366373.954458999971393 ], [ 612651.64747600001283, 375701.818792 ], [ 612371.345880000037141, 376286.863888999971095 ], [ 612486.745847000041977, 376842.367765999981202 ], [ 612643.27222000004258, 377129.769977000018116 ], [ 614371.03593999997247, 378765.70317 ], [ 614373.186578999971971, 378767.699854 ], [ 631576.864217999973334, 390393.936272000020836 ], [ 631635.344328999985009, 390406.700697999971453 ], [ 632471.689424999989569, 390584.238911000022199 ], [ 633157.305831999983639, 390728.296295 ], [ 636098.662326000048779, 390207.317250999971293 ], [ 637368.687138000037521, 389903.666052000015043 ], [ 638324.978056999971159, 389406.217704 ], [ 641473.02345099998638, 386740.623397000017576 ], [ 644932.067721999948844, 372221.975333 ], [ 644934.979570999974385, 372207.594247 ], [ 644936.694052999955602, 372193.090411000011954 ], [ 644935.734523999970406, 372147.514287 ], [ 644906.46878800005652, 371588.065041000023484 ], [ 644877.187486, 371111.836827000021003 ], [ 644859.677954999962822, 370833.258970999973826 ], [ 644854.670938999974169, 370782.072073000017554 ], [ 644659.06630900001619, 369537.355297999980394 ], [ 643794.430183000047691, 367655.321316000015941 ], [ 643770.063116000033915, 367605.948834999988321 ], [ 639745.945870999945328, 366086.426232 ], [ 624623.902857, 365796.011334999988321 ] ] ] } },
{ "type": "Feature", "properties": { "TERYT": "1001", "Nazwa": "powiat bełchatowski" }, "geometry": { "type": "Polygon", "coordinates": [ [ [ 524802.689902000012808, 368413.69492799998261 ], [ 524694.191355000017211, 368414.540912 ], [ 521835.561849, 368655.965199999976903 ], [ 517545.751746999972966, 369731.221796000027098 ], [ 490626.320205, 379341.388879999984056 ], [ 490622.916825999971479, 379343.234001 ], [ 490547.617202, 379384.126269 ], [ 490535.821995, 379390.533979 ], [ 490521.777462000027299, 379398.450125999981537 ], [ 490456.179826, 379435.463548000028823 ], [ 490453.938463, 379436.732912999985274 ], [ 490407.935871, 379463.254327 ], [ 490402.204580000019632, 379466.561510999978054 ], [ 490397.543742, 379469.252898 ], [ 490365.12545, 379490.032604 ], [ 490361.429737000027671, 379492.402062 ], [ 490326.733133999980055, 379514.651556 ], [ 490161.373739, 379620.754024000023492 ], [ 489963.420896, 380145.701012999983504 ], [ 489945.769403000012971, 380441.322233000013512 ], [ 490335.80053, 384086.204951 ], [ 491429.410932000027969, 387221.609375 ], [ 492861.847738999989815, 388640.331743000017013 ], [ 505160.664240000012796, 400129.655030000023544 ], [ 518929.942793000023812, 409875.948188 ], [ 518949.448800000012852, 409886.794631999975536 ], [ 519025.575980000023264, 409924.379199000017252 ], [ 519077.583384, 409935.301408 ], [ 527711.756536999950185, 407593.193659999989904 ], [ 532007.644251000019722, 405337.624434 ], [ 534082.812423, 398286.669889000011608 ], [ 534801.679388000047766, 388753.083064 ], [ 534787.115900999982841, 388588.486256 ], [ 533979.997214999981225, 382436.533860000025015 ], [ 527926.390544999972917, 370548.14508400001796 ], [ 527563.008542999974452, 369994.462107 ], [ 527551.064170000026934, 369985.610545 ], [ 527336.61467200005427, 369857.964412999979686 ], [ 525301.214747000019997, 368647.427520000026561 ], [ 524809.300314, 368413.944804000027943 ], [ 524802.689902000012808, 368413.69492799998261 ] ] ] } },
{ "type": "Feature", "properties": { "TERYT": "1007", "Nazwa": "powiat opoczyński" }, "geometry": { "type": "Polygon", "coordinates": [ [ [ 569439.315408000024036, 369048.54515000001993 ], [ 569417.780338000040501, 369059.596687000012025 ], [ 569395.60803, 369094.804787 ], [ 559549.8136269999668, 391190.751266999985091 ], [ 559437.423675999976695, 392452.003228000015952 ], [ 559455.691949, 392477.51428499998292 ], [ 560184.775322000030428, 393423.046836 ], [ 591819.219899000017904, 413707.984218999976292 ], [ 592255.121343999984674, 413985.514271 ], [ 598466.296538, 415929.508840000024065 ], [ 598488.220194999943487, 415921.950123000016902 ], [ 598506.166642999975011, 415915.762159999983851 ], [ 598788.727568999980576, 415811.521675999974832 ], [ 598984.601110000046901, 415736.533057000022382 ], [ 601191.719890999956988, 412999.782006 ], [ 605446.368272, 405899.891033999971114 ], [ 606531.477335999952629, 400689.115818 ], [ 606532.626586999977008, 400682.177573000022676 ], [ 606529.228150999988429, 400660.177300999988802 ], [ 596272.697725999983959, 376376.765252000011969 ], [ 595744.365327000035904, 375421.222850000020117 ], [ 595690.069374999962747, 375329.239734 ], [ 586050.34862099995371, 371205.080782999983057 ], [ 585295.641161, 370977.17427299998235 ], [ 585286.898249999969266, 370974.787243 ], [ 585237.326028999988921, 370961.260606000025291 ], [ 585219.273847999982536, 370956.34055600001011 ], [ 580017.468072999967262, 370040.150218 ], [ 578213.279190000030212, 369767.440906999981962 ], [ 569439.315408000024036, 369048.54515000001993 ] ] ] } },
{ "type": "Feature", "properties": { "TERYT": "1436", "Nazwa": "powiat zwoleński" }, "geometry": { "type": "Polygon", "coordinates": [ [ [ 668674.755015, 375502.94838700001128 ], [ 663956.281870999955572, 375568.825752999982797 ], [ 663016.421941000036895, 376177.248626000015065 ], [ 662980.953722, 376204.294944999972358 ], [ 662160.513409, 381013.706253000011202 ], [ 663771.800426000030711, 387576.675792999973055 ], [ 666026.2548990000505, 390287.438258 ], [ 672314.778627000050619, 396391.808530999987852 ], [ 677594.660323000047356, 401445.9241209999891 ], [ 680409.642889, 404020.75871800002642 ], [ 687945.226657000021078, 406787.154002 ], [ 689689.354137000045739, 407353.44134199997643 ], [ 689700.166494, 407339.534735 ], [ 689741.029680000036024, 407286.952453 ], [ 689767.878311999957077, 407252.401466000010259 ], [ 697435.356411000015214, 394037.986910999985412 ], [ 697845.828021000023, 393238.817594999971334 ], [ 698190.331482999958098, 392558.938122000021394 ], [ 698207.215858999988995, 392506.108438999974169 ], [ 698238.283648999989964, 392408.89784500002861 ], [ 698252.226570000057109, 392365.269998 ], [ 698256.787099999957718, 392350.991858 ], [ 698292.077287000021897, 392240.163641 ], [ 698322.795057000010274, 392143.673392999975476 ], [ 698344.840081, 392073.981251000019256 ], [ 698385.012876000022516, 391946.963347000011709 ], [ 698388.537164999986999, 391935.817518000025302 ], [ 698646.262075999984518, 391114.401146000018343 ], [ 698650.83776200003922, 391097.722844999982044 ], [ 699427.601655, 382553.493293999985326 ], [ 698677.460650000022724, 382053.870253 ], [ 696843.361668, 381159.576635 ], [ 671160.243975, 375524.865272999973968 ], [ 671023.072468, 375519.320313 ], [ 670974.580924, 375517.360477 ], [ 670870.665384000050835, 375513.161135 ], [ 670838.964313999982551, 375512.35745200002566 ], [ 670705.693696000031196, 375508.989552000013646 ], [ 668674.755015, 375502.94838700001128 ] ] ] } },
{ "type": "Feature", "properties": { "TERYT": "2261", "Nazwa": "powiat Gdańsk" }, "geometry": { "type": "Polygon", "coordinates": [ [ [ 476294.753880999982357, 712372.595864000031725 ], [ 474277.161804999981541, 712770.209521000040695 ], [ 466703.528671999985818, 717108.166436000028625 ], [ 465194.173931, 718379.107201999984682 ], [ 464696.227387, 718820.702181000029668 ], [ 463688.299279999977443, 721622.024463 ], [ 462961.064391000021715, 724704.906887999968603 ], [ 463514.00642, 730751.775070999981835 ], [ 464592.701142999983858, 731607.827143999980763 ], [ 494188.346130000019912, 746564.979566999943927 ], [ 496457.507377, 744675.894341 ], [ 504593.21675000002142, 737902.856885000015609 ], [ 496140.072223, 712894.699165 ], [ 476294.753880999982357, 712372.595864000031725 ] ] ] } },
{ "type": "Feature", "properties": { "TERYT": "2214", "Nazwa": "powiat tczewski" }, "geometry": { "type": "Polygon", "coordinates": [ [ [ 481876.018793000024743, 646587.583911000052467 ], [ 480950.385874000028707, 646844.088632000028156 ], [ 480907.683238000026904, 646856.48326 ], [ 480796.817021000024397, 646888.676194000057876 ], [ 480750.512018, 646902.130255999974906 ], [ 480725.622480000020005, 646921.12020600005053 ], [ 480692.654304000025149, 646946.279744999948889 ], [ 480594.403662999975495, 647021.291949999984354 ], [ 480560.76467300002696, 647047.04124699998647 ], [ 480489.679415000020526, 647101.47163000004366 ], [ 479983.352246000024024, 647500.528923999983817 ], [ 479927.87223699997412, 647547.424925999948755 ], [ 479878.740529, 647597.278525999980047 ], [ 473139.609766, 659833.125162999960594 ], [ 470588.194612000021152, 689087.756719000055455 ], [ 470585.539576000010129, 689125.464477999950759 ], [ 470555.004311, 689793.652267999947071 ], [ 473585.232752999989316, 695159.087919999961741 ], [ 473670.706921999983024, 695272.827676999964751 ], [ 475762.968080000020564, 697620.251561000011861 ], [ 479440.374687, 698606.545953999971971 ], [ 487340.975171, 698884.070470000035129 ], [ 488778.451361000014003, 697486.430326999980025 ], [ 488849.973306, 697231.519844 ], [ 492666.555921000021044, 670633.365828 ], [ 492678.997423, 670526.240628 ], [ 492692.301709000021219, 670391.729310999973677 ], [ 492693.034834, 670225.472949999966659 ], [ 492693.042854, 670083.572741999989375 ], [ 492669.646162000019103, 669794.445824999944307 ], [ 490606.01794599997811, 653190.278962000040337 ], [ 490550.423406000016257, 652888.071032 ], [ 490354.339537, 652292.667968999943696 ], [ 490236.05691400001524, 652008.662720000022091 ], [ 490149.499886, 651884.690642999950796 ], [ 490140.391050999984145, 651871.656759000034072 ], [ 490010.377135000017006, 651702.113158999942243 ], [ 489770.629063999978825, 651419.257745999959297 ], [ 489671.405549000017345, 651326.276552999974228 ], [ 489355.161753, 651060.598576999967918 ], [ 486111.790793000021949, 648594.883001000038348 ], [ 483417.549080999975558, 646796.376064999960363 ], [ 481876.018793000024743, 646587.583911000052467 ] ] ] } },
{ "type": "Feature", "properties": { "TERYT": "0406", "Nazwa": "powiat grudziądzki" }, "geometry": { "type": "Polygon", "coordinates": [ [ [ 492330.406047999975272, 607440.542148999986239 ], [ 480644.721692, 611345.080348000046797 ], [ 480538.909922000020742, 611386.470483000040986 ], [ 473886.406100999971386, 614927.680766999954358 ], [ 473878.004361000028439, 614932.936429 ], [ 473874.378185999987181, 614935.2052749999566 ], [ 473202.080345000023954, 616299.65990700002294 ], [ 473199.85751, 616337.170953999971971 ], [ 473590.873853, 617307.408032999956049 ], [ 475425.841394907387439, 619813.827498760190792 ], [ 480628.125414556940086, 621319.751820237725042 ], [ 480735.691437519621104, 619764.933851958950981 ], [ 480051.180382302612998, 618747.94599849358201 ], [ 481400.645034016226418, 618161.22223687893711 ], [ 483757.318809834949207, 618014.541296475334093 ], [ 483972.450855760311242, 619070.644067381625064 ], [ 485507.71136531868251, 619266.218654586467892 ], [ 486857.176017032295931, 618747.94599849358201 ], [ 487395.006131845642813, 619989.844627244514413 ], [ 484852.5364981823368, 621485.990219361963682 ], [ 487258.103920802241191, 624810.758201844757423 ], [ 490661.101738166937139, 626023.320642514969222 ], [ 488685.798407397756819, 628135.526184327667579 ], [ 487414.563590566045605, 626649.159321570536122 ], [ 484520.059699933975935, 626463.36346372589469 ], [ 483444.399470307107549, 628653.798840420553461 ], [ 484286.759061000018846, 638409.969292999943718 ], [ 484337.824387, 638462.812463999958709 ], [ 484362.911944, 638475.742991999955848 ], [ 505637.319358, 637042.498991 ], [ 505660.320537000021432, 637040.666963999974541 ], [ 506345.489416999975219, 636889.303854999947362 ], [ 506393.969534999981988, 636876.410026 ], [ 510677.629972999973688, 635484.74257 ], [ 511179.593146, 635291.362181999953464 ], [ 511525.930034000019077, 635152.877144000027329 ], [ 512049.379232999985106, 634919.660577 ], [ 513008.325572, 634115.664851999958046 ], [ 513220.810269, 633925.093706000014208 ], [ 514575.884582999977283, 629344.020134 ], [ 514581.451086000015493, 629321.935804 ], [ 515698.043308999971487, 622575.992064 ], [ 515704.286495, 622532.674429 ], [ 515704.395390000019688, 622529.858702 ], [ 515036.816960999974981, 621326.08753500005696 ], [ 507112.36774100002367, 612847.783825000049546 ], [ 502593.383131999988109, 609559.261924 ], [ 492344.546634999976959, 607441.862904999987222 ], [ 492330.406047999975272, 607440.542148999986239 ] ] ] } },
{ "type": "Feature", "properties": { "TERYT": "0418", "Nazwa": "powiat włocławski" }, "geometry": { "type": "Polygon", "coordinates": [ [ [ 504361.01019499998074, 496075.381807000027038 ], [ 483364.082843000011053, 496229.135214 ], [ 478208.002187, 503897.677876 ], [ 478200.859268, 503910.160469 ], [ 478197.120647999981884, 503920.955521000025328 ], [ 478196.375684999977238, 503924.904163 ], [ 478194.700984, 503933.922006 ], [ 478043.247657999978401, 505788.452023 ], [ 481939.049464999989141, 522204.048837999987882 ], [ 487657.902521000010893, 541914.069414000026882 ], [ 488921.832269, 544796.323224000050686 ], [ 489607.275839, 545306.982594999950379 ], [ 489670.049995, 545351.52503500005696 ], [ 489690.321666, 545364.685168999945745 ], [ 489699.650766999984626, 545370.732684000045992 ], [ 489707.40158900001552, 545375.46244899998419 ], [ 495861.893640999973286, 546336.430876999977045 ], [ 504840.670798, 545983.709277000045404 ], [ 504864.379154000023846, 545980.261194000020623 ], [ 505332.616854000021704, 545710.968273999984376 ], [ 528769.206898999982513, 527383.001156999962404 ], [ 526843.626745000015944, 516409.286605999979656 ], [ 519672.536847000010312, 503015.528735 ], [ 515262.316705, 497501.808672000013757 ], [ 515246.201180999982171, 497482.652959999977611 ], [ 515228.820036, 497464.424108 ], [ 515212.439443000010215, 497449.19075900001917 ], [ 515191.502899000013713, 497431.870684000023175 ], [ 515172.347428, 497419.092960999987554 ], [ 515141.57333500002278, 497399.350986999983434 ], [ 515114.508461, 497382.595030999975279 ], [ 515098.362919999985024, 497374.263604999985546 ], [ 514932.726780999975745, 497296.341598999977577 ], [ 514872.482161000021733, 497268.051182999974117 ], [ 504361.01019499998074, 496075.381807000027038 ] ] ] } },
{ "type": "Feature", "properties": { "TERYT": "0462", "Nazwa": "powiat Grudziądz" }, "geometry": { "type": "Polygon", "coordinates": [ [ [ 482651.774782, 617334.300426000030711 ], [ 482591.834844, 617343.376373999984935 ], [ 482557.82266, 617349.719668 ], [ 481835.282445000018924, 617573.739714000024833 ], [ 479163.382919, 618521.13636 ], [ 479149.181746000016574, 618544.732654000050388 ], [ 483851.288077, 628798.400983999948949 ], [ 488717.88748899998609, 628813.91871999995783 ], [ 488721.846696999971755, 628813.33424 ], [ 488733.685194000019692, 628806.571638999972492 ], [ 489195.035071, 628479.62630700005684 ], [ 490399.61316, 627549.244384999969043 ], [ 491399.750546000024769, 626283.695906999986619 ], [ 491438.115341999975499, 626218.65380600001663 ], [ 491440.050080000015441, 626211.930501000024378 ], [ 491439.759066, 626194.054903000011109 ], [ 487162.628559999982826, 618529.001082999981008 ], [ 482651.774782, 617334.300426000030711 ] ] ] } },
{ "type": "Feature", "properties": { "TERYT": "0417", "Nazwa": "powiat wąbrzeski" }, "geometry": { "type": "Polygon", "coordinates": [ [ [ 501949.622617000015453, 589649.947456000023521 ], [ 501743.769737, 589659.760269999969751 ], [ 501010.115295999974478, 589708.247503999969922 ], [ 487379.984604, 590964.62003 ], [ 487344.675746000022627, 590971.85878699994646 ], [ 485732.708808000024874, 591854.63483500003349 ], [ 485682.296679000020958, 591882.504234 ], [ 484562.25405500002671, 592582.906489999964833 ], [ 484092.642122, 592895.980094 ], [ 480917.524199999985285, 601867.716273 ], [ 479984.052145999972709, 607030.519307999988087 ], [ 479683.062556000018958, 608760.549823999986984 ], [ 480488.592474, 609900.409480000031181 ], [ 480496.136697, 609910.248924999963492 ], [ 481655.964424, 611116.554086999967694 ], [ 483284.7792040000204, 612610.811117999954149 ], [ 483306.687496999977157, 612629.605208999942988 ], [ 483636.792251, 612772.792734000016935 ], [ 483664.105656999978237, 612783.879242999944836 ], [ 483734.306027000013273, 612812.348779 ], [ 486265.094391, 613413.125362999970093 ], [ 487404.744488, 613620.578753 ], [ 505102.900164, 614183.677463999949396 ], [ 507112.36774100002367, 612847.783825000049546 ], [ 507275.467246000014711, 612673.431183999986388 ], [ 507303.480304000026081, 612639.198682000045665 ], [ 507355.124918000015896, 612576.082287000026554 ], [ 507767.372027, 612070.322802999988198 ], [ 510432.176090999972075, 607173.382231 ], [ 510500.661463, 606974.631713 ], [ 510538.302336999971885, 606844.282027999986894 ], [ 510537.971519000013359, 606834.922606999985874 ], [ 509569.127703999984078, 596215.361646999954246 ], [ 509273.708093, 594216.285482999985106 ], [ 507140.392081000027247, 591541.130106 ], [ 506986.207615000021178, 591416.300282999989577 ], [ 506980.50903900002595, 591412.601987999980338 ], [ 506940.843004999973346, 591392.598344999947585 ], [ 504237.195705000020098, 590098.663693999988027 ], [ 503226.429237, 589726.023062000051141 ], [ 501949.622617000015453, 589649.947456000023521 ] ] ] } },
{ "type": "Feature", "properties": { "TERYT": "0405", "Nazwa": "powiat golubsko-dobrzyński" }, "geometry": { "type": "Polygon", "coordinates": [ [ [ 509226.298300000024028, 566147.82527300005313 ], [ 509131.095757999981288, 566148.592491999967024 ], [ 509059.51498099998571, 566153.347294999985024 ], [ 509030.463171000010334, 566156.290931000025012 ], [ 497189.027538999973331, 567594.715971000026911 ], [ 488407.477434, 578412.976031000027433 ], [ 481783.040954999974929, 587522.028559 ], [ 481776.085025999986101, 587532.809342000051402 ], [ 481796.074101999984123, 587631.525543999974616 ], [ 481817.187963999982458, 587712.076584000024013 ], [ 482908.508523, 590555.972339999978431 ], [ 484092.642122, 592895.980094 ], [ 511289.26762499997858, 596957.031343 ], [ 513366.505500000028405, 596392.824797000037506 ], [ 513629.274656000023242, 596314.005761999986134 ], [ 514985.236463, 595813.727105000056326 ], [ 515227.586094000027515, 595515.406441999948584 ], [ 515319.295722, 595401.392423999961466 ], [ 516810.489405, 593163.721855000010692 ], [ 516937.919713000010233, 592964.79984 ], [ 516955.714617000019643, 592936.58808300003875 ], [ 517189.056782, 582193.780992000014521 ], [ 516034.065070000011474, 570706.881681 ], [ 512371.684238000016194, 566775.515515999984927 ], [ 509664.783401999971829, 566152.639011000050232 ], [ 509226.298300000024028, 566147.82527300005313 ] ] ] } },
{ "type": "Feature", "properties": { "TERYT": "2207", "Nazwa": "powiat kwidzyński" }, "geometry": { "type": "Polygon", "coordinates": [ [ [ 493901.695467000012286, 634741.678465 ], [ 493726.569001999974716, 634746.206959999981336 ], [ 493587.118567000026815, 634784.675269 ], [ 484167.863468000025023, 637789.584693999961019 ], [ 482882.444541, 640753.412176999961957 ], [ 482847.555815999978222, 640855.256692999973893 ], [ 482812.22039799997583, 640980.064898999989964 ], [ 482783.927917000022717, 641115.998581000021659 ], [ 482765.772053, 641284.12181599996984 ], [ 482758.489496, 641494.107920999987982 ], [ 482747.821349999983795, 641806.696220000041649 ], [ 482751.074013, 641944.933853999944404 ], [ 482772.527414000011049, 642223.289480000035837 ], [ 482804.100546, 642425.97427400003653 ], [ 482846.252209, 642631.767271999968216 ], [ 482889.006759000010788, 642808.678532000049017 ], [ 482903.014205000014044, 642866.619651000015438 ], [ 492031.742248, 671720.220431 ], [ 492482.941315, 672412.720951 ], [ 498287.022592000022996, 671132.815152000053786 ], [ 520094.106939000019338, 661820.390391999972053 ], [ 520401.825399000023026, 661643.530024999985471 ], [ 521258.93938, 661080.17098499997519 ], [ 520807.852656, 658514.510826000012457 ], [ 520049.477628000022378, 654412.443713000044227 ], [ 514033.452538000012282, 642080.709255 ], [ 513650.952059999981429, 641461.595401 ], [ 513645.513608, 641454.504751999978907 ], [ 513398.711684999987483, 641144.185877999989316 ], [ 508554.841492999985348, 635938.659791999962181 ], [ 493901.695467000012286, 634741.678465 ] ] ] } },
{ "type": "Feature", "properties": { "TERYT": "2209", "Nazwa": "powiat malborski" }, "geometry": { "type": "Polygon", "coordinates": [ [ [ 491818.401328, 675401.776706999982707 ], [ 491458.5696970000281, 675429.051290999981575 ], [ 491448.770873999979813, 675430.169310000026599 ], [ 491401.294429, 675435.616864999989048 ], [ 490902.515048999979626, 675812.68452500004787 ], [ 489456.557594000012614, 680736.208276 ], [ 489403.36787999997614, 680917.447614999953657 ], [ 489340.158154, 681137.228702 ], [ 488012.378129000018816, 686632.966204000054859 ], [ 487919.814116999972612, 687305.230538 ], [ 487314.896462999982759, 691829.8783729999559 ], [ 487312.360653000010643, 692138.292379 ], [ 487334.33681800001068, 692287.338533999980427 ], [ 487363.946409999975003, 692446.122196999960579 ], [ 488835.913347999972757, 698194.610988999949768 ], [ 488879.14597800001502, 698306.696903 ], [ 488977.782673, 698496.134716999949887 ], [ 489041.224293, 698611.082584999967366 ], [ 489253.415333000011742, 698920.455978999962099 ], [ 489331.030016999982763, 699033.34492499998305 ], [ 496780.53375, 701447.943382999976166 ], [ 500093.326050999981817, 702089.881286000018008 ], [ 501919.457272000028752, 701537.318819000036456 ], [ 513743.264820999989752, 697914.307877999963239 ], [ 513807.867091000021901, 697886.839889000053518 ], [ 513816.074100999976508, 697879.917016000021249 ], [ 514355.702796, 696789.260985999950208 ], [ 516716.506326999980956, 691297.59588200005237 ], [ 518248.481534000020474, 687128.637977999984287 ], [ 518397.594355, 686713.711862999945879 ], [ 518426.809197, 686604.984615999972448 ], [ 518444.219540000020061, 686533.611312999972142 ], [ 518474.830263999989256, 686403.376998999970965 ], [ 517554.166810999973677, 684556.566492000012659 ], [ 517311.76870900002541, 684385.519624999957159 ], [ 517224.469533999974374, 684344.347992000053637 ], [ 514037.332959000021219, 682868.141982999979518 ], [ 492846.54276799998479, 675612.221235999953933 ], [ 491964.358766000019386, 675420.134877 ], [ 491897.36069599998882, 675409.816976999980398 ], [ 491818.401328, 675401.776706999982707 ] ] ] } },
{ "type": "Feature", "properties": { "TERYT": "2210", "Nazwa": "powiat nowodworski" }, "geometry": { "type": "Polygon", "coordinates": [ [ [ 514225.358162000018638, 694663.718451999942772 ], [ 491021.359456999984104, 698667.120186000014655 ], [ 489331.030016999982763, 699033.34492499998305 ], [ 496650.617069000029005, 721287.749408000032417 ], [ 496767.482796000025701, 721626.818345000036061 ], [ 497027.294931999989785, 722167.202101 ], [ 497373.71506399998907, 722887.713916999986395 ], [ 497720.135391000017989, 723608.224819 ], [ 498412.978960999986157, 725049.235052000032738 ], [ 499192.433138000022154, 726670.377954000025056 ], [ 499538.857425, 727390.885714999982156 ], [ 499885.282176, 728111.391578000038862 ], [ 501790.624560000025667, 732074.151640000054613 ], [ 503522.785616, 735676.638375999988057 ], [ 504302.261491000012029, 737297.75552400003653 ], [ 504593.21675000002142, 737902.856885000015609 ], [ 541323.92994900001213, 732985.157016000011936 ], [ 542048.090412999968976, 732336.941279000020586 ], [ 541264.816903, 725541.515886 ], [ 515531.821101, 695847.009436000022106 ], [ 515445.745914999977686, 695753.983615000033751 ], [ 515415.453107999986969, 695724.250570000032894 ], [ 514225.358162000018638, 694663.718451999942772 ] ] ] } },
{ "type": "Feature", "properties": { "TERYT": "2216", "Nazwa": "powiat sztumski" }, "geometry": { "type": "Polygon", "coordinates": [ [ [ 531680.955578000051901, 656819.393628000048921 ], [ 506556.606524, 660104.512343000038527 ], [ 492031.742248, 671720.220431 ], [ 491943.566264999972191, 671808.405042 ], [ 491884.133515, 671872.43747100001201 ], [ 491842.27770600002259, 671920.64125999994576 ], [ 491770.841964000021107, 672005.241798999952152 ], [ 491663.988372, 672160.142533999984153 ], [ 491590.201210000028368, 672272.170525999972597 ], [ 491422.272857, 672574.510648000054061 ], [ 491279.533405, 672866.401261999970302 ], [ 491186.991633000026923, 673070.902012999984436 ], [ 490924.681147, 673713.593925999943167 ], [ 490795.846252000017557, 674203.277584000024945 ], [ 490714.586446999979671, 674585.389832000015303 ], [ 490667.148922000022139, 675016.447622 ], [ 490704.713027000019792, 675321.376062999945134 ], [ 490776.493353000027128, 675642.241377 ], [ 490902.515048999979626, 675812.68452500004787 ], [ 493752.242542000021785, 678193.550681 ], [ 493815.035553, 678243.015827000024728 ], [ 496876.049657, 680641.191404000041075 ], [ 496889.108797999972012, 680650.88163199997507 ], [ 496906.208541999978479, 680663.175254 ], [ 496918.803763, 680672.229591000010259 ], [ 498829.15712699998403, 681836.38214 ], [ 508257.06042, 684382.485554000013508 ], [ 516638.19808, 684808.095179999945685 ], [ 520960.188227, 684791.922209999989718 ], [ 526509.772832000046037, 682076.076367 ], [ 537791.916990999947302, 676131.698515000054613 ], [ 537898.047129999962635, 676072.737413999973796 ], [ 538198.287130999960937, 675162.188200999982655 ], [ 538220.383747000014409, 674838.602169999969192 ], [ 538226.335452000028454, 674680.369545000023209 ], [ 538227.328541000024416, 674640.990589000051841 ], [ 538225.705725, 674545.814113999949768 ], [ 538161.69021899998188, 673769.843497000052594 ], [ 531723.49156800005585, 656873.32423100003507 ], [ 531680.955578000051901, 656819.393628000048921 ] ] ] } },
{ "type": "Feature", "properties": { "TERYT": "0408", "Nazwa": "powiat lipnowski" }, "geometry": { "type": "Polygon", "coordinates": [ [ [ 525125.891324999975041, 528853.494075999944471 ], [ 520021.925515, 529218.044562999974005 ], [ 516763.658602999988943, 530424.81521100003738 ], [ 511921.064183, 532259.686773000052199 ], [ 500061.331675000023097, 538719.604187999968417 ], [ 499772.570346999971662, 538983.772940999944694 ], [ 499482.418125999975018, 539252.109304000041448 ], [ 499294.67939, 539498.354322000057437 ], [ 497630.363741, 542012.757956000044942 ], [ 497296.263043000013568, 542565.64217 ], [ 497103.768671999976505, 542979.568792999954894 ], [ 495353.628815, 546863.627382999984547 ], [ 495303.064445999974851, 546988.458639999968 ], [ 495249.214686000021175, 547121.41157 ], [ 493882.29468699998688, 550779.040746000013314 ], [ 493803.429178000020329, 551024.028211000026204 ], [ 493773.50652, 551132.5227779999841 ], [ 493757.810112999984995, 551261.516610000049695 ], [ 493754.446008, 552271.336609 ], [ 500642.526821999985259, 566571.34867800003849 ], [ 514510.569880000024568, 570553.486301 ], [ 515333.649067000020295, 570711.06936099997256 ], [ 517326.866251000028569, 570988.495343000045978 ], [ 517345.655611999973189, 570982.077271000016481 ], [ 517716.768786999979056, 570845.163362000021152 ], [ 517769.854795, 570817.270857000024989 ], [ 529875.783866000012495, 563819.644011999946088 ], [ 531754.583802000037394, 561450.89867000002414 ], [ 534736.369282, 555076.81703799997922 ], [ 535602.882403000025079, 537946.948164999950677 ], [ 535606.178898000041954, 537857.780538000050001 ], [ 535605.929596, 537845.877258999971673 ], [ 535604.497337999986485, 537816.468032 ], [ 535583.537229, 537784.346939999959432 ], [ 535541.889041000045836, 537723.250883999979123 ], [ 535519.324782000039704, 537692.003564000013284 ], [ 525125.891324999975041, 528853.494075999944471 ] ] ] } },
{ "type": "Feature", "properties": { "TERYT": "0464", "Nazwa": "powiat Włocławek" }, "geometry": { "type": "Polygon", "coordinates": [ [ [ 500708.926274999976158, 525447.003060000017285 ], [ 500371.262884000025224, 525986.773184000048786 ], [ 500322.24292599997716, 526067.596033000038005 ], [ 495908.166160999971908, 536773.967047999962233 ], [ 495901.708748999983072, 536864.563777999952435 ], [ 495901.216061000013724, 536871.546586000011303 ], [ 495895.955532, 536972.782183 ], [ 495893.938829, 537011.817249999963678 ], [ 495882.712087000021711, 537275.77090300002601 ], [ 495904.84583, 538011.809514999971725 ], [ 496154.942848999984562, 539229.562049999949522 ], [ 496764.269613999989815, 540675.019581999978982 ], [ 496818.153284, 540689.762934 ], [ 497766.593406, 540914.849461999954656 ], [ 498817.992978999973275, 541146.461355000035837 ], [ 511516.081878, 533736.160539999953471 ], [ 512219.137922000023536, 533028.323903999989852 ], [ 512346.807822, 532861.001159999985248 ], [ 511636.001379000023007, 529942.950911000021733 ], [ 510126.308552999980748, 528979.67661299998872 ], [ 507186.516830999986269, 527470.948698000051081 ], [ 506591.840077999979258, 527189.139455000055023 ], [ 502611.89785, 525756.030862999963574 ], [ 502185.653299, 525634.555950999958441 ], [ 500708.926274999976158, 525447.003060000017285 ] ] ] } },
{ "type": "Feature", "properties": { "TERYT": "0402", "Nazwa": "powiat brodnicki" }, "geometry": { "type": "Polygon", "coordinates": [ [ [ 539480.540959, 579601.341324000037275 ], [ 524992.8259750000434, 582380.133696999982931 ], [ 524648.080786, 582511.85211600002367 ], [ 509485.316263000015169, 595815.613745999988168 ], [ 509034.860945999971591, 596641.65330400003586 ], [ 507569.890201999980491, 600216.542019000044093 ], [ 505582.303718000010122, 610243.885504 ], [ 505586.660877000016626, 610272.398336000042036 ], [ 505590.226167000015266, 610293.595703999977559 ], [ 505608.679332000028808, 610403.072175999986939 ], [ 505608.798905999981798, 610403.760742999962531 ], [ 507938.069075, 618331.779944999958389 ], [ 507984.00143, 618470.023828999954276 ], [ 509267.262387000024319, 620190.221220999956131 ], [ 509345.37965700001223, 620236.816712000058033 ], [ 509353.626003000012133, 620241.17826099996455 ], [ 509435.61824500001967, 620280.474944000015967 ], [ 509443.180615000019316, 620283.796479000011459 ], [ 514649.063021, 621334.341907000052743 ], [ 516172.063892, 621623.032449000049382 ], [ 545935.061766, 608126.344738999963738 ], [ 547841.733691000030376, 604341.921499000047334 ], [ 548369.066238999948837, 602358.928022 ], [ 550214.61461499996949, 594616.624404 ], [ 550252.839463999960572, 594411.212507999967784 ], [ 550915.792843000032008, 587660.200373 ], [ 547528.837917000055313, 584236.291685999953188 ], [ 544642.647727999952622, 582516.361717000021599 ], [ 539480.540959, 579601.341324000037275 ] ] ] } },
{ "type": "Feature", "properties": { "TERYT": "2807", "Nazwa": "powiat iławski" }, "geometry": { "type": "Polygon", "coordinates": [ [ [ 561641.701199, 619048.932837 ], [ 556651.649960999959148, 619304.129869000054896 ], [ 549733.095791000057943, 619740.600389000028372 ], [ 547476.001993000041693, 620153.506582999951206 ], [ 515228.846765999973286, 628198.115371000021696 ], [ 514646.525306000025012, 628701.249059000052512 ], [ 514503.505477000027895, 628834.977776000043377 ], [ 508554.841492999985348, 635938.659791999962181 ], [ 508443.803367000014987, 637487.210961999953724 ], [ 508622.594359999988228, 638165.157315999967977 ], [ 520484.963808999978937, 660024.355607999954373 ], [ 521180.110324, 660982.96684600005392 ], [ 521258.93938, 661080.17098499997519 ], [ 536792.109457000042312, 672604.158687000046484 ], [ 536818.984136000042781, 672607.585819000029005 ], [ 537234.41658700001426, 672589.708515999955125 ], [ 537348.151308999978937, 672581.552108000032604 ], [ 537470.090951, 672545.115090999985114 ], [ 539366.234380000038072, 671939.047473000013269 ], [ 544324.758502000011504, 669617.65658099995926 ], [ 544713.056142000015825, 669376.24381200002972 ], [ 546021.406140999984927, 668256.9344389999751 ], [ 546852.609571999986656, 667028.917444000020623 ], [ 550559.464191999984905, 660996.102745000040159 ], [ 562950.94253999995999, 619707.009297000011429 ], [ 562959.348786000045948, 619678.542228 ], [ 562952.081414000014775, 619672.089823000016622 ], [ 562850.448503999970853, 619599.275954999960959 ], [ 562182.122136999969371, 619143.299512999947183 ], [ 561652.7210999999661, 619050.271920999977738 ], [ 561641.701199, 619048.932837 ] ] ] } },
{ "type": "Feature", "properties": { "TERYT": "0412", "Nazwa": "powiat rypiński" }, "geometry": { "type": "Polygon", "coordinates": [ [ [ 526986.002652000053786, 562554.909542000037618 ], [ 526909.069055999978445, 562567.703799 ], [ 526807.887872, 562589.640655 ], [ 526516.649804000044242, 562657.067116 ], [ 526269.322949000052176, 562714.328556000022218 ], [ 520627.026189, 564410.558451000018977 ], [ 520572.204642999975476, 564435.257341000018641 ], [ 520526.350665999983903, 564466.676355 ], [ 513773.20025400002487, 571572.516901999944821 ], [ 512144.408858, 574048.673791000037454 ], [ 512127.976348, 574077.104159999988042 ], [ 512066.824126, 574185.041528000030667 ], [ 512445.340906, 587510.762256999965757 ], [ 513353.367596000025515, 589170.679330999962986 ], [ 513376.256080000021029, 589203.76992 ], [ 516758.360389999987092, 592684.612306999973953 ], [ 517377.98226199997589, 593246.544301999965683 ], [ 518075.117838, 593763.457722999970429 ], [ 518093.670716000022367, 593773.042258 ], [ 520118.798726, 594586.396668000030331 ], [ 521331.426585, 594723.936357000027783 ], [ 521345.275602, 594722.229933999944478 ], [ 521847.965128000010736, 594653.657618999946862 ], [ 542915.001495999982581, 583558.239661999978125 ], [ 543017.049641, 583461.24633300001733 ], [ 543262.488437999971211, 583182.051556000020355 ], [ 546287.490796, 573123.797152000013739 ], [ 546290.618747, 573100.993345999973826 ], [ 546295.749554999987595, 573052.448733999975957 ], [ 545982.724292000057176, 566617.15222199994605 ], [ 545738.923068, 565884.558032999979332 ], [ 535535.110936000011861, 563569.136432999977842 ], [ 526986.002652000053786, 562554.909542000037618 ] ] ] } },
{ "type": "Feature", "properties": { "TERYT": "2812", "Nazwa": "powiat nowomiejski" }, "geometry": { "type": "Polygon", "coordinates": [ [ [ 547841.733691000030376, 604341.921499000047334 ], [ 545643.958489999989979, 604545.711699999985285 ], [ 534601.729672000044957, 607384.21215499995742 ], [ 519356.299094000016339, 613379.426725000026636 ], [ 517225.389248, 614632.837558 ], [ 515468.228029, 616537.30367000005208 ], [ 515406.732778, 616612.499684000038542 ], [ 515392.170196000020951, 616639.550491999951191 ], [ 512542.864023, 627416.866751000052318 ], [ 512560.29368, 627834.987201999989338 ], [ 513539.063799, 628700.660186000051908 ], [ 522872.142700000025798, 633155.838447000016458 ], [ 527243.733134999987669, 633908.912813000031747 ], [ 528482.510702, 633756.411216999986209 ], [ 528606.072657000040635, 633738.440600999980234 ], [ 528718.455609999946319, 633720.56524799996987 ], [ 528910.090872999979183, 633684.183383999974467 ], [ 529754.838648000033572, 633504.395907999947667 ], [ 530072.663627999951132, 633415.60793499997817 ], [ 530229.609272000030614, 633368.984979999950156 ], [ 530682.283099, 633220.957463999977335 ], [ 540494.705700000049546, 628961.337198999943212 ], [ 560037.287802999955602, 619379.474686000030488 ], [ 556664.983460000017658, 610288.130953000043519 ], [ 549205.545749000040814, 604449.093849999946542 ], [ 548559.477312, 604365.385197 ], [ 548423.627439999952912, 604351.794673 ], [ 548420.417217000038363, 604351.485049 ], [ 548385.140433999942616, 604348.15781 ], [ 548304.781792999943718, 604347.158168000052683 ], [ 547841.733691000030376, 604341.921499000047334 ] ] ] } },
{ "type": "Feature", "properties": { "TERYT": "2804", "Nazwa": "powiat elbląski" }, "geometry": { "type": "Polygon", "coordinates": [ [ [ 527361.258222999982536, 673606.75075 ], [ 524527.088577999966219, 674608.754898000042886 ], [ 524467.791776000056416, 674653.115235000033863 ], [ 524286.81438, 674819.637559000053443 ], [ 524215.348777999985032, 674888.384500000043772 ], [ 524207.645942999981344, 674896.328300999943167 ], [ 517756.294424000021536, 683706.64768399996683 ], [ 514439.921922, 689480.408453000010923 ], [ 514199.126468, 694602.40671500004828 ], [ 516499.615403999981936, 711818.259897000039928 ], [ 516813.988293999980669, 713086.37956699996721 ], [ 518921.280053000024054, 715041.172940999967977 ], [ 541264.816903, 725541.515886 ], [ 567569.551671999972314, 694575.687538999947719 ], [ 567587.617221000022255, 694549.204504000023007 ], [ 568019.867214999976568, 693883.557021999964491 ], [ 568277.492463, 693358.639119999948889 ], [ 569214.677810000022873, 690800.702690999954939 ], [ 569215.105269999941811, 690767.18132199998945 ], [ 568219.862150999950245, 687419.042970999958925 ], [ 566819.386811999953352, 685882.357558000017889 ], [ 564295.72057899995707, 684047.189671 ], [ 544869.55612199997995, 675396.679990999982692 ], [ 527361.258222999982536, 673606.75075 ] ], [ [ 530934.50194742064923, 698438.378902573604137 ], [ 529825.011227772803977, 699860.802902122610249 ], [ 530422.429307583253831, 700600.463381887879223 ], [ 532641.410746879060753, 701084.087541734450497 ], [ 532812.10162682493683, 701709.954101535840891 ], [ 531930.19874710473232, 701795.29954150877893 ], [ 531531.920027231099084, 702478.063061292050406 ], [ 532413.822906951303594, 703047.032661111559719 ], [ 532612.962266888120212, 704042.729460795526393 ], [ 531844.853307131794281, 704554.802100633038208 ], [ 530877.604987438768148, 704184.971860750461929 ], [ 530194.841467655496672, 705038.426260479609482 ], [ 530763.811067474889569, 706916.025939883780666 ], [ 532783.653146833879873, 708025.516659531625919 ], [ 532499.168346924241632, 709191.904339161585085 ], [ 530906.053467429708689, 709277.249779134406708 ], [ 529711.217307808925398, 709931.564818926854059 ], [ 528601.726588160963729, 710528.982898737303913 ], [ 528231.89634827838745, 709903.116338935913518 ], [ 528743.968988115899265, 708878.971059260889888 ], [ 528772.417468106839806, 708196.207539477501996 ], [ 529995.702107718563639, 707541.892499684821814 ], [ 528743.968988115782849, 705664.292820280650631 ], [ 525813.775549045647494, 705863.432180217467248 ], [ 525074.11506928037852, 704469.456660659750924 ], [ 525387.048349181073718, 700828.051221815287136 ], [ 524078.418269596353639, 699547.869622221565805 ], [ 525216.357469235314056, 698182.342582654906437 ], [ 528146.550908305449411, 697158.197302979882807 ], [ 530934.50194742064923, 698438.378902573604137 ] ] ] } },
{ "type": "Feature", "properties": { "TERYT": "1404", "Nazwa": "powiat gostyniński" }, "geometry": { "type": "Polygon", "coordinates": [ [ [ 544241.528698, 487714.319934999977704 ], [ 543811.388445000047795, 487822.18493699998362 ], [ 543492.840121999965049, 487902.270765999972355 ], [ 543478.277570000034757, 487906.877653 ], [ 543473.866959, 487908.744877 ], [ 543298.557163, 487984.678066 ], [ 521940.24075, 498101.041084000025876 ], [ 520081.90714000002481, 500392.123145000019576 ], [ 519779.963372999976855, 500777.974241000018083 ], [ 517786.234508999972604, 507794.433822 ], [ 517746.730583, 507953.443204000010155 ], [ 517677.889195, 508253.63222000002861 ], [ 517665.210698999988381, 508313.131489 ], [ 517613.878816000011284, 508554.134326 ], [ 517942.256573, 509040.790390999987721 ], [ 518105.50968900002772, 509195.35825 ], [ 524673.224950999952853, 515385.919761000026483 ], [ 524903.484884000034072, 515569.29118900001049 ], [ 524928.997198999975808, 515589.061258999980055 ], [ 524935.29761, 515592.924239000014495 ], [ 524971.843051000032574, 515615.318343000020832 ], [ 525032.057174999965355, 515652.213120999978855 ], [ 525095.894386, 515691.127621 ], [ 525198.769692, 515748.327138 ], [ 525228.036547999945469, 515763.552229999972042 ], [ 529487.03889700002037, 517595.629750999971293 ], [ 533896.186934, 517927.327714000013657 ], [ 538405.731191999977455, 515865.444920999987517 ], [ 538626.151701000053436, 515760.248853 ], [ 566800.345205000019632, 497416.323320000024978 ], [ 566951.509907, 497293.27271 ], [ 567045.341158000053838, 497175.935791000025347 ], [ 567057.667970999958925, 497142.655229000025429 ], [ 567063.213829000014812, 497096.099379000021145 ], [ 567062.304087999975309, 497015.793950000021141 ], [ 563813.891428999952041, 493049.771143 ], [ 557846.605854999972507, 489925.39312099997187 ], [ 557813.526026000035927, 489908.353865000011865 ], [ 550295.980202, 488292.380298 ], [ 544687.533215999952517, 487720.896094000025187 ], [ 544241.528698, 487714.319934999977704 ] ] ] } },
{ "type": "Feature", "properties": { "TERYT": "1419", "Nazwa": "powiat płocki" }, "geometry": { "type": "Polygon", "coordinates": [ [ [ 563607.502435000031255, 496114.679993 ], [ 549310.108249000040814, 497024.537962 ], [ 538193.534176000044681, 504552.963847999984864 ], [ 538187.293696, 504557.749315000022762 ], [ 538157.705277999979444, 504580.463008 ], [ 538047.123864999972284, 504665.353251 ], [ 538040.144587000017054, 504670.818232 ], [ 521815.731822, 518207.486029000021517 ], [ 521795.475436999986414, 518292.391383 ], [ 521744.502989, 518507.093379999976605 ], [ 521695.372097000014037, 518720.976762 ], [ 521669.525716, 518834.475562 ], [ 525216.248324000043795, 530244.214187999954447 ], [ 529798.652843000018038, 539792.788458000053652 ], [ 529833.778138000052422, 539840.718054999946617 ], [ 530689.554393999977037, 540093.81244 ], [ 564877.679805999970995, 546696.98664000001736 ], [ 569317.628944, 545651.832825000048615 ], [ 569360.566227999981493, 545640.448843 ], [ 569372.738128999946639, 545635.599014000035822 ], [ 569409.325735999969766, 545620.999322999967262 ], [ 571826.850801000022329, 544296.370966000016779 ], [ 571830.661780999973416, 544291.988526999950409 ], [ 578541.362895000027493, 534675.520324000041001 ], [ 584038.623060000012629, 516335.395014 ], [ 584299.776701000053436, 514970.313722 ], [ 584665.625874000019394, 512225.294753000023775 ], [ 584728.647323000011966, 511302.229256000020541 ], [ 585143.593095000018366, 504481.88890999997966 ], [ 585111.412675000028685, 503197.944237000017893 ], [ 583157.581825, 502452.072875000012573 ], [ 565220.516054, 496161.968409000022803 ], [ 564940.50315, 496153.410580999974627 ], [ 564875.02489, 496151.411025999987032 ], [ 564850.371753999963403, 496150.659681 ], [ 564006.945913000032306, 496124.959878000023309 ], [ 563607.502435000031255, 496114.679993 ] ], [ [ 544131.193879979313351, 515621.466165364021435 ], [ 546908.353018288500607, 513470.145706110401079 ], [ 548668.524303132435307, 514800.0528991035535 ], [ 550037.546413566567935, 514526.248477016750257 ], [ 549059.673477542120963, 517929.24629438156262 ], [ 549529.052486833883449, 518124.820881586405449 ], [ 551797.71769841038622, 516599.339101388410199 ], [ 552775.590634434716776, 516990.488275798154064 ], [ 553870.808322782046162, 516990.488275798154064 ], [ 553870.808322782046162, 517929.24629438156262 ], [ 551680.372946087503806, 518789.774478083010763 ], [ 551328.338689118740149, 520628.175597808789462 ], [ 549881.086743802647106, 520784.635267572710291 ], [ 549020.558560101198964, 523287.989983795094304 ], [ 549822.414367641205899, 523679.139158204954583 ], [ 549059.673477542237379, 524324.535295980982482 ], [ 546810.565724686137401, 525400.195525607792661 ], [ 544331.6578318644315, 525722.893594495719299 ], [ 543955.176751494873315, 522583.92146985756699 ], [ 543251.108237557346001, 521312.686653025855776 ], [ 545421.986155531485565, 519884.992166430281941 ], [ 543466.240283482824452, 517029.603193239192478 ], [ 544815.704935196437873, 516266.86230314016575 ], [ 544131.193879979313351, 515621.466165364021435 ] ] ] } },
{ "type": "Feature", "properties": { "TERYT": "2861", "Nazwa": "powiat Elbląg" }, "geometry": { "type": "Polygon", "coordinates": [ [ [ 529172.1245920000365, 696769.55527999997139 ], [ 527876.138389999978244, 696853.579802999971434 ], [ 527833.977662, 696856.925012000021525 ], [ 527798.66029599995818, 696859.744404 ], [ 527732.771766999969259, 696867.896539999986999 ], [ 527722.920863999985158, 696869.127629 ], [ 527646.527860000031069, 696881.460284000029787 ], [ 524923.867104999953881, 697366.076664000051096 ], [ 524900.747739000013098, 697371.990742999943905 ], [ 524897.072124999947846, 697372.936445 ], [ 524857.150064000044949, 697384.461877000052482 ], [ 524816.655291000031866, 697410.216742999968119 ], [ 524784.810135000036098, 697433.765932 ], [ 524763.694403999950737, 697449.773529 ], [ 524748.885958999977447, 697467.207594000035897 ], [ 524737.684896999970078, 697480.445421000011265 ], [ 524721.608327000052668, 697499.593554000020958 ], [ 524062.475456000014674, 698448.556055999943055 ], [ 523931.79739999998128, 698676.156168999965303 ], [ 523916.725855000026058, 698702.889435000019148 ], [ 523902.544554999971297, 698731.727465 ], [ 523889.33736, 698761.103358999942429 ], [ 523888.630048000020906, 698762.792665999964811 ], [ 523867.96082799998112, 698813.528781999950297 ], [ 523708.85527, 699235.983913999982178 ], [ 523621.058373, 699473.602925000013784 ], [ 523436.277635, 699976.00107899995055 ], [ 524402.94157400005497, 704784.396184999961406 ], [ 525258.996177, 706327.110831000027247 ], [ 528315.108298999955878, 711073.322666 ], [ 528373.252928999951109, 711091.854823000030592 ], [ 528377.589864999987185, 711092.267538000014611 ], [ 528397.066832000040449, 711092.849500000011176 ], [ 528642.293896000017412, 711097.070829999982379 ], [ 532902.350390000035986, 709501.304340000031516 ], [ 533166.484994000056759, 708280.987203 ], [ 533263.768206999986432, 701996.004175 ], [ 533147.300722999963909, 701005.418530000024475 ], [ 531842.807928, 698436.223342000041157 ], [ 531765.017557000042871, 698383.467499000020325 ], [ 529172.1245920000365, 696769.55527999997139 ] ] ] } },
{ "type": "Feature", "properties": { "TERYT": "1427", "Nazwa": "powiat sierpecki" }, "geometry": { "type": "Polygon", "coordinates": [ [ [ 544140.574724999954924, 534764.021919999970123 ], [ 543589.516705999965779, 534813.789745999965817 ], [ 543539.256521999952383, 534818.352253000019118 ], [ 535038.499564999947324, 536402.509681000025012 ], [ 528546.472909, 550074.85236400004942 ], [ 528487.075390000012703, 551988.779893000028096 ], [ 529877.96690200001467, 564757.228888000012375 ], [ 537224.043524999986403, 569549.925742 ], [ 537526.293150000041351, 569570.359824000042863 ], [ 537584.063114000018686, 569573.599600999965332 ], [ 546857.282402000040747, 567827.449801999959163 ], [ 547164.469975000014529, 567741.011774000013247 ], [ 549286.225478, 567125.716379 ], [ 549549.322445999947377, 567029.810805000015534 ], [ 551689.380896999966353, 566245.453639999963343 ], [ 562702.783966999966651, 559870.033199999947101 ], [ 564360.606828000047244, 558774.93189100001473 ], [ 564788.688119000056759, 558132.011873999959789 ], [ 564796.594656000030227, 558116.256517000030726 ], [ 564805.899002, 558097.710532000055537 ], [ 567426.292644000030123, 551588.112606000038795 ], [ 567400.204848999972455, 550669.013657000032254 ], [ 567294.785511999973096, 549593.805562000023201 ], [ 565577.300515, 546701.243637999985367 ], [ 564133.926901999977417, 544616.606724999961443 ], [ 564130.705225000041537, 544612.738221999956295 ], [ 552390.956542999949306, 536838.871600999962538 ], [ 544140.574724999954924, 534764.021919999970123 ] ] ] } },
{ "type": "Feature", "properties": { "TERYT": "2815", "Nazwa": "powiat ostródzki" }, "geometry": { "type": "Polygon", "coordinates": [ [ [ 572627.424519, 613155.982624000054784 ], [ 565755.146810999955051, 614265.160369000048377 ], [ 565672.839377, 614300.704917000024579 ], [ 548822.603165999986231, 639373.700462999986485 ], [ 548820.732693, 639377.986785999964923 ], [ 548815.366524999961257, 639390.352052 ], [ 536792.109457000042312, 672604.158687000046484 ], [ 536491.775358999962918, 673606.324971999973059 ], [ 537949.328681000042707, 676503.839763000025414 ], [ 538281.03822400001809, 676817.089048000052571 ], [ 539881.913841999950819, 677834.586983000044711 ], [ 557921.943182999966666, 685973.499703999958001 ], [ 569214.677810000022873, 690800.702690999954939 ], [ 570095.687462999951094, 691006.656349000055343 ], [ 570853.438760000048205, 691150.967426000046544 ], [ 570900.313958000042476, 691146.914110000012442 ], [ 571013.798254000023007, 691127.207994999946095 ], [ 571646.849709999980405, 690820.964171999949031 ], [ 571671.244440000038594, 690805.768198000034317 ], [ 572181.648261999944225, 690383.31808 ], [ 575736.46743299998343, 686401.978576999972574 ], [ 579285.024581999983639, 677812.192481999984011 ], [ 584385.919399, 626187.910516 ], [ 581652.987809999962337, 617032.113270999980159 ], [ 581611.856172000057995, 616901.203348999959417 ], [ 581569.102043000049889, 616823.509531000046991 ], [ 579845.28203600004781, 615126.088021000032313 ], [ 572627.424519, 613155.982624000054784 ] ] ] } },
{ "type": "Feature", "properties": { "TERYT": "2802", "Nazwa": "powiat braniewski" }, "geometry": { "type": "Polygon", "coordinates": [ [ [ 551870.901344000012614, 693405.138272000011057 ], [ 549285.593821999966167, 693730.592653000028804 ], [ 546961.361882, 695755.817533000023104 ], [ 540277.519580999971367, 715496.930905999965034 ], [ 540552.00135399994906, 719400.698350999969989 ], [ 542048.090412999968976, 732336.941279000020586 ], [ 552610.500542999943718, 731227.048364000045694 ], [ 569346.602492999983951, 729207.927404999965802 ], [ 582692.523353000055067, 727588.759974000044167 ], [ 585296.979697, 727251.21074300003238 ], [ 586183.432913, 726542.803737999987788 ], [ 586266.591294000041671, 726371.611474000033922 ], [ 590692.326592999976128, 708087.219889999949373 ], [ 590833.046393000055104, 707412.77152800001204 ], [ 590832.726718000019901, 707300.168099 ], [ 586936.895234000054188, 703380.908275000052527 ], [ 585970.322921999963, 702667.326357000041753 ], [ 559724.090409000054933, 695123.688182999962009 ], [ 552535.372585, 693537.063142 ], [ 551870.901344000012614, 693405.138272000011057 ] ] ] } },
{ "type": "Feature", "properties": { "TERYT": "1462", "Nazwa": "powiat Płock" }, "geometry": { "type": "Polygon", "coordinates": [ [ [ 547229.536718999966979, 512214.079226 ], [ 546150.445531000033952, 512750.020495 ], [ 543655.493844000040554, 514711.014862000010908 ], [ 543276.96275099995546, 515394.616474999987986 ], [ 542334.058873999980278, 517132.991762000019662 ], [ 542789.581767000025138, 520995.691254 ], [ 542999.998177999979816, 522105.809557 ], [ 544060.59455599996727, 525901.15718800004106 ], [ 544078.583981, 525900.977083 ], [ 544166.519041000050493, 525899.797523000044748 ], [ 544221.171699000056833, 525899.063249 ], [ 544785.810276999953203, 525891.242913999943994 ], [ 547048.538964999956079, 525845.009360000025481 ], [ 548277.63515800004825, 525366.306978999986313 ], [ 550518.889305999968201, 523988.366931000025943 ], [ 554656.061111000017263, 517997.851971000025515 ], [ 554462.958068000036292, 517185.270953 ], [ 554426.104988, 517050.467071000020951 ], [ 554397.902122, 516947.315523999975994 ], [ 554279.64679300005082, 516541.353526 ], [ 547229.536718999966979, 512214.079226 ] ] ] } },
{ "type": "Feature", "properties": { "TERYT": "1437", "Nazwa": "powiat żuromiński" }, "geometry": { "type": "Polygon", "coordinates": [ [ [ 569022.346505000023171, 550969.060529 ], [ 568986.27526200003922, 550971.57635400001891 ], [ 565410.789269999950193, 551593.382498000049964 ], [ 565359.792038999963552, 551610.599415999953635 ], [ 565285.117038000025786, 551635.864893 ], [ 565267.515506000025198, 551641.82371000002604 ], [ 565216.552308000042103, 551659.291833000024781 ], [ 565165.596702, 551682.937736000050791 ], [ 565115.886180000030436, 551706.009167999960482 ], [ 565062.813740000012331, 551730.645411 ], [ 564615.515269999974407, 552063.676424999954179 ], [ 545982.724292000057176, 566617.15222199994605 ], [ 545766.206289, 566842.108893000055104 ], [ 544619.910461000050418, 569252.282618000055663 ], [ 543272.595531999948435, 576747.079539000056684 ], [ 542613.045082999975421, 581196.450274999951944 ], [ 542441.860736, 582992.125510000041686 ], [ 542441.207512, 583116.098004000028595 ], [ 559622.788827999960631, 594585.636686000041664 ], [ 560981.099129999987781, 594414.213498000055552 ], [ 573793.144749999977648, 589773.562656000023708 ], [ 574793.438849000027403, 589132.00642400002107 ], [ 575885.995937000028789, 587009.776537999976426 ], [ 575905.124638000037521, 586952.072946000029333 ], [ 575908.994609000044875, 586932.364844999974594 ], [ 576145.744010000023991, 583518.842478999984451 ], [ 577203.552553000045009, 558469.941304999985732 ], [ 577050.483131999964826, 554597.247637999942526 ], [ 577035.305937999975868, 554528.999057000037283 ], [ 577020.574103, 554491.79690399998799 ], [ 575911.789476, 551804.40005299996119 ], [ 575890.048986, 551760.734352000057697 ], [ 569022.346505000023171, 550969.060529 ] ] ] } },
{ "type": "Feature", "properties": { "TERYT": "2803", "Nazwa": "powiat działdowski" }, "geometry": { "type": "Polygon", "coordinates": [ [ [ 556227.908672000048682, 586514.617269000038505 ], [ 550916.495941999950446, 587658.650785999954678 ], [ 546010.695478999987245, 596741.721239999984391 ], [ 545491.584111999953166, 599283.759092999971472 ], [ 545497.249352999962866, 599320.307048000046052 ], [ 545502.819667999981903, 599343.455246999976225 ], [ 545534.859547000029124, 599468.174173000035807 ], [ 547841.733691000030376, 604341.921499000047334 ], [ 555631.164696999941953, 616796.108942999970168 ], [ 557276.802795000025071, 618734.234743 ], [ 557462.115361999953166, 618867.528734000050463 ], [ 558204.295219999970868, 619105.985781 ], [ 560249.658122000051662, 619661.662217000033706 ], [ 562955.864454000024125, 619676.594982999959029 ], [ 572750.288353999960236, 619511.102765999967232 ], [ 574149.36118, 619027.577341999975033 ], [ 575367.910165, 618270.79765199997928 ], [ 579845.28203600004781, 615126.088021000032313 ], [ 579900.881013000034727, 615079.026168999960646 ], [ 592610.783046999946237, 597871.42967400001362 ], [ 593472.492465000017546, 596625.50844300002791 ], [ 593660.843680000049062, 596324.919858 ], [ 593671.829935000045225, 596306.050079999957234 ], [ 594415.629383999970742, 594985.492343000019901 ], [ 594410.595756000024267, 594974.933489999966696 ], [ 590514.767182999989018, 587720.248932000016794 ], [ 587501.731140000047162, 586930.78115599998273 ], [ 587271.658583999960683, 586881.400676000048406 ], [ 586457.260965000023134, 586778.491502000018954 ], [ 586282.556405000039376, 586756.794246 ], [ 556227.908672000048682, 586514.617269000038505 ] ] ] } },
{ "type": "Feature", "properties": { "TERYT": "2809", "Nazwa": "powiat lidzbarski" }, "geometry": { "type": "Polygon", "coordinates": [ [ [ 580575.21216400002595, 680524.427100999979302 ], [ 576107.236447999952361, 680653.131748000043444 ], [ 576020.695060000056401, 680756.068372 ], [ 562021.556392000056803, 697568.767771000042558 ], [ 561816.444141000043601, 698132.969939999980852 ], [ 561624.852604000014253, 698841.130868999985978 ], [ 561590.023904999950901, 700272.269043999956921 ], [ 561594.731248999945819, 700310.802711999975145 ], [ 561610.253002000041306, 700417.278124999953434 ], [ 561831.052895999979228, 701126.384150999947451 ], [ 562202.21747100003995, 701742.240434000035748 ], [ 562215.344848999986425, 701758.108739000046626 ], [ 562231.818346000043675, 701770.911824999959208 ], [ 562904.788458999944851, 702292.619206 ], [ 565351.867488999967463, 704002.15915900003165 ], [ 565885.548948999959975, 704361.917262000031769 ], [ 586577.904254000051878, 707978.075061999959871 ], [ 612906.386952999979258, 706919.254170999978669 ], [ 612914.322796000051312, 706918.31825100001879 ], [ 612930.745429, 706913.953806999954395 ], [ 612957.059082000050694, 706901.060867000021972 ], [ 612959.167218000045978, 706899.700395000050776 ], [ 612960.027351, 706898.64435900002718 ], [ 613458.636577000026591, 706182.958267000038177 ], [ 613497.158792000031099, 706116.763255 ], [ 614539.612773000029847, 704298.359413999947719 ], [ 617203.395284999976866, 699431.06094 ], [ 618706.293252, 696464.931684999959543 ], [ 618761.500261, 695075.526181999943219 ], [ 617865.140765000018291, 692045.5645380000351 ], [ 617789.180518000037409, 691803.509687999961898 ], [ 612782.788415999966674, 686142.194527999963611 ], [ 612692.797606999985874, 686079.465975000057369 ], [ 611832.071589000057429, 685492.414618000038899 ], [ 611824.448051000013947, 685487.268851 ], [ 607529.282032000017352, 682877.50922799995169 ], [ 607473.705537999980152, 682851.00145900005009 ], [ 607344.636611999943852, 682792.98034 ], [ 607329.704164, 682790.628586999955587 ], [ 580575.21216400002595, 680524.427100999979302 ] ] ] } },
{ "type": "Feature", "properties": { "TERYT": "1420", "Nazwa": "powiat płoński" }, "geometry": { "type": "Polygon", "coordinates": [ [ [ 595030.315236, 502606.504036 ], [ 585111.412675000028685, 503197.944237000017893 ], [ 565158.14736099995207, 546129.735536 ], [ 565004.607988000032492, 546564.338844000012614 ], [ 564899.281605000025593, 547862.321482000057586 ], [ 565360.313086000038311, 549769.102063999976963 ], [ 565362.83814899995923, 549778.609925 ], [ 566834.760720000020228, 554305.834917000029236 ], [ 566875.789395999978296, 554398.224718000041321 ], [ 567165.902394999982789, 554708.517467000056058 ], [ 578702.311419000034221, 559637.241288000019267 ], [ 579060.472727000014856, 559673.069723999942653 ], [ 579855.652362999971956, 559568.048902999958955 ], [ 579868.506486000027508, 559564.577538999961689 ], [ 581925.046685999957845, 558960.231825000024401 ], [ 616669.35306400002446, 539465.827729000011459 ], [ 616989.395352000021376, 537459.046511000022292 ], [ 616687.868036999949254, 528073.957259000046179 ], [ 616134.16457799996715, 526475.128972999984398 ], [ 606860.431981, 512072.872319000016432 ], [ 601799.5697, 507276.795165000017732 ], [ 595850.403773, 503102.085881999984849 ], [ 595030.315236, 502606.504036 ] ] ] } },
{ "type": "Feature", "properties": { "TERYT": "1413", "Nazwa": "powiat mławski" }, "geometry": { "type": "Polygon", "coordinates": [ [ [ 588325.159062, 553564.494902999955229 ], [ 585671.520049000042491, 553922.455090999952517 ], [ 574082.885932, 556899.475940000033006 ], [ 570586.089508999953978, 560039.171307999989949 ], [ 569386.599846999975853, 563138.520477000041865 ], [ 568858.325235, 567028.546530000050552 ], [ 569562.182103, 572372.538267 ], [ 569904.710612999973819, 574704.179182 ], [ 569926.179647000040859, 574792.188735999981873 ], [ 575905.124638000037521, 586952.072946000029333 ], [ 577894.617730000056326, 588465.658984999987297 ], [ 597282.501027000020258, 598942.580234 ], [ 611734.143853000015952, 601792.622733999975026 ], [ 612078.338263000012375, 601228.312663999968208 ], [ 614060.413389, 596915.684400000027381 ], [ 614905.93187199998647, 592225.33510899997782 ], [ 615665.314763, 584599.388686000020243 ], [ 615531.968474, 583811.21192799997516 ], [ 594094.914349999977276, 556151.016581999952905 ], [ 591905.849944000015967, 554315.526705999975093 ], [ 591891.611167000024579, 554310.540904000052251 ], [ 591875.391077999956906, 554304.880185000016354 ], [ 591773.709249999956228, 554283.243918000021949 ], [ 588325.159062, 553564.494902999955229 ] ] ] } },
{ "type": "Feature", "properties": { "TERYT": "2862", "Nazwa": "powiat Olsztyn" }, "geometry": { "type": "Polygon", "coordinates": [ [ [ 597303.581562999985181, 652051.785655000014231 ], [ 590071.433841999969445, 658075.095850000041537 ], [ 590069.707268, 658079.58733500004746 ], [ 590068.281583999982104, 658083.335912000038661 ], [ 590059.491217999951914, 658106.475586000015028 ], [ 590044.522788999951445, 658145.907558999955654 ], [ 590012.733768000034615, 658229.799209999968298 ], [ 591328.422116999980062, 661385.963936000014655 ], [ 592481.979718000045978, 662484.68173900002148 ], [ 593947.204870000015944, 663614.660394 ], [ 597696.892111000022851, 663726.694488 ], [ 601198.891197000048123, 662365.152135999989696 ], [ 601202.121817999985069, 662362.643032999942079 ], [ 602796.713224999955855, 660986.495909000048414 ], [ 603185.55814099998679, 658990.785475000040606 ], [ 602002.017194999963976, 654753.024142 ], [ 600636.049650999950245, 653265.126494999974966 ], [ 597303.581562999985181, 652051.785655000014231 ] ] ] } },
{ "type": "Feature", "properties": { "TERYT": "1423", "Nazwa": "powiat przysuski" }, "geometry": { "type": "Polygon", "coordinates": [ [ [ 608652.586904000025243, 374876.622534999973141 ], [ 607917.118813000037335, 374878.357431999989785 ], [ 607853.067796000046656, 374909.148918 ], [ 607761.97692799998913, 374952.943359999975655 ], [ 607743.507255999953486, 374961.829457000014372 ], [ 599643.994860999984667, 386828.815997999976389 ], [ 598610.024855999974534, 389287.425364999973681 ], [ 598605.412375999963842, 389335.571905000018887 ], [ 598605.130619999952614, 389338.553605000022799 ], [ 597966.756838000030257, 416267.275793 ], [ 597966.818877000012435, 416282.565783999976702 ], [ 597977.802355999941938, 416331.328623 ], [ 597990.746393, 416379.68578 ], [ 598018.170205999980681, 416428.358962 ], [ 598052.289431000011973, 416465.097365 ], [ 598896.438714000047185, 417364.359437 ], [ 598917.004372, 417380.120677999977488 ], [ 598976.938527000020258, 417423.464165000012144 ], [ 598992.832317000022158, 417434.577717999985907 ], [ 599063.866420999984257, 417472.396389 ], [ 599225.509344000020064, 417557.279151999973692 ], [ 599539.986201000050642, 417660.922173 ], [ 599685.299238999956287, 417693.625850000011269 ], [ 600293.88182, 417726.501375 ], [ 600324.763150000013411, 417727.376281999982893 ], [ 606376.468845000024885, 417348.965948999975808 ], [ 606467.815118000027724, 417330.808782999985851 ], [ 618079.561089999973774, 413684.430480999988504 ], [ 621922.444155000033788, 410810.009113 ], [ 624473.886763000045903, 407475.684343 ], [ 631128.717656999942847, 395313.321248000022024 ], [ 631157.233820999972522, 395132.077922000025865 ], [ 631175.471124000032432, 394957.011822999978904 ], [ 631208.544861000031233, 394589.709561 ], [ 629181.00792200001888, 388029.49320099997567 ], [ 629171.200520999962464, 388003.357297 ], [ 629149.807129999971949, 387955.50560500001302 ], [ 628879.059343999950215, 387453.857709 ], [ 622677.388877999968827, 379043.937906 ], [ 613278.12553099996876, 375415.247757999983151 ], [ 608652.586904000025243, 374876.622534999973141 ] ] ] } },
{ "type": "Feature", "properties": { "TERYT": "1003", "Nazwa": "powiat łaski" }, "geometry": { "type": "Polygon", "coordinates": [ [ [ 501103.844656999979634, 385882.152126999979373 ], [ 494963.658890000020619, 386822.934982999984641 ], [ 494152.960980999981984, 387275.389419000013731 ], [ 486394.747983, 393457.708549999981187 ], [ 486328.34449400001904, 393530.872910999984015 ], [ 486312.645509, 393552.295866 ], [ 486299.275176000024658, 393594.933356 ], [ 486304.626580999989528, 393789.370818 ], [ 486323.222102999978233, 393893.857975 ], [ 486333.093322, 393949.271942000021227 ], [ 486460.40976499998942, 394657.522502999985591 ], [ 486467.758425, 394684.796293 ], [ 503286.440547999984119, 434361.150462 ], [ 503860.085802000015974, 434638.533844000019599 ], [ 505707.223866000014823, 434136.288632999989204 ], [ 509761.655848999973387, 432647.809241999988444 ], [ 509777.676378, 432641.273707000014838 ], [ 509827.129647, 432621.087676000024658 ], [ 509910.671152000024449, 432586.971947000012733 ], [ 510018.025650999974459, 432513.3040720000281 ], [ 510124.521315000019968, 432417.090612000029068 ], [ 510188.148036000027787, 432347.47034200001508 ], [ 510227.021010000025854, 432304.922970000014175 ], [ 515069.576945999986492, 426870.558743999979924 ], [ 515566.433031999971718, 426071.858419 ], [ 515619.880203999986406, 425974.105564999976195 ], [ 518916.814460000023246, 410164.938681999978144 ], [ 518943.982221000012942, 409954.747702999971807 ], [ 518949.448800000012852, 409886.794631999975536 ], [ 517933.906547, 405343.642324000014924 ], [ 516947.729111999971792, 403262.652275 ], [ 516944.51540199998999, 403257.818564000015613 ], [ 503285.118089, 387448.090701 ], [ 503274.429203999985475, 387436.70264600001974 ], [ 503246.793516999983694, 387413.064257 ], [ 501103.844656999979634, 385882.152126999979373 ] ] ] } },
{ "type": "Feature", "properties": { "TERYT": "1463", "Nazwa": "powiat Radom" }, "geometry": { "type": "Polygon", "coordinates": [ [ [ 644015.331721000024118, 388776.244704000011552 ], [ 643750.767089999979362, 388777.860147 ], [ 643675.878749000024982, 388823.617183000023942 ], [ 642880.314029, 391243.859170000010636 ], [ 642857.471612000023015, 391810.255684999981895 ], [ 643149.466111000045203, 394464.873747 ], [ 647220.344759, 400439.451261 ], [ 647373.891504000057466, 400646.157834000012372 ], [ 650105.06563600001391, 403549.944104 ], [ 651267.508266999968328, 404368.60697700001765 ], [ 651424.336479000048712, 404400.333177 ], [ 656058.923649, 400768.895192000025418 ], [ 656935.856251999968663, 399614.319746 ], [ 656954.474438, 399575.946659 ], [ 656829.713022000039928, 398531.319863000011537 ], [ 655286.710179000045173, 393443.404296999971848 ], [ 653974.256696, 390505.222278999979608 ], [ 652810.687125999946147, 389173.149159000022337 ], [ 644015.331721000024118, 388776.244704000011552 ] ] ] } },
{ "type": "Feature", "properties": { "TERYT": "1062", "Nazwa": "powiat Piotrków Trybunalski" }, "geometry": { "type": "Polygon", "coordinates": [ [ [ 547548.62471, 389815.198687999974936 ], [ 547533.234614999964833, 389815.387785000028089 ], [ 547518.144426999962889, 389815.576322 ], [ 547483.473673, 389816.009635999973398 ], [ 547197.572404999984428, 389841.100416 ], [ 543336.08693700004369, 390543.860492 ], [ 543563.997865000041202, 393964.927164 ], [ 543580.479935999959707, 394165.719033 ], [ 543600.794724000035785, 394342.563462 ], [ 544629.109827999956906, 396623.233546999981627 ], [ 544693.717024000012316, 396738.619568000023719 ], [ 544759.752942000050098, 396852.175482 ], [ 544820.933542000013404, 396947.704136000014842 ], [ 544943.994819000014104, 397095.905636999988928 ], [ 544987.291805000044405, 397134.654939999978524 ], [ 545046.122693000012077, 397185.524580000026617 ], [ 545077.358143000048585, 397210.589958 ], [ 545093.029595999978483, 397223.153744000010192 ], [ 545109.699560999986716, 397236.503665000025649 ], [ 545475.848389000049792, 397501.166343000018969 ], [ 545485.099146, 397503.228136 ], [ 551398.932191999978386, 398578.108299000014085 ], [ 554407.96500800002832, 398775.174071000015829 ], [ 555094.646893, 398568.024355 ], [ 556307.514692, 397209.016037 ], [ 556099.069732, 395213.105469 ], [ 556059.224954999983311, 395166.85118 ], [ 555899.894665032392368, 395079.069341640279163 ], [ 554271.736226551816799, 396350.304158471932169 ], [ 552003.071014975314029, 393201.553304473462049 ], [ 552198.645602180156857, 391157.798868182464503 ], [ 551796.381614999962039, 390469.551511000026949 ], [ 547548.62471, 389815.198687999974936 ] ] ] } },
{ "type": "Feature", "properties": { "TERYT": "1016", "Nazwa": "powiat tomaszowski" }, "geometry": { "type": "Polygon", "coordinates": [ [ [ 564490.973493000026792, 395217.002932999981567 ], [ 549426.746078999945894, 411970.756384 ], [ 548994.862168999970891, 418045.807794000022113 ], [ 548997.338848000043072, 418219.739850000012666 ], [ 549007.83817, 418354.404902999987826 ], [ 550681.55234199995175, 425379.182233 ], [ 551257.106924999970943, 426294.813964999979362 ], [ 551697.542489000014029, 426995.201522000017576 ], [ 551931.504664, 427356.92533400002867 ], [ 570092.086431000032462, 434604.961262999975588 ], [ 570122.732716999948025, 434597.173813999979757 ], [ 570332.93666, 434537.215550000022631 ], [ 584272.073301000054926, 429368.657614999974612 ], [ 587343.098735, 427833.948473999975249 ], [ 597886.307216000044718, 419560.395879000017885 ], [ 598162.520313999964856, 419154.449923 ], [ 598657.703126, 417039.61310900002718 ], [ 598466.296538, 415929.508840000024065 ], [ 598460.776713000028394, 415922.948709000018425 ], [ 598412.375307, 415865.542861 ], [ 598408.598019000026397, 415861.080771 ], [ 596945.67470900004264, 414165.783504 ], [ 587810.371119000017643, 404652.921746 ], [ 582764.044934, 400291.536970000015572 ], [ 572002.647851999965496, 396833.527745000028517 ], [ 567640.571808999986388, 395822.589933999988716 ], [ 564490.973493000026792, 395217.002932999981567 ] ] ] } },
{ "type": "Feature", "properties": { "TERYT": "1407", "Nazwa": "powiat kozienicki" }, "geometry": { "type": "Polygon", "coordinates": [ [ [ 697050.511717000044882, 398322.32874600001378 ], [ 696941.000421999953687, 398324.569442 ], [ 696937.997891, 398324.638083999976516 ], [ 693130.515456, 398519.644970999972429 ], [ 693024.852993999957107, 398531.161414999980479 ], [ 677152.51344600005541, 400646.053912999981549 ], [ 656421.810712, 413468.783481 ], [ 652707.35889200004749, 415844.897507000016049 ], [ 646188.269454000052065, 432430.11754 ], [ 646147.376843999954872, 432645.709267999976873 ], [ 646155.990311000030488, 432760.467596 ], [ 646166.367806000052951, 432811.622871999978088 ], [ 646219.259394999942742, 432955.624976 ], [ 655695.77827500004787, 445355.910913 ], [ 655719.347151000052691, 445384.019527999975253 ], [ 656688.755261000012979, 446237.477118999988306 ], [ 657389.372928999946453, 446399.458969000028446 ], [ 664130.845003, 442215.953309 ], [ 695817.288624000037089, 414279.965514999988955 ], [ 695886.999960000044666, 414208.349667 ], [ 695951.020789999980479, 414131.606427000020631 ], [ 696009.637083000037819, 414050.625117000017781 ], [ 696066.637759999954142, 413959.947379000019282 ], [ 696117.593370000016876, 413870.154839000024367 ], [ 696162.572761000017636, 413780.899419000023045 ], [ 696203.237990000052378, 413689.584735999989789 ], [ 696239.462828999967314, 413596.438566000026185 ], [ 698008.356353000039235, 408910.52606200001901 ], [ 698039.761691999970935, 408826.39949500001967 ], [ 699465.910882, 404841.852839 ], [ 699536.652070999960415, 404476.654003 ], [ 698121.194831999950111, 399857.94946799997706 ], [ 697428.673944000038318, 398422.61209399998188 ], [ 697389.990463000023738, 398373.03609 ], [ 697199.47659500001464, 398342.939755 ], [ 697050.511717000044882, 398322.32874600001378 ] ] ] } },
{ "type": "Feature", "properties": { "TERYT": "1019", "Nazwa": "powiat zduńskowolski" }, "geometry": { "type": "Polygon", "coordinates": [ [ [ 494610.983729999978095, 400088.853252 ], [ 491960.982932000013534, 400628.876388999982737 ], [ 490942.436372999974992, 401647.4478699999745 ], [ 490496.497886000026483, 402516.52322799997637 ], [ 487295.687251999974251, 409429.552925999974832 ], [ 486922.407737999979872, 410768.738674000022002 ], [ 485745.970676, 420802.53904900001362 ], [ 486286.753321999975014, 424592.139841000025626 ], [ 488916.567106999980751, 428958.796496999973897 ], [ 491735.740494999976363, 431380.232267000013962 ], [ 491809.449662, 431425.525368999980856 ], [ 491886.564873999974225, 431471.421105000015814 ], [ 492240.214578000013717, 431641.49361 ], [ 493098.842171999975108, 432007.625150999985635 ], [ 500362.678476999979466, 434052.138245999987703 ], [ 500461.486981, 434075.208324 ], [ 500634.241864999989048, 434114.315421 ], [ 503239.050448999973014, 433388.95678 ], [ 503264.997793000016827, 433374.609515000018291 ], [ 503350.279931000026409, 433287.340875 ], [ 503362.009473000012804, 433270.280704999982845 ], [ 507290.120577999972738, 426328.538863 ], [ 507333.495470000023488, 426225.046065 ], [ 507456.184787, 424725.89581299998099 ], [ 502884.797968, 413021.461034999985714 ], [ 501469.592912000021897, 410493.832111000025179 ], [ 495339.822938999976031, 400474.061572999984492 ], [ 495222.467562999983784, 400344.989966000022832 ], [ 495209.006451, 400331.131853000028059 ], [ 494610.983729999978095, 400088.853252 ] ] ] } },
{ "type": "Feature", "properties": { "TERYT": "1401", "Nazwa": "powiat białobrzeski" }, "geometry": { "type": "Polygon", "coordinates": [ [ [ 638550.655929, 404289.08149399998365 ], [ 638492.80722199997399, 404296.011118999973405 ], [ 624844.666265, 406537.636991999985185 ], [ 624780.280614000046626, 406551.536717 ], [ 619352.070445999968797, 409492.705988999980036 ], [ 617901.809660000028089, 410480.345504999975674 ], [ 613849.286183999967761, 414298.332845000026282 ], [ 613856.334488000022247, 415302.247937 ], [ 613861.812961000017822, 415575.611736 ], [ 613861.837084, 415576.572162 ], [ 614068.427092000027187, 416183.876318999973591 ], [ 614293.007793999975547, 416840.370028999983333 ], [ 621819.6805549999699, 426335.245527 ], [ 631383.713176000048406, 433398.468298 ], [ 631653.792335, 433482.752535999985412 ], [ 634225.275097999954596, 433724.449234 ], [ 650227.828994999988936, 431768.013971999986097 ], [ 655167.806314000044949, 421298.550821000011638 ], [ 653385.544472999987192, 416103.974013000028208 ], [ 638583.589172999956645, 404314.191609999979846 ], [ 638550.655929, 404289.08149399998365 ] ] ] } },
{ "type": "Feature", "properties": { "TERYT": "1006", "Nazwa": "powiat łódzki wschodni" }, "geometry": { "type": "Polygon", "coordinates": [ [ [ 540376.690855999942869, 404734.680215 ], [ 539547.960602, 404779.677043 ], [ 537540.18365400005132, 405297.600664000026882 ], [ 535085.791525, 406262.439001000020653 ], [ 533415.314116999972612, 407387.040887999988627 ], [ 532470.289248000015505, 408555.923474000010174 ], [ 528986.819641, 418398.968685999978334 ], [ 529841.564332999987528, 424552.139726999972481 ], [ 532209.089278087718412, 426152.815395569079556 ], [ 540892.600949984160252, 427287.148001357389148 ], [ 542105.163390654372051, 426935.113744388509076 ], [ 541890.031344729126431, 434797.21215002448298 ], [ 541968.26117961097043, 438454.456930755637586 ], [ 538702.165573289617896, 437828.618251700070687 ], [ 537430.930756458081305, 438904.278481326764449 ], [ 537696.425594000029378, 440333.684934000018984 ], [ 538392.802032000035979, 441088.038980000012089 ], [ 542096.841743999975733, 444429.9855460000108 ], [ 545364.3164800000377, 443332.079287 ], [ 545404.122933999984525, 443316.292972999974154 ], [ 545436.056602000026032, 443302.103538999974262 ], [ 563640.350587000022642, 435081.571408000017982 ], [ 567497.879957000026479, 431267.468654000025708 ], [ 567813.878921999945305, 430916.362819999980275 ], [ 567862.121705000055954, 430248.504153000016231 ], [ 567858.659169, 430107.134688000020105 ], [ 567857.138429000042379, 430055.385858999972697 ], [ 567856.971474000019953, 430049.792414000025019 ], [ 567856.477694, 430038.262051999976393 ], [ 567850.678966999985278, 429905.535838000010699 ], [ 567819.952172999968752, 429413.707439000019804 ], [ 563118.096621999982744, 422394.049902 ], [ 541520.516341999988072, 404777.376396999985445 ], [ 540376.690855999942869, 404734.680215 ] ] ] } },
{ "type": "Feature", "properties": { "TERYT": "1008", "Nazwa": "powiat pabianicki" }, "geometry": { "type": "Polygon", "coordinates": [ [ [ 522947.361302, 406225.902167 ], [ 522836.052911999984644, 406244.313355 ], [ 520918.385934000019915, 406798.00899300002493 ], [ 520874.414299, 406812.710826999973506 ], [ 520835.367298000026494, 406825.776546999986749 ], [ 520642.908264000026975, 406909.926447 ], [ 511632.731000000028871, 412430.437419999972917 ], [ 511276.941798000014387, 412651.4419919999782 ], [ 511128.018533999973442, 412744.71226 ], [ 499953.692342999973334, 438983.74132600001758 ], [ 499922.972490000014659, 439285.4749760000268 ], [ 500127.300442999985535, 439562.837436 ], [ 500496.513543999986723, 440024.626368 ], [ 502294.040315, 440718.445587 ], [ 505833.897986, 440436.025827999983449 ], [ 509910.221496000012849, 439927.919417000026442 ], [ 523261.041581000026781, 435354.618647 ], [ 525849.774444999988191, 432231.095406999986153 ], [ 529833.458252000040375, 424570.989103999978397 ], [ 529841.564332999987528, 424552.139726999972481 ], [ 532819.309281000052579, 414513.226837 ], [ 532992.913363000028767, 411319.130446999974083 ], [ 532908.027329999953508, 410430.345023999980185 ], [ 532866.716732, 410187.876394000020809 ], [ 532768.65504600002896, 409634.205086999980267 ], [ 532686.113948000012897, 409171.173044 ], [ 532667.055519000045024, 409064.403073999972548 ], [ 532648.018699, 408959.210994000022765 ], [ 532470.289248000015505, 408555.923474000010174 ], [ 531829.978091, 407319.038618 ], [ 530432.74783, 406394.7085879999795 ], [ 529852.990085999947041, 406373.493076000013389 ], [ 522947.361302, 406225.902167 ] ] ] } },
{ "type": "Feature", "properties": { "TERYT": "1406", "Nazwa": "powiat grójecki" }, "geometry": { "type": "Polygon", "coordinates": [ [ [ 608460.199449999956414, 411140.841366 ], [ 603656.234391, 411502.846703000017442 ], [ 603585.473149999976158, 411510.539895 ], [ 598657.703126, 417039.61310900002718 ], [ 596118.638471000012942, 419896.051486000011209 ], [ 596064.605960999964736, 419958.152198 ], [ 596027.762471999973059, 420019.124248999985866 ], [ 595809.560763000044972, 420384.1518 ], [ 596143.160524999955669, 422406.859644000011031 ], [ 596177.767426999984309, 422562.293240000028163 ], [ 596584.763519000029191, 423540.289981 ], [ 596609.885607999982312, 423598.838972 ], [ 612806.175024, 454219.851878000015859 ], [ 613557.12665, 454600.494572 ], [ 615824.612707, 455629.195560999971349 ], [ 623789.949078000034206, 456222.430081999977119 ], [ 643417.546420000027865, 454651.825401999987662 ], [ 647608.965886999969371, 454308.082822000025772 ], [ 648099.447957, 454253.117895999981556 ], [ 650101.225956000038423, 453559.99369899998419 ], [ 654253.200012000044808, 450704.292545999982394 ], [ 656009.774964999989606, 448897.62721300002886 ], [ 656783.589810000034049, 447830.203695999982301 ], [ 656998.581136, 447430.118704000022262 ], [ 657375.692186999949627, 446443.494989000027999 ], [ 657389.372928999946453, 446399.458969000028446 ], [ 657652.419180999975652, 442013.235483 ], [ 657640.105134999961592, 441856.708943 ], [ 657630.285175999975763, 441804.586499999975786 ], [ 657545.080885999952443, 441459.959791 ], [ 657492.038636000012048, 441356.48804199998267 ], [ 657447.705262999981642, 441277.09725 ], [ 657380.857267000013962, 441197.467407000018284 ], [ 654184.180048999958672, 437865.381087000016123 ], [ 641488.133469, 425907.799799999978859 ], [ 613581.615464000031352, 412739.671595999971032 ], [ 613576.027698999969289, 412737.05930600001011 ], [ 613481.355674, 412695.084018 ], [ 613361.321540000033565, 412649.244149999984074 ], [ 608460.199449999956414, 411140.841366 ] ] ] } },
{ "type": "Feature", "properties": { "TERYT": "1013", "Nazwa": "powiat rawski" }, "geometry": { "type": "Polygon", "coordinates": [ [ [ 594766.601494999951683, 419287.337929999979679 ], [ 594691.95691499998793, 419312.050024 ], [ 594656.731175999972038, 419323.782967999984976 ], [ 588901.665743, 421658.367939000017941 ], [ 579632.28606299997773, 426885.275318 ], [ 578621.480453000054695, 427639.807569 ], [ 576978.813352999975905, 430057.59593800001312 ], [ 576966.580928000039421, 430077.466037 ], [ 576917.379798999987543, 430157.418612 ], [ 576883.253241, 430239.984722999972291 ], [ 576837.155503000016324, 430351.516589 ], [ 576784.074845000053756, 430561.654854000022169 ], [ 576723.173345000017434, 430806.529706 ], [ 577069.569277000031434, 439857.860765 ], [ 577312.344399000052363, 440536.857515999989118 ], [ 578367.654442999977618, 442598.559592999983579 ], [ 591662.78243400005158, 445765.104425000026822 ], [ 604484.248935000039637, 448429.630807999987155 ], [ 604541.972898000036366, 448425.59775900002569 ], [ 605423.766345000010915, 448357.815963 ], [ 605830.691055999952368, 448325.631241000024602 ], [ 608066.452670000027865, 448026.729448000027332 ], [ 608067.159437000053003, 448026.478914999985136 ], [ 610539.615390000049956, 443800.868542000011075 ], [ 611538.612054000026546, 441387.708727 ], [ 614516.8388509999495, 429939.414958 ], [ 614632.309470999985933, 427183.086955 ], [ 614634.151506999973208, 427105.644561 ], [ 614443.191693000029773, 425761.557955999975093 ], [ 614269.507992999977432, 424705.308254999981727 ], [ 612132.70175999996718, 422513.079987999983132 ], [ 612059.461266000056639, 422478.317380999971647 ], [ 594766.601494999951683, 419287.337929999979679 ] ] ] } },
{ "type": "Feature", "properties": { "TERYT": "1403", "Nazwa": "powiat garwoliński" }, "geometry": { "type": "Polygon", "coordinates": [ [ [ 690289.025076000019908, 419753.82182399998419 ], [ 681015.791963999974541, 420027.269757999980357 ], [ 679687.425408000010066, 420297.749954 ], [ 671277.6450209999457, 424699.521918000013102 ], [ 670962.067119000013918, 424938.900843999988865 ], [ 670929.830341, 424986.492444999981672 ], [ 670846.386059000040404, 425109.728199 ], [ 657775.838878000038676, 445545.097183 ], [ 657539.780941999983042, 445947.604931999987457 ], [ 656606.573596999980509, 448057.581912999972701 ], [ 657764.500672, 449757.826171999971848 ], [ 659250.531604000017978, 451503.573463 ], [ 673631.8519180000294, 464736.214263 ], [ 677027.290101, 467023.597692999988794 ], [ 677036.974970999988727, 467022.374927000026219 ], [ 677057.559126000036485, 467019.75101900001755 ], [ 677760.398513, 466920.141875999979675 ], [ 698213.780769999953918, 462225.307799 ], [ 698588.909420000039972, 461513.14304599998286 ], [ 703804.815744000021368, 440754.893007999984547 ], [ 703808.709831999964081, 440516.459107999980915 ], [ 700546.256196000031196, 430405.38315299997339 ], [ 698900.881469000014476, 427269.848856 ], [ 696309.107687999960035, 424456.319069000019226 ], [ 695778.536549999960698, 424000.443113000015728 ], [ 695766.787204999942333, 423990.839338 ], [ 690289.025076000019908, 419753.82182399998419 ] ] ] } },
{ "type": "Feature", "properties": { "TERYT": "1061", "Nazwa": "powiat Łódź" }, "geometry": { "type": "Polygon", "coordinates": [ [ [ 529542.88899, 424499.166459999978542 ], [ 529058.835400999989361, 424596.019122999976389 ], [ 524827.660586999962106, 425925.490865 ], [ 524466.650888000032865, 426261.987665000022389 ], [ 523613.944593, 427980.267854999983683 ], [ 523243.393656999978703, 428844.955497000017203 ], [ 523122.68987, 429373.728703 ], [ 522114.754949000023771, 438017.885277000023052 ], [ 524047.901603, 441301.592966999975033 ], [ 524053.081370000028983, 441305.469364000018686 ], [ 524197.993262999982107, 441406.186662000021897 ], [ 533753.27043799997773, 443751.771424999984447 ], [ 533810.691618000040762, 443757.488716 ], [ 534867.160666999989189, 443855.101799 ], [ 538308.452278999960981, 442612.942439 ], [ 538775.193918999982998, 442325.149603000027128 ], [ 542482.183351999963634, 438852.789124 ], [ 544158.715967, 432224.820858000020962 ], [ 543468.766759000020102, 428751.865452 ], [ 542874.066934, 427603.040533000021242 ], [ 542106.053704999969341, 426119.479432999971323 ], [ 541997.302795000025071, 425909.917979000019841 ], [ 541974.763018000056036, 425866.536367000022437 ], [ 536841.96297, 425052.878190000017639 ], [ 535803.829023999976926, 424921.642285 ], [ 529542.88899, 424499.166459999978542 ] ] ] } },
{ "type": "Feature", "properties": { "TERYT": "1011", "Nazwa": "powiat poddębicki" }, "geometry": { "type": "Polygon", "coordinates": [ [ [ 490006.248963000020012, 428193.213261 ], [ 490004.404367999988608, 428193.548286999983247 ], [ 489994.614901, 428195.331046 ], [ 489940.361023999983445, 428205.218822000024375 ], [ 489900.194756000011694, 428212.546171 ], [ 489885.809199000010267, 428215.171175000024959 ], [ 489880.016737000027206, 428216.240203999972437 ], [ 481110.840512000024319, 429921.604616999975406 ], [ 477662.722087999980431, 430623.488892 ], [ 476679.744251, 431025.418385999975726 ], [ 476255.447194, 431223.039654000021983 ], [ 476002.72337800002424, 431384.786825000017416 ], [ 475944.176746000011917, 431431.554493999981787 ], [ 480665.109783999971114, 466652.654936 ], [ 483065.654702999978326, 467838.990302000020165 ], [ 487357.346230999974068, 467236.515858000027947 ], [ 506632.072225000010803, 460795.514824000012595 ], [ 506676.01718800002709, 460776.711198 ], [ 508826.840482000028715, 459376.226000000024214 ], [ 512959.675956, 450145.673903000017162 ], [ 512970.269066, 450119.484247000014875 ], [ 512971.501172000018414, 450116.028338 ], [ 513137.82810599997174, 449553.645022000011522 ], [ 513148.103798000025563, 449493.380104999989271 ], [ 513126.015885, 448549.729117 ], [ 513101.490585000021383, 448129.192204000020865 ], [ 512879.36635899997782, 447052.371320999984164 ], [ 512591.413077, 445827.024259000027087 ], [ 512556.387182999984361, 445741.337493000028189 ], [ 509545.973981000017375, 439869.136631999979727 ], [ 503239.050448999973014, 433388.95678 ], [ 497927.429096999985632, 430862.903218000021297 ], [ 490121.127042, 428201.503602000011597 ], [ 490006.248963000020012, 428193.213261 ] ] ] } },
{ "type": "Feature", "properties": { "TERYT": "1021", "Nazwa": "powiat brzeziński" }, "geometry": { "type": "Polygon", "coordinates": [ [ [ 563041.564855, 429625.241086 ], [ 546124.86659500002861, 430389.811025 ], [ 545182.664004000020213, 431510.251846000028308 ], [ 545175.431290999986231, 431520.280982 ], [ 544471.693524, 432496.51473 ], [ 545070.734684000024572, 440397.15665199997602 ], [ 545478.027903, 443255.920229999988806 ], [ 546484.270096000051126, 447840.224811 ], [ 548350.588287999969907, 453188.386598000011873 ], [ 548353.026227000053041, 453193.892168 ], [ 548466.916742000030354, 453376.557053000025917 ], [ 548495.148546000011265, 453417.97034599998733 ], [ 549766.531312, 453612.177197000011802 ], [ 557712.214188999962062, 454303.180846999981441 ], [ 569879.304205999942496, 440543.626355000014883 ], [ 570095.135358999948949, 434610.083504999987781 ], [ 569998.689417000045069, 434392.081102999974973 ], [ 568765.9412800000282, 431711.963987 ], [ 568763.000371000031009, 431707.294445 ], [ 567995.0107259999495, 431079.819662 ], [ 567992.388026, 431078.497679999971297 ], [ 567817.204882, 431003.272120999987237 ], [ 567735.99761199997738, 430971.812465000024531 ], [ 565749.233185000019148, 430292.543178999971133 ], [ 564470.000344999949448, 429947.444475999975111 ], [ 563041.564855, 429625.241086 ] ] ] } },
{ "type": "Feature", "properties": { "TERYT": "1015", "Nazwa": "powiat skierniewicki" }, "geometry": { "type": "Polygon", "coordinates": [ [ [ 575528.685043000034057, 430809.273496999987401 ], [ 575517.691996, 430809.842615999979898 ], [ 575505.721228, 430814.332652000011876 ], [ 568260.862375000026077, 435178.826468000013847 ], [ 568220.894024000037462, 435204.283177 ], [ 568219.191608999972232, 435206.216107000014745 ], [ 568092.150890000048093, 435355.732284000026993 ], [ 560298.30130100005772, 445477.70132 ], [ 560287.247881000046618, 445533.632177 ], [ 560276.266788, 445620.027052 ], [ 559718.361097999964841, 450315.31893 ], [ 575187.398108000052162, 474317.619827000016812 ], [ 576077.548640999943018, 475690.912395 ], [ 576090.511838000034913, 475709.925078 ], [ 576315.103095000027679, 475888.34023500001058 ], [ 576511.849086, 475976.166027 ], [ 578870.638049999950454, 476684.402253 ], [ 579379.080369999981485, 476766.79555799998343 ], [ 585699.341295000049286, 473087.891 ], [ 585753.17459399998188, 473036.253627999976743 ], [ 587216.275441212812439, 471382.494539621518925 ], [ 587196.717982492293231, 466414.900024617847521 ], [ 583793.720165127306245, 463207.476794458052609 ], [ 586844.683725523296744, 461408.190592173254117 ], [ 589465.383194068796001, 456597.055746933270711 ], [ 587314.062734815175645, 454211.04578303382732 ], [ 590541.04342369583901, 453252.730305729841348 ], [ 597405.711434586555697, 454602.194957443338353 ], [ 598696.503710138960741, 454406.620370238437317 ], [ 601416.297227, 452671.84250799997244 ], [ 604484.248935000039637, 448429.630807999987155 ], [ 603935.96866500005126, 445604.744743000017479 ], [ 578648.73419600003399, 431186.471978000015952 ], [ 578616.340686999959871, 431171.886284 ], [ 578482.303733999957331, 431111.583487000025343 ], [ 578433.604346, 431089.683267000014894 ], [ 578320.570151000050828, 431052.811827 ], [ 578096.840253000031225, 431005.33632599998964 ], [ 577956.783987, 430993.54807899997104 ], [ 575528.685043000034057, 430809.273496999987401 ] ], [ [ 576469.45187430549413, 452362.865933947789017 ], [ 577858.03144346002955, 452754.015108357532881 ], [ 580889.437545135617256, 452636.67035603459226 ], [ 580830.765168974059634, 453829.675337984343059 ], [ 581241.471802104380913, 457350.017907672037836 ], [ 584331.550279941293411, 457252.230614069616422 ], [ 583901.28618809056934, 458014.97150416864315 ], [ 582004.212692203349434, 457799.839458243281115 ], [ 579980.015714632812887, 458552.801618981990032 ], [ 578992.364049248280935, 458406.120678578328807 ], [ 577105.069282721262425, 457056.656026864715386 ], [ 576361.885851342696697, 456205.906572523526847 ], [ 576371.664580702898093, 454924.893026331614237 ], [ 577163.741658882703632, 454475.071475760429166 ], [ 576635.690273429499939, 454025.24992518912768 ], [ 576469.45187430549413, 452362.865933947789017 ] ] ] } },
{ "type": "Feature", "properties": { "TERYT": "1020", "Nazwa": "powiat zgierski" }, "geometry": { "type": "Polygon", "coordinates": [ [ [ 520513.112833000021055, 433913.417643999971915 ], [ 519518.89869, 433946.777511 ], [ 519399.457773, 433967.534433000022545 ], [ 513864.128631, 436379.648587999981828 ], [ 511153.867528999981005, 438468.948428999981843 ], [ 509545.973981000017375, 439869.136631999979727 ], [ 508267.926398999989033, 458240.52067 ], [ 508297.662036, 460125.558877 ], [ 508373.151624, 460525.469397999986541 ], [ 508883.284228999982588, 460705.598909 ], [ 519329.792963000014424, 463396.208105999976397 ], [ 540589.401329000014812, 463585.811224 ], [ 550601.819432000047527, 462690.485774 ], [ 557122.940076000057161, 457068.230153999989852 ], [ 557712.214188999962062, 454303.180846999981441 ], [ 549063.114974000025541, 446008.336462999985088 ], [ 547141.003019999945536, 444426.905752 ], [ 545496.504066, 443252.558503 ], [ 540364.871124000055715, 441214.681094 ], [ 538232.786563997506164, 441270.730986505921464 ], [ 533441.209177478100173, 443011.344812629220542 ], [ 531524.57822287036106, 440996.926564419060014 ], [ 526028.932322413194925, 439295.427655736741144 ], [ 525872.472652649274096, 441016.484023139637429 ], [ 524738.140046861022711, 440762.237059773295186 ], [ 523153.985890501586255, 437711.273499377304688 ], [ 524835.927340463502333, 436694.285645911935717 ], [ 524405.663248613127507, 435481.723205241607502 ], [ 520801.215821, 433971.908428 ], [ 520656.299033000017516, 433932.760697000019718 ], [ 520602.682027, 433925.430472999985795 ], [ 520513.112833000021055, 433913.417643999971915 ] ] ] } },
{ "type": "Feature", "properties": { "TERYT": "1438", "Nazwa": "powiat żyrardowski" }, "geometry": { "type": "Polygon", "coordinates": [ [ [ 611872.569586999947205, 443241.345351000025403 ], [ 611857.41561200004071, 443241.702654000022449 ], [ 609530.665365000022575, 443758.175112000026274 ], [ 589102.360984000028111, 450314.209554 ], [ 585470.344472000026144, 452636.457065999973565 ], [ 585456.978188000037335, 452656.795464000024367 ], [ 585456.257480000029318, 452657.895344000018667 ], [ 585416.106191999977455, 452723.618876 ], [ 582204.613492000033148, 462851.208409000013489 ], [ 582256.641760000027716, 463367.204003 ], [ 586726.747265000012703, 476202.792728999978863 ], [ 586764.957745000021532, 476307.327273999981117 ], [ 590484.203075999976136, 477518.317227000021376 ], [ 596536.846807, 475842.608743000018876 ], [ 611065.390284999972209, 466107.855839999974705 ], [ 611176.392222000053152, 465861.166506999987178 ], [ 611361.598477000021376, 465255.937748999975156 ], [ 614623.214474000036716, 451264.222796000016388 ], [ 614623.359214000054635, 451262.047024999978021 ], [ 613154.364477999974042, 444074.218731999979354 ], [ 613150.359682, 444058.668255000025965 ], [ 613142.310678999987431, 444047.87948200001847 ], [ 613133.210272999946028, 444037.404120000021067 ], [ 612889.468712999951094, 443786.948441000015009 ], [ 612879.060658999951556, 443776.678827999974601 ], [ 612837.284591999952681, 443741.603882999974303 ], [ 612817.687684, 443726.346894000016619 ], [ 612805.083132999949157, 443719.171492 ], [ 611905.092394000035711, 443252.958108 ], [ 611872.569586999947205, 443241.345351000025403 ] ] ] } },
{ "type": "Feature", "properties": { "TERYT": "1417", "Nazwa": "powiat otwocki" }, "geometry": { "type": "Polygon", "coordinates": [ [ [ 657640.138654, 447304.785687000025064 ], [ 656606.573596999980509, 448057.581912999972701 ], [ 654646.439648999948986, 449858.131487999984529 ], [ 654430.475229999981821, 450075.207 ], [ 653997.231597000034526, 450740.220252999977674 ], [ 653752.573362999944948, 451419.485036999976728 ], [ 648092.291143, 477611.242961000010837 ], [ 653662.817326999967918, 486433.272139 ], [ 653674.135332999983802, 486442.0553 ], [ 656318.297285999986343, 487124.454394 ], [ 656340.296226999955252, 487129.262618999986444 ], [ 656356.13163199997507, 487132.719993999984581 ], [ 656484.02703, 487160.64137899997877 ], [ 660712.623962000012398, 485493.68456199998036 ], [ 672835.718344000051729, 475464.559459000010975 ], [ 676742.352736999979243, 470009.902455999981612 ], [ 676789.280420999974012, 469850.455841000017244 ], [ 676790.256805000011809, 469842.960781999980099 ], [ 676793.751899000024423, 469798.141772 ], [ 676801.644715999951586, 469631.438999 ], [ 676818.304637999972329, 467509.152028999989852 ], [ 676762.767119999974966, 466138.15752 ], [ 676728.701892000040971, 466034.668026999977883 ], [ 671657.079168000025675, 451789.535555 ], [ 671348.428657999960706, 451332.126935 ], [ 657741.14409199997317, 447328.810993 ], [ 657640.138654, 447304.785687000025064 ] ] ] } },
{ "type": "Feature", "properties": { "TERYT": "1418", "Nazwa": "powiat piaseczyński" }, "geometry": { "type": "Polygon", "coordinates": [ [ [ 653245.332973000011407, 449195.315482 ], [ 635285.216005000052974, 450883.76614999998128 ], [ 617509.324567000032403, 454418.937670000013895 ], [ 617028.384923, 454600.718393000017386 ], [ 616136.483950000023469, 454940.223485999973491 ], [ 615824.612707, 455629.195560999971349 ], [ 615775.496547000017017, 455793.593216 ], [ 615751.339264999958687, 456077.164515000011306 ], [ 616333.191010999958962, 458345.625974000024144 ], [ 624591.203858, 468115.051767 ], [ 624615.472595000057481, 468143.739221 ], [ 627501.98063300002832, 470956.223798000020906 ], [ 631976.907811000011861, 474386.303855 ], [ 648092.291143, 477611.242961000010837 ], [ 651139.91853899997659, 473139.719145999988541 ], [ 651413.10326400003396, 472371.279564999975264 ], [ 656551.772781, 457702.249664 ], [ 656699.226088, 457104.303978000010829 ], [ 656597.401242999942042, 456406.527551 ], [ 656203.080468000029214, 455436.694797999982256 ], [ 653626.248280999949202, 449753.97392800002126 ], [ 653245.332973000011407, 449195.315482 ] ] ] } },
{ "type": "Feature", "properties": { "TERYT": "1005", "Nazwa": "powiat łowicki" }, "geometry": { "type": "Polygon", "coordinates": [ [ [ 561922.565856999950483, 449624.660166000016034 ], [ 560197.371004999964498, 450163.539355000015348 ], [ 559718.361097999964841, 450315.31893 ], [ 558941.046244999975897, 450702.361992000020109 ], [ 558931.612991999951191, 450708.021177000016905 ], [ 538313.634743000031449, 463420.021037 ], [ 538063.728733, 463648.771958000026643 ], [ 537164.17397899995558, 464705.31650900002569 ], [ 536658.36688900005538, 465556.532445000018924 ], [ 535128.328809999977238, 468356.87088 ], [ 536366.15273500001058, 473327.925492 ], [ 550211.411731999949552, 488314.978952999983449 ], [ 550422.655278000049293, 488480.893172000010964 ], [ 553836.759062999975868, 490700.157499000022653 ], [ 560357.196309000020847, 494125.200045 ], [ 560728.610201, 494292.980584 ], [ 561009.546425999957137, 494218.055151999986265 ], [ 563813.891428999952041, 493049.771143 ], [ 571106.672384000034072, 488470.189609 ], [ 573358.19623700005468, 486187.655347 ], [ 573767.574524000054225, 485772.190565 ], [ 576410.05264, 476175.545922000019345 ], [ 576985.314192999969237, 470326.416429999982938 ], [ 577375.856984999962151, 465449.182886999973562 ], [ 576977.459205999970436, 462497.019343000021763 ], [ 563943.832291999948211, 451226.180813000013586 ], [ 561922.565856999950483, 449624.660166000016034 ] ] ] } },
{ "type": "Feature", "properties": { "TERYT": "1063", "Nazwa": "powiat Skierniewice" }, "geometry": { "type": "Polygon", "coordinates": [ [ [ 579637.398738999967463, 451322.921259999973699 ], [ 576529.278757, 451711.56887800002005 ], [ 575973.80550699995365, 451788.540434999973513 ], [ 575952.399850000045262, 452512.691018000012264 ], [ 575898.489665, 455269.429691999976058 ], [ 576032.02732700004708, 456154.037546999985352 ], [ 576720.757155, 457143.827009 ], [ 578929.648663999978453, 459187.296495000016876 ], [ 579779.073291999986395, 459243.199638 ], [ 579860.701034000026993, 459241.926243000023533 ], [ 583755.476650999975391, 458442.528088000020944 ], [ 584303.39578799996525, 458171.94534500001464 ], [ 584311.287225999985822, 458164.924139 ], [ 584364.872729000053369, 458085.483459000010043 ], [ 584625.522413, 457616.264291000028607 ], [ 584638.35332999995444, 457573.985454 ], [ 584640.480218000011519, 457563.906594 ], [ 584641.673721999977715, 457557.230525000020862 ], [ 584688.697750000050291, 457292.855029000027571 ], [ 584688.675227000028826, 457275.877707 ], [ 584659.62228899996262, 457081.714654000010341 ], [ 581384.003333, 452321.185049999970943 ], [ 581211.769361000042409, 452142.586308000027202 ], [ 579637.398738999967463, 451322.921259999973699 ] ] ] } },
{ "type": "Feature", "properties": { "TERYT": "1405", "Nazwa": "powiat grodziski" }, "geometry": { "type": "Polygon", "coordinates": [ [ [ 614163.688147000037134, 452225.922816 ], [ 612648.617905, 452905.631789 ], [ 612389.783212000038475, 453038.115792999975383 ], [ 612179.792739999946207, 453145.634019 ], [ 600249.375519, 464986.636794 ], [ 596386.339568999945186, 475461.765534 ], [ 595351.737822000053711, 478446.46682700002566 ], [ 595519.400059, 479210.046639 ], [ 596224.094689000048675, 481273.160127000010107 ], [ 596593.264012000057846, 481943.334702999971341 ], [ 603182.17185599997174, 482981.739681 ], [ 603440.205268000019714, 482938.4261149999802 ], [ 603581.46688299998641, 482898.229375 ], [ 614197.780581000028178, 478300.067066000017803 ], [ 621685.52405, 473599.675126000016462 ], [ 622831.444381, 471126.578549000027124 ], [ 622843.817137000034563, 471032.825911000021733 ], [ 622843.877977999974973, 471016.828094 ], [ 621643.971907000057399, 460939.50733 ], [ 621621.983631000039168, 460865.376272000023164 ], [ 621617.252496000030078, 460855.617268999980297 ], [ 620361.795853000017814, 458739.05728 ], [ 614869.317932000034489, 452315.613122 ], [ 614163.688147000037134, 452225.922816 ] ] ] } },
{ "type": "Feature", "properties": { "TERYT": "1004", "Nazwa": "powiat łęczycki" }, "geometry": { "type": "Polygon", "coordinates": [ [ [ 531812.330494, 459030.685053 ], [ 494288.636718, 459472.030567999987397 ], [ 492142.915663000021596, 459590.093813000014052 ], [ 491606.313658999977633, 459632.244657 ], [ 491080.746787999989465, 459702.178637999983039 ], [ 490510.137219000025652, 460416.723712 ], [ 489007.644218, 463936.804898999980651 ], [ 488199.446684999973513, 466460.294495999987703 ], [ 494809.425291, 481136.393098999978974 ], [ 495257.004866999981459, 481463.24082 ], [ 499465.984735, 483155.334236999973655 ], [ 501378.83862, 483255.721724 ], [ 511716.335299000027589, 482289.237609 ], [ 512049.610112999973353, 482245.264955000020564 ], [ 536224.97351499996148, 474142.45584 ], [ 536420.267383, 473664.551771000027657 ], [ 537507.136397000052966, 468982.882048 ], [ 538550.947508999961428, 463318.209202 ], [ 538399.285200000042096, 462397.318184999981895 ], [ 538347.209687000024132, 462146.808092000021134 ], [ 538275.951965000014752, 461864.003726999973878 ], [ 535964.796725000021979, 459675.812239 ], [ 531812.330494, 459030.685053 ] ] ] } },
{ "type": "Feature", "properties": { "TERYT": "1412", "Nazwa": "powiat miński" }, "geometry": { "type": "Polygon", "coordinates": [ [ [ 691972.316237000050023, 460061.286728999984916 ], [ 690070.534882999956608, 460144.601915 ], [ 680692.396488000056706, 462911.757185 ], [ 676708.460205000010319, 466172.316918 ], [ 676705.81961600005161, 466174.494927999970969 ], [ 676675.485801000031643, 466199.56257100001676 ], [ 676653.758647999959067, 466217.526387 ], [ 653603.606701000011526, 486439.71826 ], [ 652874.3654970000498, 487941.29208500002278 ], [ 652740.665827000048012, 488913.240629 ], [ 653533.768186999950558, 490903.256257999979425 ], [ 656696.658180000027642, 492808.618786 ], [ 678226.526503999950364, 504265.588819 ], [ 682324.065883000032045, 506194.248688999970909 ], [ 685813.915323999943212, 506743.102537000027951 ], [ 690459.605059999972582, 502248.790017 ], [ 699403.283567999955267, 489726.290189000021201 ], [ 700898.089745, 487452.97122299997136 ], [ 704070.813355, 473602.354705 ], [ 704070.942390999989584, 473593.686453 ], [ 698213.780769999953918, 462225.307799 ], [ 698205.844339999952354, 462217.838224 ], [ 698041.984820000012405, 462063.689515999983996 ], [ 697939.040232999948785, 461966.847749 ], [ 697880.474427000037394, 461911.755444 ], [ 697867.975975999957882, 461899.999581000010949 ], [ 697845.005575999966823, 461878.403180999972392 ], [ 697837.948481000028551, 461872.788358 ], [ 693001.581740000052378, 460276.210206000017934 ], [ 691972.316237000050023, 460061.286728999984916 ] ] ] } },
{ "type": "Feature", "properties": { "TERYT": "1421", "Nazwa": "powiat pruszkowski" }, "geometry": { "type": "Polygon", "coordinates": [ [ [ 621617.252496000030078, 460855.617268999980297 ], [ 617744.476923999958672, 465498.946593999979086 ], [ 611505.204883, 478927.258565000025555 ], [ 612144.00696499994956, 480642.652932 ], [ 612185.062720000045374, 480752.494657 ], [ 612188.018351000035182, 480758.796511999971699 ], [ 619415.370575999957509, 482937.306947999983095 ], [ 620682.023915000027046, 483146.003796999983024 ], [ 626610.649851999944076, 482853.419353 ], [ 630859.68800199998077, 481700.906922 ], [ 635690.590676, 476784.073305000027176 ], [ 635803.509409000049345, 476630.99900000001071 ], [ 636124.772521, 474922.893569 ], [ 635960.866805, 474248.755926000012551 ], [ 635808.971249999944121, 474056.032775000028778 ], [ 622180.526788000017405, 460991.119249999988824 ], [ 622180.512028999975882, 460991.106683 ], [ 621617.252496000030078, 460855.617268999980297 ] ] ] } },
{ "type": "Feature", "properties": { "TERYT": "3009", "Nazwa": "powiat kolski" }, "geometry": { "type": "Polygon", "coordinates": [ [ [ 485372.360416000010446, 466105.16524300002493 ], [ 481071.640338000026532, 466553.80293 ], [ 480665.109783999971114, 466652.654936 ], [ 465007.931455000012647, 476171.324319 ], [ 464971.431105999974534, 476200.270594 ], [ 464960.177688000025228, 476213.54906 ], [ 462902.572136999981012, 478772.883906 ], [ 462893.219377, 478804.925514 ], [ 462891.716626, 478811.222722999984398 ], [ 462882.905334000010043, 480255.479089999978896 ], [ 462889.035126, 480932.639483999984805 ], [ 462958.882362, 481523.566592000017408 ], [ 462986.888999000017066, 481692.48197700001765 ], [ 464912.507357999973465, 492436.113598000025377 ], [ 472118.478905999974813, 505828.528765 ], [ 472178.575130000011995, 505899.208477 ], [ 474350.721673000021838, 506659.974006999982521 ], [ 478539.19694, 506986.431049 ], [ 494859.289364999975078, 503777.511570999980904 ], [ 498080.004879000014625, 501217.313449 ], [ 498286.475222999986727, 501040.240090999985114 ], [ 498322.700795000011567, 501006.748498999979347 ], [ 503209.812257000012323, 496315.614964 ], [ 506843.493631, 488882.263266000023577 ], [ 507136.72173400002066, 486459.08063600002788 ], [ 507167.303679, 486172.329336000024341 ], [ 506132.299019999976736, 482297.510100000014063 ], [ 494867.833677000016905, 468124.666200999985449 ], [ 494379.166345999983605, 467994.306686999974772 ], [ 488199.446684999973513, 466460.294495999987703 ], [ 485959.685506, 466154.208723000017926 ], [ 485867.742836, 466145.169935000012629 ], [ 485372.360416000010446, 466105.16524300002493 ] ] ] } },
{ "type": "Feature", "properties": { "TERYT": "1002", "Nazwa": "powiat kutnowski" }, "geometry": { "type": "Polygon", "coordinates": [ [ [ 525186.243258, 471459.509402 ], [ 525176.126776000019163, 471460.738039000018034 ], [ 505304.474179000011645, 481562.961301999981515 ], [ 502066.087037, 489434.028020000027027 ], [ 502061.222653999982867, 489448.695855 ], [ 502056.531054000020958, 489679.304921999981161 ], [ 502091.137937000021338, 494436.706983999989461 ], [ 502100.915717000025325, 494497.005866000021342 ], [ 502103.427793, 494512.451921999978367 ], [ 502128.800411999982316, 494664.911864000023343 ], [ 503210.181395000021439, 496319.887341000023298 ], [ 503757.898762000026181, 496851.600548000016715 ], [ 503784.826099, 496867.018393 ], [ 503846.653422, 496896.956830999988597 ], [ 503891.165237999986857, 496918.508169999986421 ], [ 518564.030833999975584, 503147.056499 ], [ 518576.162294999987353, 503147.718309000018053 ], [ 518668.264946000010241, 503152.740574 ], [ 518865.689483000023756, 503162.551847000024281 ], [ 518937.37900900002569, 503160.66121 ], [ 519037.75153, 503155.206216000020504 ], [ 520553.036827999982052, 502883.351542000018526 ], [ 530977.318363999947906, 498337.610085 ], [ 547682.345317000057548, 490516.769752 ], [ 549736.000606999965385, 489378.453687999979593 ], [ 551195.712010000017472, 487751.363756 ], [ 551744.689758999971673, 486892.030666999984533 ], [ 551979.384790000040084, 486524.281641 ], [ 552026.177363, 486176.776590999972541 ], [ 552026.353032000013627, 486175.461732 ], [ 552132.557908999966457, 485357.097776999988127 ], [ 552133.879606000031345, 485346.876485000015236 ], [ 552162.82890199997928, 485086.912629000027664 ], [ 547750.796082000015303, 475493.134207999974024 ], [ 543451.018506000051275, 472869.237946 ], [ 542322.548733999952674, 472389.223074999987148 ], [ 542295.255206999951042, 472384.951966999971773 ], [ 541681.722569999983534, 472304.68576199997915 ], [ 525186.243258, 471459.509402 ] ] ] } },
{ "type": "Feature", "properties": { "TERYT": "1428", "Nazwa": "powiat sochaczewski" }, "geometry": { "type": "Polygon", "coordinates": [ [ [ 582322.283825000049546, 472739.023616000020411 ], [ 582308.675586999976076, 472739.058421000023372 ], [ 576315.103095000027679, 475888.34023500001058 ], [ 574612.630131999962032, 476840.862933999975212 ], [ 564043.297004999942146, 491896.585276999976486 ], [ 564030.306402000016533, 491939.075775999983307 ], [ 563831.582174999988638, 492682.983617 ], [ 563815.695425000041723, 492944.298516999988351 ], [ 563813.891428999952041, 493049.771143 ], [ 563809.102747999946587, 493482.91803 ], [ 565387.783540999982506, 506039.154419999977108 ], [ 565862.327866, 506188.670531000010669 ], [ 565892.10864, 506197.7633270000224 ], [ 566356.74718499998562, 506339.628078999987338 ], [ 566398.84135200001765, 506352.480151000025216 ], [ 566418.440986, 506358.461342 ], [ 592994.647743999958038, 503443.01185800001258 ], [ 593331.948942000046372, 503393.361189000017475 ], [ 595582.015092000016011, 502973.700673000013921 ], [ 596556.856144999968819, 501514.759802000015043 ], [ 601695.415979000041261, 486832.460488000011537 ], [ 601748.755102999974042, 486120.83547 ], [ 601857.723734, 481842.61060199997155 ], [ 601550.625910999951884, 479820.42888199997833 ], [ 596536.846807, 475842.608743000018876 ], [ 595363.008928, 474928.053281 ], [ 595160.693336999975145, 474866.254773000022396 ], [ 595035.8639, 474828.129733 ], [ 594723.457988, 474733.250842 ], [ 594419.122946999967098, 474641.185822000028566 ], [ 585634.937334000016563, 473072.87815 ], [ 582322.283825000049546, 472739.023616000020411 ] ] ] } },
{ "type": "Feature", "properties": { "TERYT": "2212", "Nazwa": "powiat słupski" }, "geometry": { "type": "Polygon", "coordinates": [ [ [ 355698.789706000010483, 693380.699759999988601 ], [ 351906.207988, 704066.355027999961749 ], [ 350844.410676, 707952.835647 ], [ 350843.566096000024118, 707960.234600999974646 ], [ 351265.791764999972656, 747577.718019000021741 ], [ 387231.016911000013351, 764597.027045 ], [ 393962.041779000021052, 766393.846682999981567 ], [ 395955.765637999982573, 766702.939175999956205 ], [ 402946.413566, 767373.466432000044733 ], [ 405249.89064, 766576.146911000018008 ], [ 405491.570959999982733, 766107.238315999973565 ], [ 410761.063687000016216, 753421.942659000051208 ], [ 410829.697859, 753220.65177 ], [ 410833.788133000023663, 753199.022514999960549 ], [ 410543.007355, 734744.297490000026301 ], [ 409262.800450999988243, 731849.175433999975212 ], [ 397518.162042999989353, 712876.070976000046358 ], [ 395141.308517, 710615.317547000013292 ], [ 355905.726152000017464, 693469.632157000014558 ], [ 355698.789706000010483, 693380.699759999988601 ] ], [ [ 365864.419337304774672, 735160.476988420123234 ], [ 366362.267737146699801, 734605.731628596317023 ], [ 366589.855577074398752, 733496.2409089487046 ], [ 367542.879656771721784, 732813.477389165549539 ], [ 368310.988616527756676, 732770.804669179138727 ], [ 367884.261416663299315, 733425.119708971236832 ], [ 368040.728056613588706, 734506.161948627908714 ], [ 370828.679095728148241, 734107.883228754391894 ], [ 372350.672775244805962, 733396.671228980296291 ], [ 371995.066775357758161, 731575.968509558355436 ], [ 373033.436295027961023, 731006.998909739078954 ], [ 373972.236134729813784, 731163.465549689368345 ], [ 374327.842134616861586, 732059.592669404810295 ], [ 375750.266134165110998, 733809.174188849166967 ], [ 376945.102293785661459, 733880.29538882651832 ], [ 376703.29021386243403, 735260.046668388298713 ], [ 375408.884374273533467, 735615.652668275404721 ], [ 375238.19349432765739, 737194.543307774001732 ], [ 373189.902934978192206, 738133.343147475738078 ], [ 371170.060855619667564, 738047.997707502916455 ], [ 370857.127575719030574, 737080.749387810123153 ], [ 369377.80661618890008, 737820.409867575159296 ], [ 369320.90965620696079, 739185.936907141469419 ], [ 367998.055336627119686, 738488.949147362844087 ], [ 366945.461576961388346, 738460.500667371903546 ], [ 365807.522377322835382, 737777.737147588748485 ], [ 366732.097977029159665, 737621.270507638459094 ], [ 367144.600936898146756, 738332.482507412554696 ], [ 367421.973616809991654, 738375.155227398965508 ], [ 368424.78253649151884, 738197.352227455470711 ], [ 368830.173376362887211, 736774.928227907279506 ], [ 366881.452496981772128, 735153.364868422271684 ], [ 365864.419337304774672, 735160.476988420123234 ] ] ] } },
{ "type": "Feature", "properties": { "TERYT": "2201", "Nazwa": "powiat bytowski" }, "geometry": { "type": "Polygon", "coordinates": [ [ [ 387981.165426000021398, 668737.592625000048429 ], [ 366320.221632, 673060.613337000017054 ], [ 365711.475379000010435, 673301.857548999949358 ], [ 364402.723846999986563, 674163.299699999974109 ], [ 362722.47560100001283, 675445.779506 ], [ 359481.272430000011809, 677961.883672000025399 ], [ 355051.425479999976233, 681712.878617999958806 ], [ 354976.461282, 681787.20303099998273 ], [ 354795.518091999983881, 686523.366325999959372 ], [ 354795.800127999973483, 686541.236228000023402 ], [ 355613.685371999978088, 692788.726916000014171 ], [ 355651.311356000020169, 693074.256813999963924 ], [ 355664.553087999986019, 693163.058281 ], [ 355698.789706000010483, 693380.699759999988601 ], [ 356186.923560999974143, 694683.625068999943323 ], [ 371626.500788, 716922.733467999962159 ], [ 373007.053217999986373, 718167.379515000036918 ], [ 374153.050258999981452, 718761.941502999980003 ], [ 403153.976555, 730947.542651999974623 ], [ 408958.305357999983244, 731917.032162999967113 ], [ 409018.411021, 731918.527613000012934 ], [ 409262.800450999988243, 731849.175433999975212 ], [ 412687.993305000010878, 729712.962305999943055 ], [ 417420.758013000013307, 725787.966225999989547 ], [ 418477.789624999975786, 724095.9815 ], [ 418812.502457999973558, 721863.363773999968544 ], [ 421714.761504, 702208.457645999966189 ], [ 421713.220371, 702115.1310260000173 ], [ 421704.284836, 701989.424688 ], [ 421697.787589000014123, 701961.878242 ], [ 421646.39541, 701758.797934000031091 ], [ 420011.630411, 697930.907497999956831 ], [ 417400.148838000022806, 693133.88402999995742 ], [ 411650.660397000028752, 685673.100850000046194 ], [ 400955.168446999974549, 674132.824378 ], [ 400157.73744, 673731.62619400001131 ], [ 400146.231917000026442, 673725.89140199997928 ], [ 387981.165426000021398, 668737.592625000048429 ] ] ] } },
{ "type": "Feature", "properties": { "TERYT": "2203", "Nazwa": "powiat człuchowski" }, "geometry": { "type": "Polygon", "coordinates": [ [ [ 393261.427869, 626315.064957999973558 ], [ 393022.088288000028115, 626335.1289800000377 ], [ 390623.398365999979433, 626655.052647999953479 ], [ 369583.049781, 629643.345283000031486 ], [ 367546.553028, 629948.010529999970458 ], [ 367415.769772000028752, 629984.841280000051484 ], [ 364411.536164, 632724.628721000044607 ], [ 364394.962222, 632745.995349999982864 ], [ 364307.742549000016879, 632867.14731499995105 ], [ 364299.019207999983337, 632887.794365999987349 ], [ 360903.657136, 641625.406318000052124 ], [ 360897.739578999986406, 641642.674023000057787 ], [ 360735.306502000021283, 642466.461164999986067 ], [ 358772.639297000016086, 655726.228771999944001 ], [ 359327.165974, 667412.010907000047155 ], [ 360154.69405699998606, 669208.378421999979764 ], [ 369134.01603, 678856.833729999954812 ], [ 369525.406558000016958, 679218.254759000032209 ], [ 370866.473945999983698, 680438.895315999980085 ], [ 376041.548919999971986, 684352.74494 ], [ 376196.09721699997317, 684416.167021999950521 ], [ 376827.521775999979582, 684623.705892 ], [ 381004.009995999978855, 684333.67877 ], [ 384080.470668, 681140.919482000055723 ], [ 402430.810229, 651138.992683000047691 ], [ 400168.943068999971729, 641530.84111599996686 ], [ 400144.345550999976695, 641429.279906000010669 ], [ 393479.626269, 626579.874533999944106 ], [ 393261.427869, 626315.064957999973558 ] ] ] } },
{ "type": "Feature", "properties": { "TERYT": "2263", "Nazwa": "powiat Słupsk" }, "geometry": { "type": "Polygon", "coordinates": [ [ [ 373196.388979999988806, 730512.359201999963261 ], [ 372350.448171, 730654.882867999956943 ], [ 371366.977678057155572, 731708.876252015586942 ], [ 371608.789757980441209, 732974.833611613838002 ], [ 368835.062958860653453, 734134.109171245945618 ], [ 368358.550919011875521, 733714.494091379106976 ], [ 369083.98715878155781, 732683.236691706348211 ], [ 367743.352539207029622, 732267.177671838318929 ], [ 367299.908852000022307, 732479.29449 ], [ 366770.038690000015777, 732772.646685000043362 ], [ 366683.286976, 732832.247039000038058 ], [ 366484.79514, 732981.173967999988236 ], [ 365863.418893, 733466.037544999970123 ], [ 365094.425432000018191, 735735.329108000034466 ], [ 365313.788525999989361, 737836.796116000041366 ], [ 365410.951618, 737904.92035000002943 ], [ 365498.453784000012092, 737959.336830000043847 ], [ 368349.170044999977108, 739393.336103999987245 ], [ 369545.709550000028685, 739696.222324999980628 ], [ 373329.874010999978054, 738626.651775000034831 ], [ 374843.129601, 737989.475727000040933 ], [ 375749.994956, 737537.612237000023015 ], [ 375812.052676646737382, 737050.078370320494287 ], [ 375790.716316653531976, 735969.036130663473159 ], [ 376679.731316371413413, 735784.121010722126812 ], [ 377009.452470000018366, 735653.790356999961659 ], [ 377143.385581, 735414.81802 ], [ 377163.481821, 735360.912066000048071 ], [ 377198.371777000022121, 734232.51332300005015 ], [ 377182.865283, 733883.296218 ], [ 377138.656637999985833, 733742.167341000051238 ], [ 377136.009204, 733735.948193000047468 ], [ 377091.320694, 733677.855311000021175 ], [ 374092.47693, 730942.610112000023946 ], [ 373196.388979999988806, 730512.359201999963261 ] ] ] } },
{ "type": "Feature", "properties": { "TERYT": "3028", "Nazwa": "powiat wągrowiecki" }, "geometry": { "type": "Polygon", "coordinates": [ [ [ 373314.159232, 523975.072387999971397 ], [ 373289.944041999988258, 523988.779845000011846 ], [ 373253.74242000002414, 524009.273536 ], [ 373216.041191000025719, 524036.997194 ], [ 373161.054486999986693, 524084.405352999980096 ], [ 373122.624407000024803, 524128.717351 ], [ 367644.798575999971945, 531267.212479999987409 ], [ 367623.419819, 531353.523538999957964 ], [ 366931.855825999984518, 536645.520106000010855 ], [ 365582.72605, 548155.997439999948256 ], [ 365398.535663000016939, 550754.261204999987967 ], [ 365738.752516, 553181.372711000032723 ], [ 365769.381039, 553281.6189 ], [ 378492.441731999977492, 573716.307042 ], [ 385435.200649, 581219.57706399995368 ], [ 385441.464151999971364, 581220.667999000055715 ], [ 385474.742351000022609, 581222.029528000042774 ], [ 385567.534946000028867, 581225.53154400002677 ], [ 387273.529413999989629, 580936.84785300004296 ], [ 387283.518380000023171, 580934.985422999947332 ], [ 387300.444311, 580930.835041000042111 ], [ 387761.26707, 580524.351929 ], [ 400453.878554, 563533.040787999983877 ], [ 401014.15956, 558711.431003 ], [ 400865.52632, 555752.718612 ], [ 400365.188046000024769, 551685.440764000057243 ], [ 399556.343563999980688, 548841.728781000012532 ], [ 394448.531105, 537148.775963000021875 ], [ 378934.267029999988154, 525561.463381999987178 ], [ 377513.259635000023991, 525052.638974 ], [ 377477.766760000027716, 525040.316215 ], [ 377072.066544, 524918.448530000052415 ], [ 373723.458869999973103, 524032.996580999984872 ], [ 373669.844898000010289, 524022.01342700002715 ], [ 373628.83676600002218, 524013.613260000012815 ], [ 373314.159232, 523975.072387999971397 ] ] ] } },
{ "type": "Feature", "properties": { "TERYT": "0413", "Nazwa": "powiat sępoleński" }, "geometry": { "type": "Polygon", "coordinates": [ [ [ 395910.479218000022229, 601395.353677000035532 ], [ 393832.973559, 603015.551829 ], [ 384005.992221999971662, 612380.836227 ], [ 383968.669567, 612445.243657000013627 ], [ 383437.368529000028502, 613585.605665000039153 ], [ 383430.16758, 613601.750534 ], [ 383427.31377, 613632.068670999957249 ], [ 383432.562696999986656, 613941.084370999946259 ], [ 383433.182061999978032, 613957.470074999961071 ], [ 383478.808762, 614180.353455999982543 ], [ 383488.348952999978792, 614208.35997 ], [ 383494.237506999983452, 614222.096066999947652 ], [ 395572.936785999976564, 636632.350829 ], [ 396209.348300000012387, 637526.170930000022054 ], [ 396224.883892000012565, 637544.075334000051953 ], [ 396887.190557, 638213.461179999983869 ], [ 397221.548706999979913, 638492.686449000029825 ], [ 397240.369470999983605, 638505.426562999957241 ], [ 397354.064487, 638563.85464699997101 ], [ 397388.75004800001625, 638580.240394999971613 ], [ 401397.274824000021908, 640189.060008 ], [ 401699.705541, 640240.096195 ], [ 401746.310412, 640240.39104200003203 ], [ 401775.286001999978907, 640235.995513999951072 ], [ 407669.642642, 637796.258408 ], [ 410682.634604000020772, 636053.76231799996458 ], [ 410701.536483999982011, 636040.95293499995023 ], [ 415119.400359000021126, 627477.270831999951042 ], [ 418312.166332, 619428.186565999989398 ], [ 418312.482076000014786, 619424.344389999983832 ], [ 418298.457199, 615953.598879000055604 ], [ 415293.382861000020057, 605821.031032999977469 ], [ 415094.64526299998397, 605280.072720999945886 ], [ 414148.296996, 603055.6113090000581 ], [ 414138.661942999984603, 603040.662711999961175 ], [ 414124.940569000027608, 603032.268851 ], [ 414111.059075, 603026.016018999973312 ], [ 413994.05109199997969, 602997.465881000040099 ], [ 411752.796706, 602470.661372 ], [ 408273.843968999979552, 601998.592482 ], [ 408166.045357000024524, 601986.087068 ], [ 407643.64428200002294, 601935.710673999972641 ], [ 407604.598244, 601931.948948999983259 ], [ 395910.479218000022229, 601395.353677000035532 ] ] ] } },
{ "type": "Feature", "properties": { "TERYT": "0410", "Nazwa": "powiat nakielski" }, "geometry": { "type": "Polygon", "coordinates": [ [ [ 403308.886313, 559784.950945000047795 ], [ 401107.615004000021145, 560180.815045000053942 ], [ 401050.000574, 560195.980542000033893 ], [ 401018.596113, 560207.632623999961652 ], [ 387018.444314000022132, 568946.588663000031374 ], [ 386041.937596999981906, 571279.225835000048392 ], [ 387883.349990000016987, 595455.606796000036411 ], [ 387892.554035999986809, 595516.244507999974303 ], [ 387958.944102999987081, 595864.147642 ], [ 387960.938518, 595874.545968999969773 ], [ 396909.399037999974098, 603203.458607999957167 ], [ 403737.939324999984819, 604277.490938000031747 ], [ 413227.439560000027996, 603190.503952000057325 ], [ 413523.373514999984764, 603086.465867000049911 ], [ 413816.794352, 602882.138435999979265 ], [ 424826.17248, 575876.825155999977142 ], [ 422988.717113, 568716.121169000049122 ], [ 422938.70827, 568611.325632 ], [ 422871.31772, 568484.283705999958329 ], [ 420051.479898000019602, 563982.234093999955803 ], [ 418843.811892000027001, 562447.809637999976985 ], [ 418721.893984999973327, 562390.224521999945864 ], [ 418686.02341800002614, 562376.11057899997104 ], [ 403308.886313, 559784.950945000047795 ] ] ] } },
{ "type": "Feature", "properties": { "TERYT": "2202", "Nazwa": "powiat chojnicki" }, "geometry": { "type": "Polygon", "coordinates": [ [ [ 412082.997557999973651, 634742.26468699995894 ], [ 411828.386543, 634773.438954000012018 ], [ 411073.727804000023752, 634866.911929999943823 ], [ 404959.118559999973513, 635757.071003000019118 ], [ 404894.329722, 635767.986182000022382 ], [ 403997.680032, 635919.623192999977618 ], [ 403856.380049000028521, 635944.578385 ], [ 403775.746946999977808, 635971.829794000019319 ], [ 403701.752011, 635996.998876000056043 ], [ 398562.965095, 638437.893548000021838 ], [ 388129.127331, 668916.944491000031121 ], [ 390004.595770000014454, 673412.064131999970414 ], [ 390427.221014, 674330.611909999977797 ], [ 390448.137262, 674358.575216999975964 ], [ 391536.998735999979544, 675494.769946999964304 ], [ 392566.488797999976669, 676296.232884999946691 ], [ 407153.224342999979854, 686141.314551000017673 ], [ 407608.194335, 686192.561406000051647 ], [ 409543.222175, 686091.975369 ], [ 411295.770813999988604, 685493.134496000013314 ], [ 440875.353743000014219, 674447.964286 ], [ 441337.277468000014778, 673810.831429000012577 ], [ 443497.281314000021666, 670250.652363999979571 ], [ 443515.076041000022087, 670211.21079100004863 ], [ 443424.972386999987066, 669571.343010999960825 ], [ 442263.665801999974065, 662508.683920999988914 ], [ 436967.193587000016123, 652449.038489999948069 ], [ 436392.288605, 651789.306649000034668 ], [ 436314.845372000010684, 651714.762203000020236 ], [ 436146.260977, 651568.116072 ], [ 415998.858351, 637196.478877000045031 ], [ 412082.997557999973651, 634742.26468699995894 ] ] ] } },
{ "type": "Feature", "properties": { "TERYT": "0419", "Nazwa": "powiat żniński" }, "geometry": { "type": "Polygon", "coordinates": [ [ [ 411133.626253, 527020.156211000052281 ], [ 410500.383091000025161, 527113.270304 ], [ 396413.43450600001961, 536068.975811999989673 ], [ 392349.628775, 544642.808930000057444 ], [ 392827.727017999975942, 547676.353809 ], [ 392859.227632, 547802.404915999970399 ], [ 399999.135765000013635, 561403.214735000045039 ], [ 424488.24271800002316, 575820.646630999981426 ], [ 424539.648018, 575843.50899 ], [ 424833.100439, 575877.667778 ], [ 428877.367492, 575325.877550999983214 ], [ 430314.641636000014842, 575014.347151000052691 ], [ 430322.293979, 575012.621236999984831 ], [ 430324.987843999988399, 575010.864782999968156 ], [ 430342.748984, 574991.486257000011392 ], [ 431354.416849999979604, 573127.982395000057295 ], [ 433512.672831, 567356.287439999985509 ], [ 436767.814696000015829, 557839.87190999998711 ], [ 436771.344202, 557827.728178999968804 ], [ 437422.25435900001321, 554110.004308999981731 ], [ 437271.959068000025582, 552167.306181999971159 ], [ 437261.996732999978121, 552140.967091999948025 ], [ 436273.64755699998932, 549601.611385999945924 ], [ 436153.731271, 549395.078284000046551 ], [ 417336.237165, 530831.233466999954544 ], [ 417271.271699999982957, 530767.483406999963336 ], [ 412248.841282, 527240.167049000039697 ], [ 411133.626253, 527020.156211000052281 ] ] ] } },
{ "type": "Feature", "properties": { "TERYT": "2208", "Nazwa": "powiat lęborski" }, "geometry": { "type": "Polygon", "coordinates": [ [ [ 419569.879162999975961, 721736.802065000054426 ], [ 419556.693666999984998, 721737.398535000043921 ], [ 419152.522392000013497, 721770.439508000039496 ], [ 419080.289210000017192, 721781.349136000033468 ], [ 418874.72974699997576, 721836.20175999996718 ], [ 418748.105936, 721878.510057999985293 ], [ 413327.638277, 724117.187296999967657 ], [ 413284.228607000026386, 724136.315903999959119 ], [ 413159.913488, 724253.978564 ], [ 406000.168928000028245, 736350.347408000030555 ], [ 405982.472551000013482, 736385.244445999967866 ], [ 398033.79903, 762138.689928999985568 ], [ 402946.413566, 767373.466432000044733 ], [ 404338.695187999983318, 767778.608837999985553 ], [ 406797.101061000023037, 768352.707194000016898 ], [ 413135.06658799998695, 769510.825498000020161 ], [ 414269.40435000002617, 769674.942555999965407 ], [ 417590.753101999987848, 768806.970306999981403 ], [ 417628.191994, 768790.503797000041232 ], [ 417773.13586400001077, 768682.413017999962904 ], [ 417850.341989999986254, 768601.84796699997969 ], [ 420529.191816999984439, 765108.25385700003244 ], [ 420884.056078, 764448.56912 ], [ 424485.879289, 756254.734528 ], [ 427881.286779000016395, 735743.577503000036813 ], [ 427895.193504000024404, 735610.811498999944888 ], [ 427411.332359, 727901.923552999971434 ], [ 427296.921541000017896, 727721.381140999961644 ], [ 421564.247385, 723160.209712999989279 ], [ 419814.93224, 721820.846560999983922 ], [ 419584.255604, 721740.556067000026815 ], [ 419569.879162999975961, 721736.802065000054426 ] ] ] } },
{ "type": "Feature", "properties": { "TERYT": "0416", "Nazwa": "powiat tucholski" }, "geometry": { "type": "Polygon", "coordinates": [ [ [ 431692.116832999978215, 613469.005219000042416 ], [ 415616.473398, 619555.880399000016041 ], [ 415565.19308, 619575.641091999947093 ], [ 407681.904465000028722, 631341.470698000048287 ], [ 407544.615303000027779, 631917.622649000026286 ], [ 407499.303460000024643, 632177.35788699996192 ], [ 407425.341474000015296, 632945.927769999951124 ], [ 407464.734019000025, 633363.055801999988034 ], [ 416844.039983999973629, 646645.352071000030264 ], [ 418359.800235999980941, 648497.559509000042453 ], [ 425100.031738, 655429.218679000041448 ], [ 425113.915795999986585, 655435.620018000015989 ], [ 425436.462394999980461, 655584.299122 ], [ 438872.852234, 657775.31794900004752 ], [ 444110.390161000017542, 656284.42246300005354 ], [ 450959.597523999982513, 653749.153821000014432 ], [ 451031.32831900002202, 653718.359704999951646 ], [ 451708.992657999973744, 653316.646125999977812 ], [ 452111.685934, 652143.73231 ], [ 452268.160035, 651142.430614999961108 ], [ 452284.351272, 650902.313141 ], [ 448842.650685, 632292.650618999963626 ], [ 448833.376395999977831, 632264.994027000037022 ], [ 437333.29056, 614867.888543999986723 ], [ 435187.597181, 614334.820576000027359 ], [ 431692.116832999978215, 613469.005219000042416 ] ] ] } },
{ "type": "Feature", "properties": { "TERYT": "0403", "Nazwa": "powiat bydgoski" }, "geometry": { "type": "Polygon", "coordinates": [ [ [ 440623.393978999985848, 564223.152773999958299 ], [ 440350.078770000021905, 564236.255850999965332 ], [ 433446.110889, 566831.683394000050612 ], [ 418245.771767999976873, 582318.475825999979861 ], [ 411176.723447999975178, 596726.261315000010654 ], [ 412628.137071, 609288.28920899995137 ], [ 412840.306908000027761, 610023.645173000055365 ], [ 413944.025327000010293, 612613.594494999968447 ], [ 418275.383222999982536, 619386.910478999954648 ], [ 418350.726275999972131, 619419.460062999976799 ], [ 427873.5578, 620446.987304999958724 ], [ 427912.654258999973536, 620437.29286599997431 ], [ 428201.938388, 620263.19557400001213 ], [ 437342.762435999989975, 613811.149115000036545 ], [ 437692.273005000024568, 613523.44803700002376 ], [ 451768.070486999989953, 601257.123214000021107 ], [ 456532.807067000016104, 594097.214657000033185 ], [ 460279.589071, 575064.997265000012703 ], [ 458236.092209000024013, 569940.468912999960594 ], [ 458218.439183, 569902.994743000017479 ], [ 458087.995086, 569715.789603000041097 ], [ 458043.600543999986257, 569675.129113 ], [ 457734.854642, 569403.024283000035211 ], [ 457706.767516000021715, 569382.856234999955632 ], [ 457512.341769, 569243.379451000015251 ], [ 454192.885564, 567450.714929 ], [ 449771.269546, 565681.841176999965683 ], [ 447465.921844, 564790.505482999957167 ], [ 444615.457827, 564441.172941999975592 ], [ 440623.393978999985848, 564223.152773999958299 ] ], [ [ 441711.623053216200788, 577374.538778532878496 ], [ 442109.901773089834023, 581812.501657123444602 ], [ 441825.416973180079367, 585453.907095966977067 ], [ 446121.137451815768145, 589038.415574828512035 ], [ 446064.240491833828855, 590887.566774241277017 ], [ 445751.307211933250073, 591769.469653961132281 ], [ 445096.992172141035553, 590659.978934313519858 ], [ 440630.580813559587114, 588839.276214891811833 ], [ 437814.18129445402883, 588725.482294927933253 ], [ 437671.938894499209709, 589465.142774692969397 ], [ 433376.218415863520931, 590176.354774467181414 ], [ 432977.939695990004111, 589322.900374738150276 ], [ 431384.824816495995037, 589408.245814711088315 ], [ 431071.891536595358048, 593248.790613491320983 ], [ 429649.467537047108635, 593049.65125355462078 ], [ 431071.891536595358048, 587587.543095289263874 ], [ 430076.194736911565997, 586534.949335623532534 ], [ 429507.225137092289515, 586421.155415659653954 ], [ 427231.34673781512538, 587601.767335284734145 ], [ 427515.831537724763621, 588839.276214891695417 ], [ 425865.819698248815257, 587459.524935329915024 ], [ 425752.025778284936678, 586563.397815614473075 ], [ 429820.158416992868297, 585425.458615975920111 ], [ 430332.231056830263697, 584486.65877627406735 ], [ 429905.503856965806335, 582267.677336978842504 ], [ 436021.927055023261346, 581271.980537294992246 ], [ 436505.551214869657997, 577516.781178487697616 ], [ 440459.889933613769244, 578768.514298090129159 ], [ 440829.720173496287316, 577545.229658478638157 ], [ 441711.623053216200788, 577374.538778532878496 ] ] ] } },
{ "type": "Feature", "properties": { "TERYT": "2206", "Nazwa": "powiat kościerski" }, "geometry": { "type": "Polygon", "coordinates": [ [ [ 427834.122288000013214, 663922.496396000031382 ], [ 425519.704185999988113, 664060.843066000030376 ], [ 424296.534835, 664225.643160999985412 ], [ 424282.910071, 664229.103647000039928 ], [ 424275.361515, 664233.188734999974258 ], [ 424219.811831000028178, 664271.174237999948673 ], [ 412079.587236, 683900.030181 ], [ 411865.163421, 684306.413506999961101 ], [ 411348.969557999982499, 685404.101138000027277 ], [ 412672.132640999974683, 693639.79220400005579 ], [ 417680.586551000014879, 699786.715567999985069 ], [ 421806.143562000012025, 702362.66446600004565 ], [ 425804.355507, 703579.643164 ], [ 434105.366744, 704291.086545999976806 ], [ 440946.433880999975372, 704780.265962 ], [ 445545.09196, 704186.957757 ], [ 447810.838372999976855, 703607.061932999989949 ], [ 448918.215101999987382, 703257.011049999971874 ], [ 455258.088919, 698448.275750000029802 ], [ 456063.527375, 697627.65940500004217 ], [ 456435.534274999983609, 696896.024333999957889 ], [ 457718.848087000020314, 694058.173801 ], [ 458204.466482000018004, 688638.361253999988548 ], [ 457352.421184999984689, 679414.551530999946408 ], [ 429397.015390000015032, 664237.09687699994538 ], [ 429086.556555000017397, 664124.115928999963216 ], [ 428575.067570000013802, 663963.451721000019461 ], [ 428566.458708000020124, 663961.113752000033855 ], [ 427834.122288000013214, 663922.496396000031382 ] ] ] } },
{ "type": "Feature", "properties": { "TERYT": "2205", "Nazwa": "powiat kartuski" }, "geometry": { "type": "Polygon", "coordinates": [ [ [ 439339.686151999980211, 701493.436819999944419 ], [ 428756.020866999984719, 701663.813845 ], [ 414859.462659000011627, 701929.080487000057474 ], [ 414763.529266000026837, 701963.294082000036724 ], [ 414759.516234999988228, 701967.168878 ], [ 413988.446122, 702749.125054999953136 ], [ 413894.64991600002395, 702876.417763 ], [ 413882.867696999979671, 702921.774937 ], [ 416082.433697999978904, 717249.650068999966606 ], [ 416240.072959000011906, 717734.589720000047237 ], [ 416267.897351, 717819.648086 ], [ 416296.087116, 717905.820403 ], [ 416328.68692, 718004.134387 ], [ 416462.61578, 718338.097258000052534 ], [ 422080.844372000021394, 728200.468283999944106 ], [ 422991.592898999981117, 728591.177605999982916 ], [ 423003.737260999972932, 728595.393308999948204 ], [ 433239.408841, 730515.824080000049435 ], [ 462332.867061999975704, 735228.273928 ], [ 463568.272183, 733397.608657 ], [ 463658.367735999985598, 733257.690978999948129 ], [ 463662.858947, 733250.230929999961518 ], [ 463967.740202000015415, 732733.585407000035048 ], [ 464851.403210000018589, 730362.397552 ], [ 466986.689116999972612, 716184.502278 ], [ 466978.747686000016984, 716167.164203000022098 ], [ 466961.265628000022843, 716129.032190000056289 ], [ 466599.398133, 715761.246448999969289 ], [ 466571.294685999979265, 715735.967672999948263 ], [ 463107.422398000024259, 712935.010098000057042 ], [ 463096.715803999977652, 712926.426260999985971 ], [ 449449.337024, 702916.237089999951422 ], [ 449386.299299, 702871.142253000056371 ], [ 439339.686151999980211, 701493.436819999944419 ] ] ] } },
{ "type": "Feature", "properties": { "TERYT": "2215", "Nazwa": "powiat wejherowski" }, "geometry": { "type": "Polygon", "coordinates": [ [ [ 444460.512785000028089, 727467.52245699998457 ], [ 427411.332359, 727901.923552999971434 ], [ 427347.153401000017766, 728019.590676 ], [ 425629.210973999986891, 731705.278422 ], [ 425500.099337, 732063.499703999958001 ], [ 425494.130545000021812, 732082.385251999949105 ], [ 414269.40435000002617, 769674.942555999965407 ], [ 420046.87312900001416, 771830.847136000054888 ], [ 430102.493238999973983, 774272.083217 ], [ 430318.488934000022709, 774303.27443700004369 ], [ 439044.162541, 770719.792058 ], [ 439098.796874, 770695.30328999995254 ], [ 439108.750555999984499, 770689.564749000011943 ], [ 439172.722377000027336, 770645.583113000029698 ], [ 439224.853588, 770605.347981999977492 ], [ 439342.468327999988105, 770512.194382000016049 ], [ 460390.204398999980185, 752507.002220000023954 ], [ 461976.708411999978125, 750077.504110999987461 ], [ 461998.352758999972139, 750042.774716999963857 ], [ 462056.889506999985315, 749926.660847999970429 ], [ 462726.432569, 747695.385633000056259 ], [ 462734.086642, 747665.742024000035599 ], [ 462806.101773999980651, 747266.791402 ], [ 463215.833649999985937, 744950.963031 ], [ 463221.54459, 744910.47328000003472 ], [ 463231.318613999988884, 744757.912116999970749 ], [ 462335.827676000015344, 732888.854536999948323 ], [ 462266.062633000023197, 732660.763195 ], [ 461030.050737000012305, 730769.185064999968745 ], [ 461026.383962000021711, 730763.639827999984846 ], [ 457633.520489000016823, 729084.561512000043876 ], [ 457604.833502000023145, 729071.08586 ], [ 457580.651404, 729060.204981000046246 ], [ 457542.13965799997095, 729043.900799999944866 ], [ 457525.623105, 729037.258617999963462 ], [ 457513.193089, 729032.567338999942876 ], [ 457213.242788999981713, 728922.583365999977104 ], [ 444460.512785000028089, 727467.52245699998457 ] ] ] } },
{ "type": "Feature", "properties": { "TERYT": "0409", "Nazwa": "powiat mogileński" }, "geometry": { "type": "Polygon", "coordinates": [ [ [ 449760.746629, 513069.942995 ], [ 446000.428567000024486, 513332.188016999978572 ], [ 431350.895644999982323, 520187.823937 ], [ 426589.781048999982886, 523866.697103000013158 ], [ 418168.371704, 532177.361172999953851 ], [ 417949.083724999974947, 532442.016975000035018 ], [ 417937.207574, 532476.496969999978319 ], [ 417888.641080999979749, 532684.797516 ], [ 417871.589041, 532884.355595999979414 ], [ 417884.498367000021972, 532965.380416000029072 ], [ 419265.881730000022799, 538171.51410799997393 ], [ 423321.918978, 551885.26859 ], [ 423327.203616000013426, 551899.438644999987446 ], [ 423338.675766, 551927.286241000052541 ], [ 423344.843479999981355, 551940.984102000016719 ], [ 423384.234021999989636, 552010.543954 ], [ 423415.404344999988098, 552060.45788 ], [ 423847.089213999977801, 552259.639797999989241 ], [ 424407.519505999982357, 552507.327715000021271 ], [ 427971.937962000025436, 553477.264922 ], [ 427986.683803000021726, 553478.190014999941923 ], [ 428186.12166399997659, 553480.363217000034638 ], [ 428270.409770999976899, 553477.96105499996338 ], [ 428410.176124, 553440.693593999953009 ], [ 428437.2477, 553428.771592000033706 ], [ 447838.45215000002645, 541041.313914999947883 ], [ 450233.104639000026509, 537139.485798 ], [ 456694.615707000019029, 525274.83421 ], [ 456783.414142000023276, 524733.669276 ], [ 456772.484370000020135, 524186.829984000010882 ], [ 456271.307049, 520858.522298 ], [ 456095.863826000015251, 519925.670733999984805 ], [ 455633.848745999974199, 517682.599495999980718 ], [ 455595.926298999984283, 517528.814140999980737 ], [ 452455.105607, 515062.516987 ], [ 449760.746629, 513069.942995 ] ] ] } },
{ "type": "Feature", "properties": { "TERYT": "0461", "Nazwa": "powiat Bydgoszcz" }, "geometry": { "type": "Polygon", "coordinates": [ [ [ 435652.566355000017211, 576511.942706999951042 ], [ 425726.64992, 585673.623776 ], [ 424716.96034500002861, 586892.352848 ], [ 424721.985210000013467, 586919.3611090000486 ], [ 424835.083664999983739, 587458.933988000033423 ], [ 424845.390724, 587506.317365000024438 ], [ 424930.87350799998967, 587889.307808000012301 ], [ 424934.058211, 587903.317725999979302 ], [ 428840.473984999989625, 593530.606745 ], [ 428918.530099999974482, 593618.035012 ], [ 428929.242012, 593629.979812999954447 ], [ 429066.311026000010315, 593746.019101000041701 ], [ 429173.301025, 593793.150963000021875 ], [ 430597.817051000020001, 594270.757882999954745 ], [ 430625.752907000016421, 594279.252693000016734 ], [ 431448.786704000027385, 594281.291744000045583 ], [ 445225.22677, 593149.539362999959849 ], [ 445254.756861999980174, 593144.838689 ], [ 445281.422106000012718, 593139.748399000032805 ], [ 445752.711052, 593048.212890999973752 ], [ 445770.686719, 593044.273983999970369 ], [ 446111.944557, 592968.848594999988563 ], [ 446268.604713, 592541.698466000030749 ], [ 446707.677372, 590262.812722999951802 ], [ 446717.807111, 590144.379237000015564 ], [ 446710.371929000015371, 590070.069855 ], [ 446619.073443999979645, 589354.409817000036128 ], [ 446590.711128, 589216.56389 ], [ 446549.799741, 589039.772478000028059 ], [ 446497.669759000011254, 588881.938989000045694 ], [ 446445.238288, 588734.734441000036895 ], [ 442128.253260000026785, 576640.16576 ], [ 435652.566355000017211, 576511.942706999951042 ] ] ] } },
{ "type": "Feature", "properties": { "TERYT": "2211", "Nazwa": "powiat pucki" }, "geometry": { "type": "Polygon", "coordinates": [ [ [ 465205.680921000021044, 743857.775388999958523 ], [ 463568.19727399997646, 744457.933887999970466 ], [ 463383.344417000014801, 744566.308079999987967 ], [ 443699.671658999985084, 759406.981169000035152 ], [ 431353.947078, 768810.56149600003846 ], [ 430392.55215, 770824.146063999971375 ], [ 430061.03725, 772564.203133999952115 ], [ 430318.488934000022709, 774303.27443700004369 ], [ 433716.260979000013322, 774795.352951999986544 ], [ 440948.007167999981903, 775019.147864999948069 ], [ 455084.22535899997456, 774988.729765999945812 ], [ 456938.318114000023343, 774850.053316000034101 ], [ 457341.256567, 774679.370570000028238 ], [ 478201.520124999980908, 760877.953389000031166 ], [ 482803.248740000010002, 757604.302079000044614 ], [ 486738.267486000026111, 753830.526946000056341 ], [ 491425.481055999989621, 748865.094854000024498 ], [ 490896.394618000020273, 748265.742684999946505 ], [ 488250.944697999977507, 745268.984941 ], [ 487837.052234, 744800.134486999944784 ], [ 465205.680921000021044, 743857.775388999958523 ] ] ] } },
{ "type": "Feature", "properties": { "TERYT": "0407", "Nazwa": "powiat inowrocławski" }, "geometry": { "type": "Polygon", "coordinates": [ [ [ 457670.233274, 519226.314330000022892 ], [ 457658.84421900002053, 519227.432650999980979 ], [ 457612.62370599998394, 519232.180879 ], [ 456095.863826000015251, 519925.670733999984805 ], [ 433095.007671999977902, 535640.548636000021361 ], [ 433029.451741, 535825.082627000054345 ], [ 432977.94210500002373, 535977.465475999983028 ], [ 432310.5588, 539346.519682000041939 ], [ 430624.828519999980927, 562499.315943000023253 ], [ 430625.589722, 562556.148797999951057 ], [ 433446.110889, 566831.683394000050612 ], [ 433624.194734000018798, 567015.883897 ], [ 433836.12271199998213, 567129.075207000016235 ], [ 435474.676006999972742, 567887.973103999975137 ], [ 435823.118642000015825, 567942.38938299997244 ], [ 435864.045873, 567948.58555299998261 ], [ 452999.829757999978028, 569823.970893000019714 ], [ 459930.087048000015784, 569522.810497 ], [ 459943.825101999973413, 569519.579944 ], [ 460254.007545, 569394.260178999975324 ], [ 466126.783779, 564905.163443999947049 ], [ 470717.577769000025, 557138.982509 ], [ 474724.906191000016406, 546904.591839 ], [ 474737.515328, 546731.000252999947406 ], [ 474741.389172, 546615.698818000033498 ], [ 474737.870331000012811, 546553.052185000036843 ], [ 474729.26313699997263, 546435.73496300005354 ], [ 473294.752639000013005, 543186.865067000035197 ], [ 464801.121623000013642, 524387.167525000055321 ], [ 464777.862121000012849, 524339.475736 ], [ 464489.130297, 523805.000921000028029 ], [ 462305.034594999975525, 521589.197546000010334 ], [ 461853.569710000010673, 521294.960235 ], [ 461747.861989, 521232.028402999974787 ], [ 458539.017455999972299, 519446.418282 ], [ 457881.109254, 519277.165686000022106 ], [ 457670.233274, 519226.314330000022892 ] ] ] } },
{ "type": "Feature", "properties": { "TERYT": "0414", "Nazwa": "powiat świecki" }, "geometry": { "type": "Polygon", "coordinates": [ [ [ 451956.929465, 598896.563426999957301 ], [ 445856.622258000017609, 601679.95694399997592 ], [ 445836.681280000018887, 601689.171706 ], [ 445712.196163000015076, 601755.172275000018999 ], [ 436712.278552, 608145.915473000030033 ], [ 436709.142755999986548, 608150.426424999954179 ], [ 436110.75615500001004, 610862.630243 ], [ 436045.529150000016671, 611166.809842000016943 ], [ 435760.323877000017092, 614740.549913999973796 ], [ 437058.381592000019737, 620067.124199999962002 ], [ 444012.092438999970909, 639155.032394999987446 ], [ 447661.23141, 648499.162100999965332 ], [ 447809.52315299998736, 648589.029889 ], [ 448105.188577, 648768.180819 ], [ 449617.809251, 649684.646122999954969 ], [ 485637.625976999988779, 648823.809251999948174 ], [ 486072.793752000026871, 648613.431542000034824 ], [ 484424.101312000013422, 631851.326676000026055 ], [ 484379.072091999987606, 631508.618843000032939 ], [ 483857.213708999974187, 628749.90472 ], [ 483825.888923000020441, 628596.679576999973506 ], [ 483642.793366, 627742.312027 ], [ 482774.351963000022806, 624342.409215 ], [ 482523.165585, 623643.08980800001882 ], [ 482332.405513999983668, 623336.366004999959841 ], [ 481121.969903, 621618.915049999952316 ], [ 480270.245776000025216, 620680.189524000044912 ], [ 480168.245195000024978, 620583.533161 ], [ 478764.57057799998438, 619384.489301000023261 ], [ 452831.964385, 599154.148536999942735 ], [ 451956.929465, 598896.563426999957301 ] ] ] } },
{ "type": "Feature", "properties": { "TERYT": "2213", "Nazwa": "powiat starogardzki" }, "geometry": { "type": "Polygon", "coordinates": [ [ [ 470605.869235, 643455.186556000029668 ], [ 470555.926519999979064, 643456.678093999973498 ], [ 470494.965133, 643458.505294000031427 ], [ 451409.703507, 648719.565306999953464 ], [ 441394.352823, 655200.715426999959163 ], [ 441386.600786000024527, 655207.441024000057951 ], [ 438872.852234, 657775.31794900004752 ], [ 438412.456584999978077, 665479.033279999974184 ], [ 438929.68757100001676, 668097.426471999962814 ], [ 441021.831704000011086, 673572.919006000040099 ], [ 455924.057851, 697464.456377999973483 ], [ 455943.827933, 697494.151611999957822 ], [ 456063.527375, 697627.65940500004217 ], [ 456130.191585000022314, 697684.737604000023566 ], [ 456312.745989000017289, 697825.831889000022784 ], [ 456874.488237000012305, 697835.46692100004293 ], [ 457885.846186999988277, 697845.447197000030428 ], [ 457991.350614, 697842.494762000045739 ], [ 469543.036847000010312, 695922.373616999946535 ], [ 473246.889257, 693582.68538699997589 ], [ 473393.971169000025839, 693354.387426999979652 ], [ 478640.691761999973096, 682416.996097999974154 ], [ 482508.057290999975521, 652863.390571999945678 ], [ 482487.77697, 652435.071633000043221 ], [ 480065.189406000019517, 648530.225488999974914 ], [ 479972.432612999982666, 648396.124015999957919 ], [ 478776.672449, 647382.815263999975286 ], [ 475608.208377, 645599.895754999946803 ], [ 472265.75169, 643754.128589999978431 ], [ 470605.869235, 643455.186556000029668 ] ] ] } },
{ "type": "Feature", "properties": { "TERYT": "0415", "Nazwa": "powiat toruński" }, "geometry": { "type": "Polygon", "coordinates": [ [ [ 496664.003732000011951, 551654.777078000013717 ], [ 496375.151139999972656, 551687.89803399995435 ], [ 472510.453102, 554810.856340999947861 ], [ 472359.533777999982703, 554866.127235000021756 ], [ 472186.471433, 554952.660775 ], [ 457066.86917199997697, 564707.02851199998986 ], [ 442861.809872000012547, 582263.228928999975324 ], [ 443353.487334, 583129.359647999983281 ], [ 454355.162074, 588871.592494999989867 ], [ 467579.510727000015322, 595599.89712600002531 ], [ 473631.281323999981396, 597627.123282999964431 ], [ 478950.592488, 599120.760591999976896 ], [ 481655.726952, 599786.497334999963641 ], [ 486472.927856000023894, 598458.118009999976493 ], [ 486479.792184000019915, 598452.305362000013702 ], [ 506122.405980999988969, 568661.0012309999438 ], [ 506327.496821, 568228.737696000025608 ], [ 506364.955797999980859, 567834.408733000047505 ], [ 506365.628986000025179, 567809.593478000024334 ], [ 506354.826843000017107, 567532.158566999947652 ], [ 506327.819863000011537, 567112.354042000020854 ], [ 506322.03376100002788, 567060.794890000019222 ], [ 504308.779419000027701, 557460.200841999961995 ], [ 502913.795930999971461, 554411.328677000012249 ], [ 502659.166749999974854, 554119.064836999983527 ], [ 502341.325854, 553762.998228000011295 ], [ 502285.585658000025433, 553732.622468000045046 ], [ 501557.593593000026885, 553351.288876999984495 ], [ 496664.003732000011951, 551654.777078000013717 ] ], [ [ 465210.067525753111113, 572196.915420177509077 ], [ 468794.576004614646081, 572196.915420177509077 ], [ 471155.799843864748254, 570973.630780566018075 ], [ 470444.587844090652652, 567929.643421532702632 ], [ 471383.387683792447206, 568271.025181424338371 ], [ 473460.126723132911138, 568071.885821487521753 ], [ 474598.06592277152231, 569124.479581153253093 ], [ 477442.913921867962927, 569835.691580927348696 ], [ 478552.404641515633557, 568043.437341496581212 ], [ 479519.652961208426859, 568583.958461324917153 ], [ 478865.337921416212339, 570404.661180746625178 ], [ 481226.561760666314512, 571286.564060466596857 ], [ 480970.525440747616813, 573790.030299671459943 ], [ 480600.695200865098741, 574387.448379481793381 ], [ 481596.392000548832584, 574984.866459292010404 ], [ 480287.761920964461751, 576435.738938831258565 ], [ 476617.908002129988745, 577402.987258524051867 ], [ 476219.629282256471924, 576577.981338786077686 ], [ 472720.466243367816787, 577090.053978623473085 ], [ 470074.757604208076373, 576834.017658704775386 ], [ 468310.95184476824943, 573334.854619816062041 ], [ 465949.728005518205464, 573334.854619816062041 ], [ 465210.067525753111113, 572196.915420177509077 ] ] ] } },
{ "type": "Feature", "properties": { "TERYT": "2204", "Nazwa": "powiat gdański" }, "geometry": { "type": "Polygon", "coordinates": [ [ [ 472557.453350000025239, 693299.020675000036135 ], [ 470925.621371000015642, 693523.257252000039443 ], [ 469856.301905, 693696.843800000031479 ], [ 460242.429711, 695374.806901999982074 ], [ 460222.335551999974996, 695378.69842399994377 ], [ 452744.061847999983002, 698393.288363000028767 ], [ 449275.274056, 700462.185687000048347 ], [ 448807.605454, 703810.973453999962658 ], [ 448835.912659999972675, 703925.416488999966532 ], [ 451373.638297000026796, 707856.738558999961242 ], [ 451394.353843000018969, 707887.469170999946073 ], [ 451422.868372, 707929.734328 ], [ 452146.09154, 708631.425795000046492 ], [ 456238.346827999979723, 711464.153759 ], [ 467661.731015000026673, 719050.328442999976687 ], [ 467860.053392999980133, 719179.037004000041634 ], [ 486543.082666, 720290.894307999988087 ], [ 487780.005161, 720128.680894 ], [ 487885.034385, 720105.243051999947056 ], [ 487958.176182999974117, 720082.18840900005307 ], [ 488022.862123000028078, 720059.743136 ], [ 488211.84248499997193, 719978.367024000035599 ], [ 488618.833265000022948, 719793.534057999961078 ], [ 488635.385993, 719785.923520999960601 ], [ 494076.837340000027325, 716555.964247000054456 ], [ 494179.962455999979284, 716461.744684000033885 ], [ 494374.673995000019204, 716171.376079999958165 ], [ 496140.072223, 712894.699165 ], [ 496250.194415999983903, 712623.531456000055186 ], [ 496317.743154999974649, 712424.426652999944054 ], [ 496414.041082000010647, 712124.882155 ], [ 496495.508678000012878, 711836.691114000044763 ], [ 496513.223622000019532, 711742.524071999941953 ], [ 496514.961386999988463, 711733.234941 ], [ 496541.233378999982961, 711591.282834999961779 ], [ 496585.979062, 711230.924085999955423 ], [ 496620.960144000011496, 710926.261535999947228 ], [ 496512.7103299999726, 708953.619799999985844 ], [ 496501.103613000013866, 708891.27998 ], [ 496454.436073000018951, 708670.177174999960698 ], [ 496385.001322, 708443.369855999946594 ], [ 496360.948494000011124, 708370.942496999981813 ], [ 496240.48609000002034, 708101.30285500001628 ], [ 495846.342038, 707221.479229000047781 ], [ 495771.540373000025284, 707061.669933 ], [ 495700.77033000002848, 706924.760733 ], [ 495364.050469, 706283.156053000013344 ], [ 495301.601934999984223, 706175.611949000041932 ], [ 494623.21713499998441, 705027.91443700005766 ], [ 494492.472143, 704844.470854999963194 ], [ 494383.382235000026412, 704697.529539000010118 ], [ 494315.290999000018928, 704609.283444999950007 ], [ 488778.451361000014003, 697486.430326999980025 ], [ 472728.80801799998153, 693324.892601000028662 ], [ 472557.453350000025239, 693299.020675000036135 ] ] ] } },
{ "type": "Feature", "properties": { "TERYT": "0404", "Nazwa": "powiat chełmiński" }, "geometry": { "type": "Polygon", "coordinates": [ [ [ 456528.290691, 589586.425085 ], [ 451112.405588000023272, 597941.268277000053786 ], [ 451113.186617000028491, 597969.243716 ], [ 451190.494744000025094, 598232.050632999977097 ], [ 455338.752254, 605981.169362999964505 ], [ 455609.854925, 606448.875148999970406 ], [ 457199.917765000020154, 608594.960944000049494 ], [ 457988.495891999977175, 609487.237592000048608 ], [ 465300.089486000011675, 616370.066770000034012 ], [ 465330.043259, 616387.847640999942087 ], [ 465354.917022, 616402.610605000052601 ], [ 466060.389436000026762, 616821.318847000016831 ], [ 466379.361166000016965, 616917.525227 ], [ 471501.036191000021063, 618089.989018999971449 ], [ 473254.665107999986503, 618410.532268999959342 ], [ 474055.391905000025872, 618550.705221000011079 ], [ 474354.267195999971591, 618541.847768999985419 ], [ 474944.152498000010382, 618476.469224 ], [ 481087.201223000010941, 612705.122256999951787 ], [ 481911.756206, 610405.280505000031553 ], [ 482553.720609000010882, 606046.686408999958076 ], [ 482606.032836999977008, 605425.596767000039108 ], [ 482713.673498000018299, 604094.513510999968275 ], [ 482713.966942000028212, 604088.353321 ], [ 482714.520037, 604076.46134100004565 ], [ 482729.582883000024594, 603648.746645999955945 ], [ 482594.995907999982592, 601366.550301000010222 ], [ 482554.84562099998584, 601273.503687000018544 ], [ 481462.620936000021175, 599008.198513000039384 ], [ 481137.503118, 598361.024117999942973 ], [ 476840.919158999982756, 595565.693118999945 ], [ 461492.331495, 590298.138545 ], [ 457858.311091999989003, 589703.70385399996303 ], [ 456528.290691, 589586.425085 ] ] ] } },
{ "type": "Feature", "properties": { "TERYT": "2262", "Nazwa": "powiat Gdynia" }, "geometry": { "type": "Polygon", "coordinates": [ [ [ 468057.368891, 728860.488209999981336 ], [ 468014.912116000021342, 728871.835701999953017 ], [ 466431.785297999973409, 729508.750849999953061 ], [ 464402.686555999971461, 731142.38746999995783 ], [ 458616.993481000012252, 736524.661633000010625 ], [ 458477.808177000028081, 736709.226350000011735 ], [ 458429.573686000017915, 736775.438555 ], [ 458427.754663, 736779.622360000037588 ], [ 458651.321271000022534, 737364.16725099994801 ], [ 460523.714425000012852, 742222.333806999959052 ], [ 460568.372542999975849, 742283.517486999975517 ], [ 461921.847244, 743854.418776000034995 ], [ 463218.667174, 744890.14464199997019 ], [ 475970.264506999985315, 751216.680582999950275 ], [ 491425.481055999989621, 748865.094854000024498 ], [ 491851.542454999987967, 748510.397895999951288 ], [ 493386.865669000020716, 747232.230798 ], [ 494154.52616200002376, 746593.144976999959908 ], [ 494188.346130000019912, 746564.979566999943927 ], [ 482822.921991000010166, 733641.922820999985561 ], [ 468057.368891, 728860.488209999981336 ] ] ] } },
{ "type": "Feature", "properties": { "TERYT": "0463", "Nazwa": "powiat Toruń" }, "geometry": { "type": "Polygon", "coordinates": [ [ [ 469809.444311, 566496.219749000039883 ], [ 463829.127740000025369, 572369.411302999942563 ], [ 464034.488401999988127, 572585.004869999946095 ], [ 468693.776774999976624, 576718.575894 ], [ 468760.25558599998476, 576775.477880000020377 ], [ 468823.836378999985754, 576826.633237999980338 ], [ 468943.818691, 576914.491690999944694 ], [ 469475.282108000013977, 577248.736274000024423 ], [ 470255.097962, 577470.153630999964662 ], [ 471208.992780999979004, 577693.89863199996762 ], [ 471213.454550999973435, 577694.906149000045843 ], [ 471275.434029, 577708.70346700004302 ], [ 471313.853194999974221, 577717.242906 ], [ 471316.707966000016313, 577717.723033000016585 ], [ 476662.680737000016961, 577893.304155000019819 ], [ 477130.783894, 577832.210917999967933 ], [ 480402.133482999983244, 576857.679383 ], [ 482723.403994, 575334.361189999966882 ], [ 481949.871775, 570038.058592000044882 ], [ 481941.280023999977857, 570016.799712999956682 ], [ 481923.132334999972954, 569993.315925 ], [ 479921.962944999977481, 567984.667783000040799 ], [ 478970.525248, 567296.250015 ], [ 469809.444311, 566496.219749000039883 ] ] ] } },
{ "type": "Feature", "properties": { "TERYT": "0401", "Nazwa": "powiat aleksandrowski" }, "geometry": { "type": "Polygon", "coordinates": [ [ [ 490946.437695999979042, 529988.401565999956802 ], [ 490913.701078000012785, 529998.810890999971889 ], [ 490908.417798999988008, 530000.533244000049308 ], [ 490878.844961999973748, 530010.647789999959059 ], [ 466728.758542000025045, 538472.202468 ], [ 466296.119519, 541666.680714000016451 ], [ 466262.601284999982454, 542613.027960999985225 ], [ 468449.957042000023648, 553029.038085 ], [ 470717.577769000025, 557138.982509 ], [ 480694.472692999988794, 562817.467952999984846 ], [ 480704.845972999988589, 562823.14035999996122 ], [ 481359.015534, 563138.890637999982573 ], [ 487441.947005000023637, 560105.424567 ], [ 487662.202826, 559968.972848 ], [ 487886.009232999989763, 559796.871622 ], [ 493094.9803, 554396.182003000052646 ], [ 493210.874543000012636, 554261.165446000057273 ], [ 493364.738660999981221, 553999.873146999976598 ], [ 493543.752258999971673, 553553.44599100004416 ], [ 493629.781850999977905, 553336.402007000055164 ], [ 495861.893640999973286, 546336.430876999977045 ], [ 491124.517150000028778, 530059.7694050000282 ], [ 491113.547330999979749, 530042.751018999959342 ], [ 491085.040357000019867, 530006.50788399996236 ], [ 491077.448232, 530003.904104999965057 ], [ 490946.437695999979042, 529988.401565999956802 ] ] ] } },
{ "type": "Feature", "properties": { "TERYT": "2264", "Nazwa": "powiat Sopot" }, "geometry": { "type": "Polygon", "coordinates": [ [ [ 471291.125145, 728503.365937000024132 ], [ 468672.345187, 728680.168294999981299 ], [ 468057.368891, 728860.488209999981336 ], [ 467876.363850000023376, 731336.96424899995327 ], [ 468888.277713000017684, 732760.300139000057243 ], [ 468890.655255, 732762.335254000034183 ], [ 471411.452333999972325, 733392.442080999957398 ], [ 471550.209985000023153, 733423.473567 ], [ 475128.584227000013925, 733666.720515000051819 ], [ 475130.023606, 733065.110850999946706 ], [ 475134.801148, 731066.39197899994906 ], [ 475136.231680000026245, 730466.771501000039279 ], [ 472762.164938999980222, 728994.691620000055991 ], [ 471291.125145, 728503.365937000024132 ] ] ] } },
{ "type": "Feature", "properties": { "TERYT": "2467", "Nazwa": "powiat Jastrzębie-Zdrój" }, "geometry": { "type": "Polygon", "coordinates": [ [ [ 473107.464867, 225540.408363 ], [ 472984.82418, 225565.262961 ], [ 472951.895460999978241, 225574.478444999986095 ], [ 472914.406154999975115, 225584.973108 ], [ 471672.512418999976944, 225938.628350000013597 ], [ 471578.026091, 225967.224955000012415 ], [ 470923.987069000024348, 226174.869054999988293 ], [ 470290.290634999983013, 226482.336618 ], [ 465644.542167, 229391.150424 ], [ 465414.964548000018112, 229545.255565 ], [ 465212.003714, 229715.086687 ], [ 465179.943066, 229751.176016000012169 ], [ 465163.902155000017956, 230038.556279999989783 ], [ 465229.339397999981884, 230267.648495 ], [ 465632.391344, 231406.101111 ], [ 465707.521842000016477, 231517.666154 ], [ 472139.686085, 239081.942356000014115 ], [ 473473.58345899998676, 239512.33604 ], [ 474410.603607000026386, 239773.097795999987284 ], [ 476295.884825000015553, 239067.847952000010991 ], [ 477060.743367000017315, 238287.21129 ], [ 477068.006543, 238279.498373 ], [ 477156.478516999981366, 238130.14738 ], [ 477528.84024, 231860.891891 ], [ 477510.602857000019867, 231638.169793999986723 ], [ 477194.087122, 230093.960925 ], [ 476708.83086300001014, 228289.461595 ], [ 476704.467107, 228279.235611000010977 ], [ 476391.332471999980044, 227548.915620000014314 ], [ 473107.464867, 225540.408363 ] ] ] } },
{ "type": "Feature", "properties": { "TERYT": "2415", "Nazwa": "powiat wodzisławski" }, "geometry": { "type": "Polygon", "coordinates": [ [ [ 466357.59979, 225898.18 ], [ 465809.939659999974538, 225904.939792 ], [ 465801.619729000027291, 225905.949736 ], [ 463492.86994, 226339.129882 ], [ 463462.880202999978792, 226350.960281 ], [ 463453.970302, 226354.579915999987861 ], [ 454649.279818999988493, 230135.810453000012785 ], [ 454618.850190000026487, 230149.369643000012729 ], [ 452478.310099, 231176.040769000013825 ], [ 452458.559771, 231187.300213 ], [ 452437.209764999977779, 231201.689759 ], [ 452415.180255000013858, 231221.389738 ], [ 452403.739829000027385, 231232.690301 ], [ 452395.879742000019178, 231241.600331 ], [ 451643.694518, 232147.399540000013076 ], [ 451544.504558000015095, 232294.852741999988211 ], [ 448380.238704000017606, 237152.957738 ], [ 448326.256255000014789, 237242.888503 ], [ 445551.524526000022888, 242197.568238999985624 ], [ 445541.993219, 242215.953623 ], [ 445533.686125, 242240.042466000013519 ], [ 445530.649593, 242272.111375 ], [ 445495.805080000020098, 243152.80248000001302 ], [ 445976.11498999997275, 243584.535406 ], [ 446084.294991999980994, 243666.250364 ], [ 446095.585788999975193, 243674.396988 ], [ 446097.770750000025146, 243675.895712 ], [ 459151.866915000020526, 246792.683530999987852 ], [ 460015.597952999989502, 246797.491333000012673 ], [ 460246.625760000024457, 246748.278211 ], [ 461479.283707000024151, 246042.574253 ], [ 467745.547119, 240790.810941 ], [ 471436.636380999989342, 236210.030986 ], [ 471552.802306000026874, 236052.262985999986995 ], [ 471866.805077, 235472.450265 ], [ 472172.41626600001473, 234671.582275 ], [ 472163.395491999981459, 234626.297329 ], [ 472155.156923, 234584.939969 ], [ 467488.959693000011612, 226968.830227 ], [ 467378.359624999982771, 226814.669744000013452 ], [ 467113.420186, 226502.110081 ], [ 466570.409643, 225913.410233 ], [ 466568.480280000017956, 225912.809858 ], [ 466357.59979, 225898.18 ] ] ] } },
{ "type": "Feature", "properties": { "TERYT": "2411", "Nazwa": "powiat raciborski" }, "geometry": { "type": "Polygon", "coordinates": [ [ [ 451055.240352, 227818.430339000013191 ], [ 451048.709848999977112, 227818.790015 ], [ 436727.939781000022776, 236692.070327 ], [ 436651.370391, 236756.469614 ], [ 435958.199929, 237363.850230000010924 ], [ 435863.270182, 237454.399994 ], [ 435782.819873999978881, 237564.479735 ], [ 430919.563961, 244735.851143999985652 ], [ 432144.171991000010166, 252749.087424 ], [ 432745.199852, 256659.760159 ], [ 432752.375948, 256671.629114999988815 ], [ 432780.681641999981366, 256713.339478999987477 ], [ 432795.397873, 256729.973713000013959 ], [ 432817.512762000027578, 256749.767400000011548 ], [ 432883.507905, 256805.525028 ], [ 433035.389734000025783, 256919.114646 ], [ 453921.767983999976423, 265872.487559999979567 ], [ 457658.717484000022523, 265454.425089999975171 ], [ 460057.676273000019137, 264803.104298 ], [ 460422.364927000016905, 264701.881061 ], [ 460527.540479000017513, 264657.273106999986339 ], [ 460666.243488, 264548.977047000022139 ], [ 460951.299408000020776, 264230.657507000025362 ], [ 461268.319598999980371, 263812.59279800002696 ], [ 464551.689748, 258219.018912 ], [ 453364.330186999985017, 229345.550287 ], [ 453354.39024600002449, 229324.59016 ], [ 451314.920294000010472, 227839.740526999987196 ], [ 451055.240352, 227818.430339000013191 ] ] ] } },
{ "type": "Feature", "properties": { "TERYT": "1602", "Nazwa": "powiat głubczycki" }, "geometry": { "type": "Polygon", "coordinates": [ [ [ 418887.590168999973685, 234523.860266 ], [ 418809.180033000011463, 234582.77966 ], [ 416404.410195, 236507.529873 ], [ 412440.470288000011351, 239940.640331 ], [ 403458.509803999972064, 250225.159729 ], [ 400766.995891999977175, 253457.538786 ], [ 400758.232306000019889, 253469.671131999988575 ], [ 400635.176291999989189, 253654.832143 ], [ 399677.67964500002563, 255390.880258 ], [ 399508.990146, 255697.920127 ], [ 400133.789717999985442, 256759.150587999989511 ], [ 411230.692113000026438, 271191.491731000016443 ], [ 411303.174860000028275, 271241.705178999982309 ], [ 414021.857513999973889, 272790.016826 ], [ 415710.307641000021249, 273700.256455000024289 ], [ 416004.732724, 273696.330810000014026 ], [ 416210.236362, 273684.074597000028007 ], [ 416241.58921200002078, 273678.665623 ], [ 416252.790838000015356, 273675.406586 ], [ 416446.190772, 273568.785014999972191 ], [ 421474.468991999980062, 269426.527911000011954 ], [ 421494.389956999977585, 269409.417464 ], [ 422491.614293000020552, 268366.570675000024494 ], [ 432883.507905, 256805.525028 ], [ 433103.72115, 256264.771919 ], [ 433180.069833000015933, 256040.714524999988498 ], [ 433303.86720699997386, 254838.350795 ], [ 433708.346436999971047, 249555.703121 ], [ 433707.434041999978945, 249549.527955 ], [ 433706.622276999987662, 249544.150845 ], [ 431619.499881999974605, 237974.680383 ], [ 422793.680087000015192, 235162.289567 ], [ 422485.599916999984998, 235079.619893 ], [ 422435.959855999972206, 235067.099595999985468 ], [ 421808.740021999983583, 234927.520035 ], [ 418887.590168999973685, 234523.860266 ] ] ] } },
{ "type": "Feature", "properties": { "TERYT": "2479", "Nazwa": "powiat Żory" }, "geometry": { "type": "Polygon", "coordinates": [ [ [ 480168.206557, 236592.914121 ], [ 477731.51316199998837, 237129.456959 ], [ 472040.954564000014216, 239077.03591 ], [ 472029.686104000022169, 239082.703599 ], [ 472018.229874000011478, 239088.474556 ], [ 471904.023574, 239357.545471 ], [ 471519.647033000015654, 240518.214990999986185 ], [ 471405.591550000011921, 241617.310625000012806 ], [ 471525.628371, 241847.686704 ], [ 471596.085363, 241977.253158 ], [ 474596.959854000015184, 246019.962185000011232 ], [ 474616.040786000026856, 246037.671803 ], [ 474624.615250999981072, 246045.629798999987543 ], [ 474759.592469000024721, 246098.320402000012109 ], [ 475450.609891999978572, 246056.594596999988426 ], [ 479115.163486999983434, 245075.829779 ], [ 479797.593341000028886, 244801.963400999986334 ], [ 480031.003955999971367, 244694.537644 ], [ 482408.945269000018016, 243033.102049999986775 ], [ 483973.497887999983504, 239030.041529999987688 ], [ 483974.087354000017513, 239025.026782 ], [ 483975.099996, 239016.399446 ], [ 483975.005536000011489, 239015.224878 ], [ 483777.977167, 237099.702116 ], [ 483777.061525999975856, 237096.870479 ], [ 483745.607891, 237068.233057 ], [ 483730.570519, 237054.620249 ], [ 483485.038119999982882, 236853.190157 ], [ 483478.877641999977641, 236848.714176999987103 ], [ 482314.929108000011183, 236694.825166 ], [ 482310.559952999989036, 236694.407152 ], [ 482307.282864, 236694.241237999987788 ], [ 480239.690346000017598, 236593.957178000011481 ], [ 480168.206557, 236592.914121 ] ] ] } },
{ "type": "Feature", "properties": { "TERYT": "2412", "Nazwa": "powiat rybnicki" }, "geometry": { "type": "Polygon", "coordinates": [ [ [ 469702.01277700002538, 236695.190607 ], [ 469368.58812199998647, 236825.481362 ], [ 469327.461958999978378, 236848.118611000012606 ], [ 449645.223305, 248412.260575 ], [ 449638.930845000024419, 248417.072099000011804 ], [ 449567.456434, 248486.424571000010474 ], [ 449562.115353, 248493.612686999986181 ], [ 449458.94436099997256, 248664.297689 ], [ 449436.967791999981273, 248715.22663 ], [ 448786.876067999983206, 250632.315777000010712 ], [ 448767.67835, 250918.298245000012685 ], [ 448858.223277000011876, 251112.375846999988426 ], [ 449173.265908, 251745.972294 ], [ 449191.089341000013519, 251779.726934 ], [ 451920.053924, 252902.873442000010982 ], [ 452687.051606, 253190.155059000011533 ], [ 461020.569764125801157, 255375.473668772901874 ], [ 462571.091852478624787, 254315.950241731799906 ], [ 461808.751825705345254, 251525.010482696729014 ], [ 464418.797341099358164, 250517.171125267486786 ], [ 463436.80001847591484, 246485.813695550168632 ], [ 462067.172173764265608, 244521.81905030325288 ], [ 465426.636698528658599, 241885.931500103470171 ], [ 466847.948612852022052, 244134.18852821510518 ], [ 470284.93924203410279, 243746.558006126899272 ], [ 470918.069094778038561, 241924.694552312314045 ], [ 474251.691584736574441, 243022.981031562230783 ], [ 473709.008853813109454, 243849.926145350415027 ], [ 473657.324784201337025, 246537.497765161970165 ], [ 472055.118626236740965, 249535.173802644014359 ], [ 470969.753164389810991, 249302.595489391096635 ], [ 470246.176189825113397, 250336.276881626312388 ], [ 471124.80537322507007, 251783.43083075559116 ], [ 472675.3274615778937, 253333.95291910841479 ], [ 470840.542990360409021, 252455.32373570848722 ], [ 469341.704971619357821, 250387.960951238055713 ], [ 467403.552361178328283, 251499.168447890901007 ], [ 468876.548345113464165, 253850.793615226022666 ], [ 468230.49747496645432, 255788.9462256670231 ], [ 468449.40689400001429, 257182.919945 ], [ 479178.269271, 259452.235983 ], [ 480004.853633, 259259.063388 ], [ 481856.989026000024751, 256374.090128000010736 ], [ 481859.535503000020981, 256368.678160000010394 ], [ 481868.518535999988671, 256346.160804000013741 ], [ 481983.050979, 256010.434572 ], [ 482000.671959, 255949.412851 ], [ 482067.732475999975577, 255538.404789 ], [ 482196.31823799997801, 254707.640376 ], [ 482327.756086, 248947.834257 ], [ 482327.77508, 248944.056073000014294 ], [ 482269.853129, 248277.978383 ], [ 480504.090414999984205, 244375.911881 ], [ 471971.306989, 237445.142237 ], [ 471599.817945000017062, 237229.67029 ], [ 471580.017897000012454, 237218.400964 ], [ 469940.260161000012886, 236702.208915 ], [ 469702.01277700002538, 236695.190607 ] ] ] } },
{ "type": "Feature", "properties": { "TERYT": "2473", "Nazwa": "powiat Rybnik" }, "geometry": { "type": "Polygon", "coordinates": [ [ [ 470778.674757, 240979.400169 ], [ 464556.693325, 241221.540763 ], [ 460840.67157, 243650.059902999986662 ], [ 460839.329321000026539, 243653.606739999988349 ], [ 460067.441604, 246112.227373 ], [ 460737.836789999972098, 254394.239148 ], [ 461626.947597, 256024.43575 ], [ 461999.893480000027921, 256215.532635999988997 ], [ 462560.834313999977894, 256500.228117 ], [ 463924.214648999972269, 257082.922687000012957 ], [ 467528.781586, 257713.503105999989202 ], [ 467554.155266000016127, 257701.398829000012483 ], [ 467560.292523999989498, 257698.467979 ], [ 468449.40689400001429, 257182.919945 ], [ 473557.178812000027392, 254030.059789 ], [ 473692.512135000026319, 253898.617879 ], [ 473705.423821999982465, 253853.769257 ], [ 475455.592460000014398, 246062.214971 ], [ 475070.923518, 243103.48392 ], [ 474810.598074999987148, 242842.158227 ], [ 474776.714541999972425, 242810.637867000012193 ], [ 474765.172847, 242801.908812 ], [ 474724.074444999976549, 242771.115274000010686 ], [ 474697.028808999981266, 242756.279606 ], [ 474669.389692, 242741.155592 ], [ 470953.023727, 241034.256283 ], [ 470778.674757, 240979.400169 ] ] ] } },
{ "type": "Feature", "properties": { "TERYT": "0208", "Nazwa": "powiat kłodzki" }, "geometry": { "type": "Polygon", "coordinates": [ [ [ 335806.360068999987561, 250200.989517999987584 ], [ 335735.869737999979407, 250210.630704999988666 ], [ 334795.530103, 250469.530169 ], [ 330858.760027999989688, 252024.649557 ], [ 330847.449649000016507, 252032.509607000014512 ], [ 327145.300115, 255601.330376 ], [ 301866.849832999985665, 286398.270155999984127 ], [ 300906.590152000018861, 288759.330162000027485 ], [ 300898.689873000024818, 288803.349913000012748 ], [ 301168.740228999988176, 289823.819918999972288 ], [ 301635.570025999972131, 290570.460068000014871 ], [ 314638.529797, 311045.000293000019155 ], [ 314849.687553, 311315.015258 ], [ 315001.043210999981966, 311464.350493 ], [ 316482.122832999972161, 312806.857635000022128 ], [ 316524.896084, 312836.131421 ], [ 316543.227940000011586, 312846.25144000002183 ], [ 322005.393373000028078, 315707.708891000016592 ], [ 322276.977896000025794, 315639.757601000019349 ], [ 322302.304901, 315631.907527 ], [ 322398.95848799997475, 315597.231867 ], [ 322426.748853, 315584.509624 ], [ 323368.02367000002414, 315062.349640999978874 ], [ 329377.563725000014529, 309471.944143 ], [ 329517.429306, 309328.788463999982923 ], [ 351449.290011, 282418.739516999979969 ], [ 351547.679836000024807, 282297.070268000010401 ], [ 357801.869735000014771, 272457.440199 ], [ 358235.64969300001394, 271686.479568 ], [ 358617.660360999987461, 270916.720007000025362 ], [ 358693.889694000012241, 270718.869886 ], [ 358963.119880000012927, 269806.080582999973558 ], [ 358970.610290999989957, 269772.880446999974083 ], [ 359417.460083000012673, 264392.10060499998508 ], [ 359392.519823, 264348.239707999979146 ], [ 358462.589810999983456, 263274.659918 ], [ 358401.599898000014946, 263225.100059000018518 ], [ 335984.27030500001274, 250223.129751 ], [ 335920.689847, 250209.490012 ], [ 335806.360068999987561, 250200.989517999987584 ] ] ] } },
{ "type": "Feature", "properties": { "TERYT": "1603", "Nazwa": "powiat kędzierzyńsko-kozielski" }, "geometry": { "type": "Polygon", "coordinates": [ [ [ 436495.022383, 255945.265532 ], [ 436467.230800000019372, 255946.34836199998972 ], [ 431151.702462000015657, 256409.421276 ], [ 427269.697307, 257860.562784999987343 ], [ 426632.092639999988023, 258118.264513 ], [ 423437.192900999973062, 260931.701638 ], [ 423092.931411999976262, 261586.729247999988729 ], [ 423086.755643000011332, 261600.226292 ], [ 423068.553046000015456, 261663.491427 ], [ 423054.047392999986187, 261746.027704999985872 ], [ 422869.931311999971513, 262798.754072999989148 ], [ 422495.291490999981761, 271295.5551 ], [ 422507.445671, 271317.131428 ], [ 432446.151447999989614, 282392.689331999979913 ], [ 433799.879152, 283721.636023 ], [ 433861.092813000024762, 283776.845982 ], [ 434663.026576999982353, 284091.751136999984737 ], [ 434693.609428, 284101.244920000026468 ], [ 434746.465451999974903, 284112.488022 ], [ 450156.325644000025932, 282218.434321 ], [ 456880.318489000026602, 274765.014552999986336 ], [ 456939.691223, 274687.136799000028986 ], [ 457031.061895, 274534.538048000016715 ], [ 457226.472816, 274192.579114000021946 ], [ 457709.562317, 273185.379415999981575 ], [ 457779.502431, 273016.968142999976408 ], [ 457923.133655000012368, 272462.386703 ], [ 457940.255853999988176, 272390.313633000012487 ], [ 459221.263441000017338, 266837.48786 ], [ 459234.951041000022087, 266602.507640000025276 ], [ 459077.628403, 264805.911533 ], [ 446408.067021000024397, 258642.352149000013014 ], [ 446395.62747, 258638.89121 ], [ 441899.620032, 257399.42908 ], [ 436495.022383, 255945.265532 ] ] ] } },
{ "type": "Feature", "properties": { "TERYT": "2405", "Nazwa": "powiat gliwicki" }, "geometry": { "type": "Polygon", "coordinates": [ [ [ 470544.320573, 256240.583322 ], [ 465098.569750999973621, 256489.567166 ], [ 463924.214648999972269, 257082.922687000012957 ], [ 461430.517501999973319, 260419.188135 ], [ 456823.359896, 267755.094678000023123 ], [ 454326.650262999988627, 276799.847201000025962 ], [ 454893.204388000012841, 283748.671011 ], [ 454946.416363, 284342.987713999988046 ], [ 455997.637872, 290700.734860000025947 ], [ 460041.802046999975573, 297694.50187099998584 ], [ 460056.436844000010751, 297715.484555999981239 ], [ 460067.761965000012424, 297730.393851 ], [ 460077.364347999973688, 297742.787186999979895 ], [ 460126.170254, 297803.717561999976169 ], [ 460175.680449999985285, 297847.90683 ], [ 460196.998134, 297866.369183 ], [ 460207.464422, 297875.433442 ], [ 460604.144447, 298017.700147999974433 ], [ 462647.405886999971699, 298460.343016 ], [ 463021.372016999986954, 298536.269412999972701 ], [ 472914.680556999985129, 298447.678430999978445 ], [ 473135.332570000027772, 298381.908108 ], [ 474669.726703000022098, 297892.924498 ], [ 474805.903497, 297847.084035 ], [ 474880.521772, 297821.831714000029024 ], [ 474907.793331999971997, 297811.938965999986976 ], [ 475082.547536000027321, 297735.604048 ], [ 475097.545212000026368, 297724.168644000019412 ], [ 475974.900308999989647, 296984.725588999979664 ], [ 476284.598216000013053, 296667.226142 ], [ 476326.349561, 296539.20337100001052 ], [ 475763.45062088011764, 290572.325074381777085 ], [ 474884.821437480219174, 285507.286252429243177 ], [ 475912.042321014101617, 278142.306332753389142 ], [ 473075.879001068766229, 276617.626279206422623 ], [ 471641.646069342619739, 272941.596828069945332 ], [ 469147.889710575167555, 273975.278220305161085 ], [ 471990.513539221952669, 271649.495087775867432 ], [ 471396.146738686715253, 269530.448233693721704 ], [ 469535.520232663373463, 266481.088126599846873 ], [ 472481.512200533819851, 267101.296961940941401 ], [ 475065.715681121801026, 266300.193882958672475 ], [ 476331.975386609847192, 263728.911419773590751 ], [ 479562.229737344838213, 263599.701245744188782 ], [ 480079.07043346244609, 267295.112222985073458 ], [ 480918.936564653587993, 267695.663762476178817 ], [ 485559.035548000014387, 264307.717136 ], [ 485561.495996000012383, 264297.440681 ], [ 486052.236425000010058, 262091.112402 ], [ 485562.961451000010129, 260136.395255000010366 ], [ 485561.517471000028308, 260131.597157999989577 ], [ 485409.853381, 259732.099955000012415 ], [ 485373.794103000022005, 259665.772191 ], [ 484122.666631, 258567.244024000014178 ], [ 484087.428079999983311, 258544.990333 ], [ 484076.44114, 258538.061443000013242 ], [ 484062.280252999975346, 258530.675343999988399 ], [ 483989.432420000026468, 258492.694232 ], [ 478201.271690000023227, 256488.218426 ], [ 477518.694882999989204, 256348.27147 ], [ 473147.180986, 256244.541184 ], [ 470544.320573, 256240.583322 ] ] ] } },
{ "type": "Feature", "properties": { "TERYT": "2466", "Nazwa": "powiat Gliwice" }, "geometry": { "type": "Polygon", "coordinates": [ [ [ 477545.722862, 262270.562029999971855 ], [ 473867.243247999984305, 263161.148009 ], [ 468852.957709999987856, 265380.569287 ], [ 467486.412698999978602, 274453.072544 ], [ 467537.083276, 274541.473890000022948 ], [ 467541.324071999988519, 274546.893743 ], [ 467577.655765999981668, 274593.110888 ], [ 467589.534529, 274607.592557 ], [ 467609.942542999982834, 274631.346146999974735 ], [ 467622.377826999989338, 274644.131497 ], [ 467643.97246899997117, 274662.45110200002091 ], [ 468251.180371000024024, 275164.157186000025831 ], [ 471453.623969, 277588.508281000016723 ], [ 472497.443622, 278061.389944 ], [ 475092.208102, 278720.836530999979004 ], [ 475129.358667999971658, 278724.624543000012636 ], [ 475157.875725, 278725.559863 ], [ 475236.009886000014376, 278723.150201999989804 ], [ 475308.068732000014279, 278717.054011999978684 ], [ 475359.609394999977667, 278711.054375 ], [ 475426.017057000019122, 278700.97657200001413 ], [ 475871.731459999980871, 278540.47053 ], [ 475965.726712999981828, 278480.039245 ], [ 475984.45371700002579, 278466.464861000014935 ], [ 476057.93374299997231, 278412.955919999978505 ], [ 476064.743169999972451, 278407.987331999989692 ], [ 481253.404724000021815, 273720.510451 ], [ 481362.122488000022713, 273613.298704000015277 ], [ 481377.217943000025116, 273591.997619999980088 ], [ 482265.162186999979895, 269721.696523000020534 ], [ 482390.459842999989633, 269088.929781000013463 ], [ 482641.715986000024714, 267687.057287 ], [ 482637.586308999976609, 267650.433208999980707 ], [ 482635.71723299997393, 267643.732078999979421 ], [ 480103.274253999989014, 263136.237367999972776 ], [ 480094.66255100001581, 263127.537189 ], [ 478901.599507, 262326.651951999985613 ], [ 477576.555203999974765, 262271.237806 ], [ 477545.722862, 262270.562029999971855 ] ] ] } },
{ "type": "Feature", "properties": { "TERYT": "1607", "Nazwa": "powiat nyski" }, "geometry": { "type": "Polygon", "coordinates": [ [ [ 388787.620256999973208, 266101.409968000021763 ], [ 388694.040121000027284, 266108.07004700001562 ], [ 388644.230227999971248, 266118.400549000012688 ], [ 382508.520044, 267579.49963099998422 ], [ 382487.880062000011094, 267584.870629000011832 ], [ 382457.259826999972574, 267593.070515000028536 ], [ 382439.309735000017099, 267598.970371 ], [ 382420.119704000011552, 267607.620046 ], [ 356114.229899000027217, 285365.159867 ], [ 352487.139681999979075, 287994.809919000021182 ], [ 351518.560218000027817, 289017.769802000024356 ], [ 354551.506459, 292581.117445999989286 ], [ 367147.983711, 306179.515117999981157 ], [ 367196.877226000011433, 306217.382168999989517 ], [ 367299.15482, 306279.968633999989834 ], [ 385134.515641, 312644.572409000014886 ], [ 388287.481268999981694, 312348.686494999972638 ], [ 409496.778350999986287, 301742.484715000027791 ], [ 412401.285394, 299346.451221 ], [ 409183.21971700002905, 291777.100550999981351 ], [ 393491.919974000018556, 268572.980655000021216 ], [ 389265.169943000015337, 266279.690015 ], [ 389199.660183999978472, 266248.400374000018928 ], [ 389151.330144, 266228.160546 ], [ 388847.240220999985468, 266114.30026300001191 ], [ 388787.620256999973208, 266101.409968000021763 ] ] ] } },
{ "type": "Feature", "properties": { "TERYT": "1610", "Nazwa": "powiat prudnicki" }, "geometry": { "type": "Polygon", "coordinates": [ [ [ 422985.216269000025932, 266992.803309999988414 ], [ 401061.319781000027433, 267453.210342 ], [ 401016.19983, 267456.14974899997469 ], [ 396176.380176, 268029.350519000028726 ], [ 396119.230272000015248, 268036.329985000018496 ], [ 393491.919974000018556, 268572.980655000021216 ], [ 392434.303764000011142, 268875.720656000019517 ], [ 392337.919539999973495, 268908.941768000018783 ], [ 392143.892593999975361, 269010.507034 ], [ 392127.66472, 269024.309473 ], [ 389766.73945, 271208.243535000015981 ], [ 389628.373656000010669, 271455.19380100001581 ], [ 389586.653609999979381, 271659.382271 ], [ 389553.196409000025596, 271860.250971 ], [ 389652.173855, 280727.873257 ], [ 389660.9503159999731, 280801.456352 ], [ 389663.439029, 280817.816368 ], [ 389673.501861000026111, 280883.724311000027228 ], [ 389674.307874, 280888.65148900001077 ], [ 412401.285394, 299346.451221 ], [ 412974.008360999985598, 298900.515304 ], [ 415393.385783999983687, 297012.51360200002091 ], [ 415954.721911999979056, 296572.432446 ], [ 430761.755434, 276896.981389999971725 ], [ 430774.804668999975547, 276876.565830999985337 ], [ 430973.749622999981511, 276503.937511999974959 ], [ 431014.182947999972384, 276386.608679 ], [ 431140.521657, 276010.198565999977291 ], [ 431157.913448999985121, 275951.392645000014454 ], [ 431165.283607000019401, 275878.818261999986134 ], [ 430898.330383999971673, 273310.818433 ], [ 422985.216269000025932, 266992.803309999988414 ] ] ] } },
{ "type": "Feature", "properties": { "TERYT": "1605", "Nazwa": "powiat krapkowicki" }, "geometry": { "type": "Polygon", "coordinates": [ [ [ 432137.990131, 275521.740248000016436 ], [ 432095.593925, 275524.978813999972772 ], [ 423184.032287999987602, 276418.328115999989677 ], [ 422976.790809000027366, 276497.388335000025108 ], [ 412059.593033000011928, 283230.239803 ], [ 411985.999154000019189, 283360.552997 ], [ 411474.184886, 284525.557394 ], [ 411360.323565999977291, 285919.876352 ], [ 411881.033896, 291704.155612999980804 ], [ 412568.23982800001977, 292600.720984000014141 ], [ 415954.721911999979056, 296572.432446 ], [ 421884.984207, 298267.899076999980025 ], [ 425383.344599, 298834.724507 ], [ 432194.509941000025719, 299904.544421 ], [ 435931.135306000011042, 299652.22962 ], [ 437444.972133999981452, 298998.160451999981888 ], [ 437539.277202999975998, 298952.280541000014637 ], [ 440358.054836999974214, 288645.103527 ], [ 440618.958949, 287163.006792999978643 ], [ 440347.080613999976777, 281750.774199999985285 ], [ 439842.195986, 280281.167862 ], [ 439149.704335000016727, 278921.497984000016004 ], [ 432408.981689999985974, 275555.241531 ], [ 432164.02345699997386, 275522.919669000024442 ], [ 432137.990131, 275521.740248000016436 ] ] ] } },
{ "type": "Feature", "properties": { "TERYT": "1611", "Nazwa": "powiat strzelecki" }, "geometry": { "type": "Polygon", "coordinates": [ [ [ 454326.650262999988627, 276799.847201000025962 ], [ 442345.393333000014536, 279143.783669000025839 ], [ 439134.868687, 280559.667443000013009 ], [ 439128.837784999981523, 280564.576170000014827 ], [ 434482.870707999973092, 293830.837400000018533 ], [ 437857.335269999981392, 302993.447900000028312 ], [ 437866.97032299998682, 303005.29183 ], [ 438092.26973, 303252.781575999979395 ], [ 443672.690399000013713, 309197.236369 ], [ 443807.045655000023544, 309326.997548000013921 ], [ 443963.90846300002886, 309462.532460000016727 ], [ 453582.837351, 314509.712299 ], [ 455631.769699, 315463.466901 ], [ 455656.02122, 315462.289478000020608 ], [ 456124.158833, 315437.115746000024956 ], [ 458996.778009, 314187.435393000021577 ], [ 461035.277427, 313190.353897999972105 ], [ 461152.295712, 313112.653142000024673 ], [ 461185.660431, 313089.844683 ], [ 461772.491739000019152, 312618.414882000011858 ], [ 470806.604395999980625, 305280.471400999987964 ], [ 471824.898883000016212, 304233.321124 ], [ 472827.689655, 300307.265705000027083 ], [ 472197.052013, 298171.066486000025179 ], [ 456530.822873, 278314.660131999989972 ], [ 455398.875957000011113, 277293.513076999981422 ], [ 455109.362979999976233, 277075.479662999976426 ], [ 454798.235684000013862, 276904.611281000019517 ], [ 454710.769397999974899, 276860.580893 ], [ 454326.650262999988627, 276799.847201000025962 ] ] ] } },
{ "type": "Feature", "properties": { "TERYT": "0224", "Nazwa": "powiat ząbkowicki" }, "geometry": { "type": "Polygon", "coordinates": [ [ [ 345856.081375, 283390.039679999987129 ], [ 345687.288714999973308, 283390.960092999972403 ], [ 344614.963800999976229, 283518.52983299997868 ], [ 344293.30568, 283701.199884 ], [ 341507.483187999983784, 286608.516279999981634 ], [ 341487.549830999982078, 286633.087129 ], [ 341468.27631799998926, 286656.859492000017781 ], [ 336504.6497, 293112.98897 ], [ 331941.878095, 302055.384203 ], [ 330559.889325, 305143.394014000019524 ], [ 330121.054653000028338, 306295.102893 ], [ 328878.420349999971222, 310046.44378199998755 ], [ 328862.233798999979626, 310122.620325000025332 ], [ 328875.627480000024661, 310176.543367 ], [ 328947.071338, 310392.374016000016127 ], [ 328962.916746, 310419.022341999982018 ], [ 328966.04623099998571, 310424.278480999986641 ], [ 329701.675976999977138, 311309.670694999978878 ], [ 329798.130797000019811, 311378.796894999977667 ], [ 329858.730812, 311414.228528 ], [ 329950.127562, 311444.834972999989986 ], [ 350458.732907, 317932.041497999976855 ], [ 352868.113031000015326, 318634.77402399998391 ], [ 352914.980506, 318632.022 ], [ 352918.875828000018373, 318631.788830999983475 ], [ 361961.413987, 316702.82727 ], [ 362669.493734000017866, 316345.494232000026386 ], [ 368987.623735999979544, 312274.674473 ], [ 370184.005302999983542, 307204.141087999974843 ], [ 370201.624812999973074, 307054.208053999987897 ], [ 370203.757060999982059, 307023.30053200002294 ], [ 370208.345194, 306937.400615 ], [ 370208.776535000011791, 306898.238242 ], [ 370207.791529999987688, 306765.960709 ], [ 362560.897391, 291680.532574000011664 ], [ 362527.544834, 291629.730569 ], [ 361815.354472999984864, 290573.19841200002702 ], [ 361763.06534799997462, 290514.723523999971803 ], [ 361702.618521999975201, 290472.551822 ], [ 361590.446039, 290398.899103 ], [ 347113.716720999975223, 283606.743173 ], [ 346953.782186000025831, 283563.869845999986865 ], [ 346055.095267999975476, 283412.224394000018947 ], [ 345915.173353000020143, 283393.112893000012264 ], [ 345856.081375, 283390.039679999987129 ] ] ] } },
{ "type": "Feature", "properties": { "TERYT": "1609", "Nazwa": "powiat opolski" }, "geometry": { "type": "Polygon", "coordinates": [ [ [ 420111.518236999982037, 293338.586511 ], [ 420102.496274999983143, 293341.067189000023063 ], [ 401779.708172000013292, 299703.129926999972668 ], [ 401705.372672999976203, 299732.260111999989022 ], [ 401665.947217, 299748.445169000013266 ], [ 393567.054361000016797, 303758.069632 ], [ 391553.737896999984514, 304824.772981000016443 ], [ 391526.714435999980196, 306621.95937400002731 ], [ 391532.888841999985743, 306687.669374 ], [ 394433.071185, 317359.794647999980953 ], [ 394473.323736, 317466.246466999989934 ], [ 394489.001567, 317503.569642000016756 ], [ 400971.022768000024371, 332853.103405 ], [ 401030.821716999984346, 332950.924492000020109 ], [ 401061.25812999997288, 332985.525694000010844 ], [ 401708.820909, 333697.684047000017017 ], [ 407489.702937000023667, 339792.14484199997969 ], [ 427791.017375, 345092.920380999974441 ], [ 428492.365066000027582, 344961.03064800001448 ], [ 430281.196235999988858, 344613.346767999988515 ], [ 430619.268998000014108, 344546.462398 ], [ 433893.254438999982085, 341989.434049999981653 ], [ 433928.355075999977998, 341961.961878 ], [ 433943.830215999973007, 341948.157895000011194 ], [ 433955.987101999984588, 341937.28927200002363 ], [ 438086.771706000028644, 337836.314428000012413 ], [ 454420.720058, 315673.335247999988496 ], [ 454424.940621000016108, 315544.015634000010323 ], [ 454412.011273999989498, 315508.058681999973487 ], [ 453762.365190999989863, 314609.039781 ], [ 452556.30385899997782, 313049.014462 ], [ 449018.273693999974057, 308675.784193 ], [ 448957.667247999983374, 308618.991776 ], [ 438177.843703, 299386.547675999987405 ], [ 437584.209607, 298925.137912 ], [ 420111.518236999982037, 293338.586511 ] ], [ [ 415951.524421397014521, 315826.325861599761993 ], [ 414585.997381830704398, 314460.79882203345187 ], [ 416065.318341360893101, 313778.035302250296809 ], [ 418568.784580565814395, 313948.726182196114678 ], [ 419877.414660150185227, 311786.641702882770915 ], [ 418853.269380475452635, 310364.217703334521502 ], [ 419592.929860240546986, 309340.07242365978891 ], [ 422779.159619228623342, 309567.660263587487862 ], [ 425453.316738379304297, 308600.411943894694559 ], [ 427103.328577855252661, 306665.915304509107955 ], [ 426761.94681796367513, 304219.346025286125951 ], [ 427615.401217692648061, 303650.376425466791261 ], [ 427501.607297728827689, 305172.370104983448982 ], [ 430303.782576838857494, 306751.260744482045993 ], [ 431327.927856513590086, 306993.072824405215215 ], [ 430858.527936662663706, 310093.957143420411739 ], [ 428966.70401726354612, 310307.320743352582213 ], [ 428426.18289743521018, 312640.096102611743845 ], [ 424358.050258727220353, 315655.634981654002331 ], [ 423931.323058862879407, 316594.434821355855092 ], [ 424016.668498835759237, 321003.949219955364242 ], [ 425040.813778510491829, 321658.264259747578762 ], [ 424272.704818754456937, 322426.373219503613655 ], [ 421683.893139576655813, 321800.506659702397883 ], [ 420346.814580001286231, 322483.270179485552944 ], [ 421058.026579775381833, 320178.94330021739006 ], [ 421029.578099784441292, 318898.761700624017976 ], [ 421143.372019748319872, 316167.707621491339523 ], [ 415951.524421397014521, 315826.325861599761993 ] ] ] } },
{ "type": "Feature", "properties": { "TERYT": "1601", "Nazwa": "powiat brzeski" }, "geometry": { "type": "Polygon", "coordinates": [ [ [ 375562.06005999998888, 302782.822693999973126 ], [ 373865.492176999978255, 303180.14116 ], [ 373770.991126, 303219.178388 ], [ 373656.111531, 303284.036425 ], [ 373074.689902000012808, 303653.13410099997418 ], [ 374428.305049000016879, 317811.564648 ], [ 376918.933413000020664, 324240.526103999989573 ], [ 385433.043406000011601, 341139.247285 ], [ 389889.804374, 345641.113684999989346 ], [ 394703.812262, 348394.664062 ], [ 397841.629521999973804, 349114.87273 ], [ 405444.939866999979131, 347287.268511999980547 ], [ 406301.278830000024755, 346634.420687999983784 ], [ 412816.401458, 324258.618639 ], [ 412852.293142999988049, 324114.996461 ], [ 412846.707556999986991, 323959.170819 ], [ 411448.562607, 318450.997327000019141 ], [ 411353.443554, 318175.04416 ], [ 411328.605407, 318105.590649000019766 ], [ 411211.012983000022359, 317919.582096999976784 ], [ 411053.526300000026822, 317764.579501 ], [ 405722.536395, 313872.744664 ], [ 391521.136504, 306389.319364 ], [ 378119.298675999976695, 303249.027666 ], [ 375562.06005999998888, 302782.822693999973126 ] ] ] } },
{ "type": "Feature", "properties": { "TERYT": "1661", "Nazwa": "powiat Opole" }, "geometry": { "type": "Polygon", "coordinates": [ [ [ 427726.44564, 302787.206313 ], [ 426750.238935999979731, 302801.810539999976754 ], [ 419912.828692000010051, 308184.673466 ], [ 418796.194343000010122, 309151.882188000017777 ], [ 417362.630049999977928, 310518.024909000028856 ], [ 414112.223722999973688, 313646.572106999985408 ], [ 413903.121386000013445, 313957.788836000021547 ], [ 413897.011354000016581, 313968.68703099997947 ], [ 413892.632227000023704, 313976.901556 ], [ 413843.983950999972876, 314411.196909 ], [ 413845.43740599998273, 314424.861522 ], [ 413847.24085, 314429.760874000028707 ], [ 419500.100198999978602, 322792.068764999974519 ], [ 419507.987725000013597, 322797.309568000026047 ], [ 419533.23247500002617, 322814.080664 ], [ 420450.698418000014499, 323164.570076 ], [ 423987.702377, 322915.919359 ], [ 423995.52148, 322913.905229999974836 ], [ 424004.484975000028498, 322911.504163999983575 ], [ 424247.260622999980114, 322846.281037 ], [ 424358.362858999986202, 322816.231268999981694 ], [ 424385.429630000027828, 322808.769477 ], [ 424408.851108999981079, 322802.284694999980275 ], [ 424414.128946000011638, 322799.325128 ], [ 424438.662626, 322784.920131 ], [ 424504.11757599998964, 322744.633554 ], [ 424853.853581, 322529.372539 ], [ 425240.856130999978632, 322289.228545000019949 ], [ 425294.39486, 322248.832875000021886 ], [ 425764.601286, 321653.260199000011198 ], [ 430685.714439, 313111.723376 ], [ 431614.323186, 309626.791750999982469 ], [ 431614.761500999971759, 309293.424123 ], [ 431596.008534000022337, 306569.061065000016242 ], [ 428179.469866, 302878.890364 ], [ 427732.108605000015814, 302787.659751 ], [ 427726.44564, 302787.206313 ] ] ] } },
{ "type": "Feature", "properties": { "TERYT": "1608", "Nazwa": "powiat oleski" }, "geometry": { "type": "Polygon", "coordinates": [ [ [ 463492.43424099998083, 305619.918684999982361 ], [ 463456.373811000026762, 305626.66212400002405 ], [ 462903.6074849999859, 305765.23950700002024 ], [ 462204.820669999986421, 306077.403432000020985 ], [ 462170.143817999982275, 306100.095045999973081 ], [ 462145.672306999971624, 306117.005865000013728 ], [ 462108.962116, 306142.740844000014476 ], [ 445702.809626, 319416.551510000019334 ], [ 445698.89327, 319422.354545 ], [ 445690.973516999976709, 319434.141398 ], [ 445412.179651000013109, 324892.241302 ], [ 445405.586048000026494, 325048.402245 ], [ 445407.638912, 325079.749167 ], [ 452083.832291, 363244.21104700001888 ], [ 452185.283493999973871, 363434.865684000018518 ], [ 452195.615304999984801, 363453.055609999981243 ], [ 452214.861649000027683, 363477.012043000024278 ], [ 452230.034294000011869, 363486.600564999971539 ], [ 452237.183226, 363490.471119 ], [ 452670.032885, 363717.739369000017177 ], [ 452712.366113000025507, 363725.419669999973848 ], [ 453004.638249000010546, 363775.549724999989849 ], [ 453326.326339000021107, 363815.395392999984324 ], [ 468265.265534, 363928.185505 ], [ 468327.617516, 363921.231922 ], [ 468371.038481, 363914.205356 ], [ 468396.425018, 363909.051998 ], [ 468470.970791, 363874.897053 ], [ 468490.390377999981865, 363863.898396999982651 ], [ 468763.592081999988295, 363679.222939 ], [ 468786.00624900002731, 363657.589800000016112 ], [ 477086.336841000011191, 354506.046112000010908 ], [ 477200.607850999978837, 354244.258446 ], [ 477257.176849999988917, 354109.584866 ], [ 478646.104956, 349927.140842999971937 ], [ 475714.318706, 338688.673537000024226 ], [ 470516.085063999984413, 320733.720141 ], [ 470506.954221000021789, 320704.485461 ], [ 470500.692325000010896, 320684.870700999977998 ], [ 465300.567350999976043, 306143.333039 ], [ 464604.426946000021417, 305878.741273000021465 ], [ 463524.433646, 305623.364452 ], [ 463492.43424099998083, 305619.918684999982361 ] ] ] } },
{ "type": "Feature", "properties": { "TERYT": "0217", "Nazwa": "powiat strzeliński" }, "geometry": { "type": "Polygon", "coordinates": [ [ [ 375233.579702000017278, 306617.077272000024095 ], [ 370207.791529999987688, 306765.960709 ], [ 350605.416252000024542, 317807.92949 ], [ 350556.846054999972694, 317839.256104999978561 ], [ 348843.295241000014357, 319347.49948 ], [ 350835.975648000021465, 329046.514708 ], [ 352393.216462999989744, 335803.916052000015043 ], [ 356504.827110000012908, 339476.61443399998825 ], [ 356523.255882999976166, 339489.520094999985304 ], [ 358019.950205, 340449.389099000021815 ], [ 358692.37026200001128, 340682.752431 ], [ 360285.933016000024509, 341178.385218999988865 ], [ 362380.971444999973755, 341024.764648000011221 ], [ 362389.472971000010148, 341022.150843999988865 ], [ 362394.091888999973889, 341020.728988000017125 ], [ 362477.773798, 340984.686792999971658 ], [ 373717.858597000013106, 335993.315861999988556 ], [ 376158.30481, 334523.236487000016496 ], [ 376192.369167, 334499.414187000016682 ], [ 383796.624942999973428, 328036.983570999989752 ], [ 384076.520109999983106, 326607.435481 ], [ 384071.160484, 326548.830139000026975 ], [ 375855.575006, 307273.233894 ], [ 375832.480619999987539, 307226.253176000027452 ], [ 375604.905916000017896, 306934.165290999982972 ], [ 375237.319321000017226, 306617.127185 ], [ 375233.579702000017278, 306617.077272000024095 ] ] ] } },
{ "type": "Feature", "properties": { "TERYT": "0202", "Nazwa": "powiat dzierżoniowski" }, "geometry": { "type": "Polygon", "coordinates": [ [ [ 331353.254773000022396, 309152.811839999980293 ], [ 329064.670082999975421, 309581.04689400002826 ], [ 328199.431503000028897, 309871.014688000024762 ], [ 328020.820182, 309944.73486700002104 ], [ 327374.742437999986578, 310247.770313000015449 ], [ 326636.667778, 310871.926187 ], [ 324481.519064, 312914.192841999989469 ], [ 324347.617426000011619, 313045.943613999988884 ], [ 321998.455425, 315707.591304 ], [ 321999.667422000027727, 315739.63088399998378 ], [ 322102.919372999982443, 317067.312603999977 ], [ 322417.188893000013195, 319465.277446999971289 ], [ 329848.188172, 331548.289605 ], [ 329861.655833999975584, 331564.988460999971721 ], [ 329896.480794999981299, 331586.205962 ], [ 329943.592007, 331612.843325000023469 ], [ 330014.950199000013527, 331647.827808999980334 ], [ 338219.859485000022687, 333411.284152999985963 ], [ 338272.636131, 333417.407345000014175 ], [ 338314.113622999982908, 333420.364601999986917 ], [ 342785.629503, 333292.809882999979891 ], [ 343085.556158000021242, 333270.865567 ], [ 343168.05409, 333260.870440000027884 ], [ 343231.011974000022747, 333252.58084 ], [ 343367.963498, 333230.863025999977253 ], [ 350498.027576000022236, 331628.576728000014555 ], [ 350560.217263999977149, 331558.448824000020977 ], [ 350775.459465000021737, 331307.697148 ], [ 350795.488086000026669, 331277.786522999987938 ], [ 351232.365329, 330060.168543 ], [ 352320.197557999985293, 326706.66180300002452 ], [ 351479.909409000014421, 319250.075193000026047 ], [ 350302.73100600001635, 315992.577517000027001 ], [ 350009.955182, 315335.202571999980137 ], [ 349743.905101999989711, 314775.084219000011217 ], [ 349385.065234999987297, 314418.44074 ], [ 344957.126636, 312647.79303300002357 ], [ 337591.322666, 310721.004559000022709 ], [ 331353.254773000022396, 309152.811839999980293 ] ] ] } },
{ "type": "Feature", "properties": { "TERYT": "0219", "Nazwa": "powiat świdnicki" }, "geometry": { "type": "Polygon", "coordinates": [ [ [ 323398.663278999971226, 319013.347849000012502 ], [ 323318.204267999972217, 319017.940217999974266 ], [ 323273.136670999985654, 319025.173591000027955 ], [ 323252.105633999977726, 319029.645329000020865 ], [ 323023.992188, 319090.418405 ], [ 322875.363159, 319150.614499000017531 ], [ 316053.517694999987725, 325464.923844999982975 ], [ 303390.389921, 339145.737887999974191 ], [ 302857.618749000015669, 339964.397111000027508 ], [ 302815.337895, 340037.337616999982856 ], [ 302786.631585000024643, 340112.636256000027061 ], [ 302785.229222, 340116.316866 ], [ 300671.849616000021342, 346079.650349 ], [ 300541.921485, 346488.666555 ], [ 303575.076112999988254, 353722.177183999971021 ], [ 303682.346207999973558, 353771.146611 ], [ 303741.620056000014301, 353788.841377999982797 ], [ 303797.234690000012051, 353801.298774000024423 ], [ 304413.420784000016283, 353877.332934 ], [ 313195.58242, 354812.205169000022579 ], [ 331519.568708, 351235.881417000025976 ], [ 331563.68495999998413, 351220.411274000012781 ], [ 331677.740436, 351160.62928 ], [ 331989.653548999980558, 350994.370871 ], [ 332753.978493999980856, 350325.414658 ], [ 332850.438696000026539, 350217.789843 ], [ 338472.790296000021044, 343276.297547 ], [ 338479.79051800002344, 343264.365971 ], [ 338486.3664, 343250.526132000028156 ], [ 338489.531425, 343239.85349 ], [ 338517.23825, 343062.755962 ], [ 338540.260474, 342853.931334999972023 ], [ 337924.320977, 333063.291290000022855 ], [ 337918.033982999972068, 332996.965493 ], [ 337915.994824, 332980.030137999972794 ], [ 337861.729425000026822, 332838.707799999974668 ], [ 337846.917488, 332803.665379000012763 ], [ 337625.000168, 332446.485416000010446 ], [ 337590.685872, 332400.667731 ], [ 337564.577337, 332365.896535 ], [ 337509.65056400001049, 332300.825046000012662 ], [ 328152.957757, 322562.74252799997339 ], [ 325120.292993000010028, 320094.812901000026613 ], [ 324976.878867, 320003.776780000014696 ], [ 323421.315760000026785, 319020.151534 ], [ 323398.663278999971226, 319013.347849000012502 ] ] ] } },
{ "type": "Feature", "properties": { "TERYT": "1604", "Nazwa": "powiat kluczborski" }, "geometry": { "type": "Polygon", "coordinates": [ [ [ 445766.30683900002623, 325825.903321 ], [ 436563.936874, 327634.08031300001312 ], [ 425200.874403, 346763.813245999976061 ], [ 424555.895093000028282, 350067.502504999982193 ], [ 425437.948518000019249, 359106.045342999976128 ], [ 425779.505269000015687, 360766.635801 ], [ 435566.166711000027135, 367007.76639200001955 ], [ 441372.982934000028763, 367883.563893000013195 ], [ 441400.038707999978215, 367885.684719000011683 ], [ 441405.020460000028834, 367885.976987999980338 ], [ 448232.237902999971993, 365918.449356 ], [ 448599.554261000012048, 365723.691949 ], [ 450288.22067299997434, 364649.326193000015337 ], [ 451263.447614, 363944.941272999974899 ], [ 452083.832291, 363244.21104700001888 ], [ 454359.231970999971963, 358734.844470000010915 ], [ 456531.207085, 343013.39285 ], [ 456561.421169999986887, 342464.776339999982156 ], [ 456560.518963999988046, 342455.003773999982513 ], [ 454969.3384, 331723.915067000023555 ], [ 454291.483208000019658, 327366.673283000010997 ], [ 453362.689888999972027, 326907.130504 ], [ 453322.008105000015348, 326892.208575 ], [ 452447.301661, 326637.746988 ], [ 452391.47094799997285, 326622.290241 ], [ 452353.858729999978095, 326614.033814999973401 ], [ 445766.30683900002623, 325825.903321 ] ] ] } },
{ "type": "Feature", "properties": { "TERYT": "0223", "Nazwa": "powiat wrocławski" }, "geometry": { "type": "Polygon", "coordinates": [ [ [ 351305.844601000018883, 329092.048565 ], [ 351183.690771, 329102.04887 ], [ 345977.907215000013821, 330333.798108000017237 ], [ 337227.645643999974709, 332918.226306000025943 ], [ 337215.285022999974899, 332923.060401000024285 ], [ 337177.184741, 332948.138564999972004 ], [ 329660.577251999988221, 342026.647300000011455 ], [ 329552.71757500001695, 342165.290097000019159 ], [ 329545.184230000013486, 342180.124029 ], [ 329468.597780000010971, 342358.803082 ], [ 329096.498501, 345543.16599100001622 ], [ 329098.025288, 345550.091099000012036 ], [ 330268.147937999980059, 348180.024336999980733 ], [ 330270.955328000010923, 348185.447804 ], [ 332261.41691999998875, 351928.497867 ], [ 342691.662308000028133, 360392.588729000010062 ], [ 348679.411138019524515, 364504.206408122263383 ], [ 352097.104468743607868, 362318.472301263827831 ], [ 354998.169737846706994, 361265.345867959375028 ], [ 358038.327177386148833, 356973.358894491917454 ], [ 365946.710582201310899, 356794.526103930664249 ], [ 367834.390038124518469, 359139.222691287926864 ], [ 370854.677167601650581, 360708.977186213538516 ], [ 369106.089882114669308, 364464.465787997585721 ], [ 370457.270966354408301, 368359.046560218033846 ], [ 367556.20569725142559, 368398.787180342769716 ], [ 365767.877791639941279, 366848.902995479525998 ], [ 360243.931594306835905, 368557.749660841538571 ], [ 359091.453610690601636, 371856.221131191530731 ], [ 371358.37163821561262, 380774.771361225342844 ], [ 366835.556945000018459, 377519.595695999974851 ], [ 366899.061874, 377548.81945 ], [ 373215.678040000027977, 380335.905072 ], [ 373786.512232, 380409.869079000025522 ], [ 376025.005734, 380203.256958000012673 ], [ 376108.803782999981195, 380184.862106000015046 ], [ 376153.083831999974791, 380173.602184000017587 ], [ 376156.928625, 380172.620401000021957 ], [ 376162.755811, 380171.131326999980956 ], [ 376338.029547000012826, 380088.165644 ], [ 377390.141654999984894, 379543.677174000011291 ], [ 382043.251864, 373368.170740999979898 ], [ 384437.232811000023503, 368065.410465000022668 ], [ 386334.920860000012908, 360911.904058000014629 ], [ 380303.669694999989588, 351515.03157300001476 ], [ 379994.90641, 351177.524059000017587 ], [ 365279.903286000015214, 339172.208324 ], [ 352796.112039000028744, 329263.337106 ], [ 352456.988659999973606, 329186.703263 ], [ 351305.844601000018883, 329092.048565 ] ] ] } },
{ "type": "Feature", "properties": { "TERYT": "0215", "Nazwa": "powiat oławski" }, "geometry": { "type": "Polygon", "coordinates": [ [ [ 379162.654037999978755, 329219.21261400001822 ], [ 378968.042574000020977, 329236.529767 ], [ 367915.107866999984253, 332089.997584 ], [ 367749.233644000021741, 332176.812815000012051 ], [ 367648.740341999975499, 332237.351728999987245 ], [ 367019.554507999971975, 332940.757333000015933 ], [ 364350.218601999979001, 337346.163091 ], [ 364197.715497000026517, 338535.834249 ], [ 364287.654427999979816, 339166.729772 ], [ 364788.109799999976531, 341244.350686000019778 ], [ 367260.128231999988202, 344994.763985000026878 ], [ 367278.765086999977939, 345021.552081 ], [ 367674.904946000024211, 345542.259504000016022 ], [ 378802.675681, 355334.837265999987721 ], [ 383705.624254999973346, 359611.729959000018425 ], [ 383761.470194, 359644.658681 ], [ 384077.810933, 359831.166863000020385 ], [ 384426.778666, 360025.047247999988031 ], [ 386334.920860000012908, 360911.904058000014629 ], [ 387506.390598000027239, 360852.664929000020493 ], [ 389199.516423999972176, 360431.921539 ], [ 389506.292981999984477, 360275.777179000026081 ], [ 389570.987579, 360242.84858 ], [ 389658.874095999985002, 360197.371877000026871 ], [ 396678.355136000027414, 354621.312809000024572 ], [ 397319.867395, 353948.6312260000268 ], [ 397841.821080000023358, 349123.360723000019789 ], [ 397841.629521999973804, 349114.87273 ], [ 397743.853948, 348161.73429400002351 ], [ 383312.360305999987759, 330264.756288999982644 ], [ 383199.975069999985863, 330195.47544900001958 ], [ 382919.710021, 330060.206904000020586 ], [ 382725.096085999975912, 329973.380408999975771 ], [ 382693.595783, 329961.072930999973323 ], [ 382170.840867, 329759.716922 ], [ 382144.559828999976162, 329750.796693000011146 ], [ 381540.967553000024054, 329557.575451000011526 ], [ 380053.067281000025105, 329280.924695 ], [ 379199.902884999988601, 329220.177353999984916 ], [ 379162.654037999978755, 329219.21261400001822 ] ] ] } },
{ "type": "Feature", "properties": { "TERYT": "1606", "Nazwa": "powiat namysłowski" }, "geometry": { "type": "Polygon", "coordinates": [ [ [ 421073.498495, 330682.407079999975394 ], [ 420852.939431999984663, 330703.883689999987837 ], [ 420745.746736, 330714.57562900002813 ], [ 414611.6165799999726, 335032.727465 ], [ 406383.19228999997722, 340876.700994000013452 ], [ 398817.332957, 347117.061277 ], [ 396289.369281, 349808.156923 ], [ 395807.670865, 350472.429157999984454 ], [ 396223.022523000021465, 355711.282128 ], [ 398257.826317999977618, 366310.423278999980539 ], [ 402655.488744999980554, 370130.173961 ], [ 402658.858713999972679, 370131.107595 ], [ 403000.350993999978527, 370225.685555999982171 ], [ 415931.379305, 370446.285303000011481 ], [ 417975.934251, 370419.952723999973387 ], [ 418743.194802000012714, 370045.630454999976791 ], [ 418968.159217, 369885.151683999982197 ], [ 419113.472069000010379, 369767.43779 ], [ 426035.524221000028774, 360552.098738999979105 ], [ 430619.268998000014108, 344546.462398 ], [ 422884.508926999988034, 330849.484874000016134 ], [ 421073.498495, 330682.407079999975394 ] ] ] } },
{ "type": "Feature", "properties": { "TERYT": "0218", "Nazwa": "powiat średzki" }, "geometry": { "type": "Polygon", "coordinates": [ [ [ 326464.050921000016388, 350044.102167 ], [ 325339.45577, 350262.001746000023559 ], [ 318598.828805, 351757.850494000012986 ], [ 318516.140552999975625, 351788.181151999975555 ], [ 316922.580125999986194, 352414.657109999970999 ], [ 313598.078636, 353777.949004 ], [ 313567.841560999979265, 353791.366089000017382 ], [ 313530.663568000018131, 353810.816582 ], [ 313516.681021000025794, 353821.017180999973789 ], [ 313507.570589, 353829.681886999984272 ], [ 313317.964216, 354045.544426999986172 ], [ 313297.880211999989115, 354078.703056 ], [ 313283.105710999981966, 354113.205604000017047 ], [ 313244.274978999979794, 354212.789977999986149 ], [ 313219.681816999975126, 354296.913310999982059 ], [ 313212.495745999971405, 354331.22279199998593 ], [ 313039.377128000021912, 356701.980165000015404 ], [ 313052.524306999985129, 357559.733154000015929 ], [ 322216.285828, 376811.906855 ], [ 327971.369351, 378084.619281 ], [ 331104.031605000025593, 378571.03062500001397 ], [ 331153.277937999984715, 378578.468287999974564 ], [ 341501.155618000018876, 379537.299530000018422 ], [ 343914.06153299997095, 379561.538752000022214 ], [ 347697.458603999984916, 379196.044180999975652 ], [ 347828.406313000014052, 379172.577338 ], [ 347941.325789999973495, 379108.509942999982741 ], [ 349429.405787999974564, 378253.491843 ], [ 351346.721327, 376610.046581999980845 ], [ 351383.956611, 376575.330902000016067 ], [ 352162.239473, 375849.445684999984223 ], [ 353701.662936999986414, 374062.139393 ], [ 353726.440542, 374029.543316999974195 ], [ 353786.418207, 373910.416978000022937 ], [ 353804.203379000013229, 373814.997081 ], [ 353814.685673, 373718.517062 ], [ 353479.607685, 371072.835873999982141 ], [ 353369.336483000020962, 370742.298898999986704 ], [ 349038.160862000018824, 363195.963165999972261 ], [ 349024.776397, 363179.150620999978855 ], [ 347589.918767999974079, 361543.797281 ], [ 342913.223092, 356581.960121000010986 ], [ 337612.073536999989301, 352446.283455000026152 ], [ 335034.566250999982003, 351576.796229999978095 ], [ 335001.292049999989104, 351567.621133 ], [ 330032.259460999979638, 350640.080008000019006 ], [ 326464.050921000016388, 350044.102167 ] ] ] } },
{ "type": "Feature", "properties": { "TERYT": "1017", "Nazwa": "powiat wieluński" }, "geometry": { "type": "Polygon", "coordinates": [ [ [ 476509.102793, 354239.393633999978192 ], [ 476311.779626999981701, 354248.799086000013631 ], [ 476234.570593999989796, 354256.803819000022486 ], [ 476225.516292000014801, 354259.04559 ], [ 463478.542769, 358521.347457 ], [ 454525.558206000016071, 363576.090482000028715 ], [ 454519.255933, 363580.114150999987032 ], [ 454411.125430000014603, 369074.916625000012573 ], [ 454412.28953, 369090.662955 ], [ 454452.584294, 369436.447096000018064 ], [ 454463.980927, 369524.087997000024188 ], [ 454474.438755000010133, 369604.453840999980457 ], [ 455587.050395000027493, 375349.78758399997605 ], [ 456047.115981, 377682.50004200002877 ], [ 458569.694045000011101, 383449.12238100002287 ], [ 469470.222063999972306, 390869.770376999978907 ], [ 484894.976013, 393755.162713999976404 ], [ 486191.34282100002747, 393819.550306 ], [ 489986.047956999973394, 393035.416772000025958 ], [ 492565.440213, 390791.50375700002769 ], [ 493956.744883999985177, 387923.440224000019953 ], [ 488388.246521, 366675.275765000027604 ], [ 484983.57932299998356, 357644.300065000017639 ], [ 483737.767845000023954, 355353.489916 ], [ 483710.117284999985714, 355341.992962000018451 ], [ 483536.148026, 355278.890995000023395 ], [ 483347.985798, 355214.224284 ], [ 483211.478469000023324, 355190.362084999971557 ], [ 482688.866608000011183, 355107.527597 ], [ 476509.102793, 354239.393633999978192 ] ] ] } },
{ "type": "Feature", "properties": { "TERYT": "0264", "Nazwa": "powiat Wrocław" }, "geometry": { "type": "Polygon", "coordinates": [ [ [ 361803.914220999984536, 354722.336626 ], [ 361790.424032, 354723.459814 ], [ 357503.634627000021283, 355553.312279 ], [ 357477.645059, 355562.271872000012081 ], [ 357462.969537, 355567.360479000024498 ], [ 357371.870004999975208, 355598.966243 ], [ 348197.381149999971967, 362796.036627999972552 ], [ 348184.0142980000237, 362809.923441 ], [ 347300.00022699998226, 364445.24498700001277 ], [ 346655.873123000026681, 365861.580130000016652 ], [ 347724.231294, 369489.245432000025176 ], [ 347895.388533000019379, 370050.231403000012506 ], [ 347988.124663, 370275.584768 ], [ 348014.110859, 370337.660973 ], [ 348134.698068999976385, 370624.795012000016868 ], [ 348215.952837000018917, 370777.708905 ], [ 352432.277131, 373128.176824000023771 ], [ 353494.332116, 373549.386363000026904 ], [ 353570.246982000011485, 373570.745027999975719 ], [ 353592.488152, 373570.612051 ], [ 357410.613204, 373384.298551000014413 ], [ 357448.167147999978624, 373376.729403999983333 ], [ 357597.548571, 373346.096197 ], [ 371237.627963999984786, 369583.571069 ], [ 371325.654274999978952, 369483.569647 ], [ 372361.587120999989565, 361530.279875 ], [ 372016.504349, 360428.878933000029065 ], [ 372009.131288999982644, 360408.547009999980219 ], [ 371993.689546999987215, 360384.465848000021651 ], [ 371331.637732999981381, 359602.503242 ], [ 367090.22018, 354874.637066000024788 ], [ 361803.914220999984536, 354722.336626 ] ] ] } },
{ "type": "Feature", "properties": { "TERYT": "3008", "Nazwa": "powiat kępiński" }, "geometry": { "type": "Polygon", "coordinates": [ [ [ 422019.022517999983393, 360241.752508 ], [ 422012.783922999980859, 360242.420732000027783 ], [ 421995.946728, 360248.18416 ], [ 417679.288967999978922, 361893.782629999972414 ], [ 417609.950426, 361939.415621 ], [ 417432.662248999986332, 362241.869332999980543 ], [ 417405.254263999988325, 362306.562688999983948 ], [ 416914.680193, 363525.015959999989718 ], [ 413188.633788999984972, 372913.075711000012234 ], [ 413187.393659, 372917.047601 ], [ 412353.658393000019714, 375895.534755999979097 ], [ 412016.048529000021517, 379531.996513 ], [ 413518.656838, 383133.46962699998403 ], [ 413632.155980999988969, 383283.815500999975484 ], [ 421586.763542999979109, 388040.673598999972455 ], [ 424722.145807, 389300.91128200001549 ], [ 424770.896063999971375, 389319.272921000025235 ], [ 424778.205232999986038, 389321.750551 ], [ 424783.897828000015579, 389323.639199999975972 ], [ 433756.181006999977399, 392293.481044000014663 ], [ 434061.392437, 392173.077043000026606 ], [ 434238.839810999983456, 392098.485582 ], [ 436215.260199000011198, 391176.379419 ], [ 436219.749568999977782, 391169.16147 ], [ 436479.446089999983087, 390632.036724 ], [ 442271.36492800002452, 378363.379472 ], [ 442293.492206000024453, 378283.267678999982309 ], [ 442777.277404, 373271.974727 ], [ 442777.381968999980018, 373267.895284000027459 ], [ 442461.318852, 369664.331668000028003 ], [ 441890.315038, 368232.384551000024658 ], [ 441551.771933000010904, 367640.710557000013068 ], [ 441546.729509000026155, 367637.441180999972858 ], [ 441541.002053999982309, 367633.730539000011049 ], [ 432802.671756999974605, 363135.290837 ], [ 430292.550095000013243, 362149.673561999981757 ], [ 425779.505269000015687, 360766.635801 ], [ 422019.022517999983393, 360241.752508 ] ] ] } },
{ "type": "Feature", "properties": { "TERYT": "0214", "Nazwa": "powiat oleśnicki" }, "geometry": { "type": "Polygon", "coordinates": [ [ [ 396185.657844999979716, 354901.523731000022963 ], [ 392221.683442, 356017.257573999988381 ], [ 391990.949854, 356082.265189 ], [ 390171.22371499997098, 356830.103298 ], [ 389827.707111000025179, 357093.264144000015222 ], [ 383102.970145000028424, 362520.005908 ], [ 383071.765582000021823, 362552.60680800001137 ], [ 380507.112788000027649, 366211.471950999984983 ], [ 380492.075563, 366243.554359 ], [ 380485.478883999981917, 366264.226124999986496 ], [ 377133.273797, 378966.325986000010744 ], [ 378103.186117, 388251.161531 ], [ 378105.285150000010617, 388256.281411 ], [ 378983.601579, 388963.911165 ], [ 390588.892364000028465, 397218.279007999983151 ], [ 392221.313875, 398267.043951000028756 ], [ 394403.599186, 399606.563950999989174 ], [ 394421.847867999982554, 399612.851710000017192 ], [ 395162.70288, 399852.864484000019729 ], [ 395182.854983999975957, 399858.757511999981944 ], [ 395315.583007999986876, 399894.079802000022028 ], [ 395891.874881000025198, 399974.535449000017252 ], [ 396707.652607000025455, 400057.577463000023272 ], [ 396780.762375, 400054.660916000022553 ], [ 397692.888135000015609, 399986.799546000023838 ], [ 411689.229410999978427, 395772.009422999981325 ], [ 411784.466214000014588, 395727.21911 ], [ 411922.095387, 395661.258845 ], [ 412272.310122, 395473.63018799998099 ], [ 412994.274840000027325, 394969.856829 ], [ 413415.595562, 394144.698669 ], [ 413461.29889799997909, 394032.135267 ], [ 413473.946310999977868, 393988.854331 ], [ 413480.000459, 393957.210646 ], [ 413485.988283000013325, 393922.266515999974217 ], [ 415843.974134000018239, 370396.127480999974068 ], [ 415827.575556, 369915.704357 ], [ 399010.152597, 356658.663951999973506 ], [ 396574.373466000019107, 355100.790394000010565 ], [ 396185.657844999979716, 354901.523731000022963 ] ] ] } },
{ "type": "Feature", "properties": { "TERYT": "1018", "Nazwa": "powiat wieruszowski" }, "geometry": { "type": "Polygon", "coordinates": [ [ [ 452083.832291, 363244.21104700001888 ], [ 451951.356894999975339, 363246.90148900001077 ], [ 451521.126561000011861, 363365.401245000015479 ], [ 443163.812516, 365913.481223999988288 ], [ 442192.159579000028316, 366428.694119 ], [ 442109.011478999978863, 366476.571915999986231 ], [ 441809.393639000016265, 366673.230870999977924 ], [ 441806.026613999973051, 366676.235426000028383 ], [ 441677.554110999975819, 366820.672275000018999 ], [ 441676.268009, 366823.08846 ], [ 441530.559166, 367116.416349 ], [ 437527.188433, 378080.126278000010643 ], [ 437514.775581999972928, 378132.397571999987122 ], [ 437492.520614999986719, 378227.93257 ], [ 437483.205110999988392, 378268.057693 ], [ 437467.976456, 378333.974204000027385 ], [ 435569.181679999979679, 387437.040526000026148 ], [ 443594.275999, 397491.959786000021268 ], [ 445316.481179, 398934.447013999975752 ], [ 445469.247289000020828, 398908.736074000014924 ], [ 445505.422138999972958, 398902.645593 ], [ 445741.295726999989711, 398861.881367 ], [ 445847.102965000027325, 398839.915037999977358 ], [ 465350.654160999984015, 392301.732744999986608 ], [ 469470.130324999976438, 390873.269788999983575 ], [ 469543.898961000028066, 390337.441447000019252 ], [ 469563.315203999984078, 390189.87534999998752 ], [ 468508.923136, 386072.889548 ], [ 454560.024549999972805, 363617.570820999972057 ], [ 454526.122542000026442, 363582.329371 ], [ 454519.255933, 363580.114150999987032 ], [ 452083.832291, 363244.21104700001888 ] ] ] } },
{ "type": "Feature", "properties": { "TERYT": "0220", "Nazwa": "powiat trzebnicki" }, "geometry": { "type": "Polygon", "coordinates": [ [ [ 365680.494325999985449, 367981.192382999986876 ], [ 364777.513120000017807, 368242.4534289999865 ], [ 354847.366927, 372045.979141000017989 ], [ 354822.472597000014503, 372058.99377 ], [ 354808.894940999976825, 372070.604906000022311 ], [ 346586.175742, 379190.304585999983829 ], [ 345254.323687999974936, 388694.289532000024337 ], [ 344780.050548999977764, 395369.273372999974526 ], [ 344409.980174999975134, 402791.572465999983251 ], [ 344411.020679, 402815.800809999986086 ], [ 344622.889697999984492, 406678.87315200001467 ], [ 344625.576676000026055, 406689.732719000021461 ], [ 349227.313991, 414080.171489999978803 ], [ 349809.508776, 414386.273555999970995 ], [ 351155.987214000022504, 414797.571432999975514 ], [ 351326.75938, 414827.473913000023458 ], [ 353670.663890000025276, 414837.415791 ], [ 365668.354263000015635, 409462.841293999983463 ], [ 382717.284052999981213, 393484.113671 ], [ 384546.930674, 391336.385383000015281 ], [ 384543.242752, 391280.008118 ], [ 384496.739127999986522, 390897.282561000029091 ], [ 379037.972021, 381302.033193000010215 ], [ 379012.709894000028726, 381263.752056 ], [ 377945.063888999982737, 379652.545411999977659 ], [ 367091.698572999972384, 369233.950744999980088 ], [ 365711.730464000022039, 367991.284004000015557 ], [ 365680.494325999985449, 367981.192382999986876 ] ] ] } },
{ "type": "Feature", "properties": { "TERYT": "0222", "Nazwa": "powiat wołowski" }, "geometry": { "type": "Polygon", "coordinates": [ [ [ 325313.84161, 376244.154493 ], [ 325164.269367999979295, 376254.778352 ], [ 325073.17715300002601, 376276.162535000010394 ], [ 325018.288585999980569, 376289.057084999978542 ], [ 324297.005245, 376492.980571000021882 ], [ 324106.422842999978457, 376553.408246 ], [ 323918.776974999986123, 376622.424733 ], [ 323734.09108699997887, 376698.837009 ], [ 323643.617884, 376741.507916999980807 ], [ 323563.577037999988534, 376801.400750999979209 ], [ 323505.027488, 376882.464281999971718 ], [ 319875.487253999977838, 383829.40109 ], [ 319864.886153, 383881.171290999976918 ], [ 319872.625835000013467, 383951.756513 ], [ 321988.741212999972049, 398854.057561 ], [ 322917.382250000024214, 404181.096166 ], [ 322935.706224000023212, 404269.549601999984588 ], [ 323310.768213999981526, 405936.225118 ], [ 323357.313695000018924, 406078.807174000015948 ], [ 323396.404674, 406144.084416 ], [ 323491.87385799997719, 406252.087771 ], [ 323835.524786000023596, 406630.310772 ], [ 323925.688879999972414, 406712.974580999987666 ], [ 324267.60524, 406926.178901 ], [ 326850.511170000012498, 407678.797152000013739 ], [ 334231.838059999980032, 408400.116334000020288 ], [ 334825.556449999974575, 408389.171424 ], [ 335366.531067, 408310.269372 ], [ 336983.427584, 408002.156919999979436 ], [ 337025.857429000025149, 407985.551696999988053 ], [ 344597.037663, 404649.404194 ], [ 344654.877453, 404617.85397 ], [ 344803.934858000022359, 404485.069911000027787 ], [ 344976.925268, 404301.895293999987189 ], [ 346137.226355, 402854.351589999976568 ], [ 346766.176151999970898, 401705.674332000024151 ], [ 346979.651520000013988, 401151.228968999988865 ], [ 347558.73235, 385481.105367999989539 ], [ 347517.080998, 383067.307096 ], [ 347379.587122, 379698.389264 ], [ 347377.496792000019923, 379692.449334 ], [ 347345.769141, 379650.744793 ], [ 347325.492349, 379626.279877999972086 ], [ 346586.175742, 379190.304585999983829 ], [ 339220.133828, 377484.48283499997342 ], [ 339120.699922, 377471.630301999975927 ], [ 325513.413225000025705, 376252.964033 ], [ 325413.80639699997846, 376244.442579000024125 ], [ 325313.84161, 376244.154493 ] ] ] } },
{ "type": "Feature", "properties": { "TERYT": "3018", "Nazwa": "powiat ostrzeszowski" }, "geometry": { "type": "Polygon", "coordinates": [ [ [ 416629.909250999975484, 381390.71241600002395 ], [ 416597.125486999982968, 381391.892774 ], [ 413315.488233999989461, 383471.136294000025373 ], [ 410052.274642999982461, 388992.61816800001543 ], [ 409830.253157, 389697.055027000023983 ], [ 412634.362615, 402011.699421999976039 ], [ 412677.358339999977034, 402138.139601 ], [ 413110.499743999971543, 402914.528352 ], [ 413402.020533, 403383.482876 ], [ 413585.962171000021044, 403514.548083 ], [ 427131.637624000024516, 411911.903712 ], [ 430707.102802, 413345.503264 ], [ 452771.664118000015151, 409081.805889000010211 ], [ 455077.676117, 408197.67219800001476 ], [ 455524.686326999973971, 407952.63534699997399 ], [ 456997.790271, 405936.863007 ], [ 457026.046416, 405764.402055000013206 ], [ 457138.994454999978188, 401824.513326000014786 ], [ 457144.835215999977663, 401597.143143999972381 ], [ 457149.016232999972999, 401421.621900999976788 ], [ 457150.068136000016239, 401377.39097100001527 ], [ 457148.099671999982093, 401368.645062999974471 ], [ 457128.419860000023618, 401324.624506000021938 ], [ 454156.016903000010643, 396137.188272 ], [ 453810.637418999976944, 395647.870437 ], [ 453169.557989, 395017.424592999974266 ], [ 439201.603101000015158, 388246.633033 ], [ 418058.547591999988072, 381475.148258999979589 ], [ 417893.889376999984961, 381463.756483 ], [ 416918.807509, 381407.308663 ], [ 416629.909250999975484, 381390.71241600002395 ] ] ] } },
{ "type": "Feature", "properties": { "TERYT": "1014", "Nazwa": "powiat sieradzki" }, "geometry": { "type": "Polygon", "coordinates": [ [ [ 478074.23864, 387271.911954000010155 ], [ 453777.757236999983434, 391594.434575000021141 ], [ 453720.512789, 391628.608308000024408 ], [ 453338.491587999975309, 391913.945463999989443 ], [ 453204.356051, 392589.991320999979507 ], [ 453202.068836, 392705.123910999973305 ], [ 453201.971609, 392710.442864999989979 ], [ 453169.557989, 395017.424592999974266 ], [ 455022.817573999986053, 418025.577203999971971 ], [ 455421.107517, 421761.019834999984596 ], [ 455603.734110000019427, 423060.401208000024781 ], [ 455610.237648, 423090.13747900002636 ], [ 459272.851832000014838, 436310.358844999980647 ], [ 461369.693871999974363, 440055.409316 ], [ 463643.972102000028826, 442879.694047999975737 ], [ 466067.464186, 443221.632185 ], [ 472088.992061999975704, 442491.981344000028912 ], [ 472096.478167, 442489.372332 ], [ 477760.24242000002414, 439748.874006 ], [ 478341.329480000014883, 439453.636742 ], [ 488808.150994000025094, 429109.927061000023969 ], [ 488833.540656000026502, 429075.238988000026438 ], [ 488884.623858999984805, 429005.407606000022497 ], [ 488889.425746000022627, 428998.405754 ], [ 488906.934950000024401, 428972.860308 ], [ 488916.567106999980751, 428958.796496999973897 ], [ 491682.826823999988846, 414920.820099 ], [ 491683.490852000017185, 414912.405872999981511 ], [ 491564.538393000024371, 399953.831079000025056 ], [ 490820.666821, 398500.067700000014156 ], [ 483769.678839, 388758.97216 ], [ 480872.235838999971747, 387881.839351999980863 ], [ 478074.23864, 387271.911954000010155 ] ] ] } },
{ "type": "Feature", "properties": { "TERYT": "0213", "Nazwa": "powiat milicki" }, "geometry": { "type": "Polygon", "coordinates": [ [ [ 386066.694178999983706, 390250.997897 ], [ 385451.240628, 390290.838356999971438 ], [ 385388.533449999988079, 390304.638889 ], [ 376878.928835000027902, 393268.067026 ], [ 375926.589281999971718, 393769.993709 ], [ 372745.500095999974292, 395944.930684000020847 ], [ 372717.0759829999879, 395964.371771999984048 ], [ 370084.485567, 397780.434881999972276 ], [ 369503.845557000022382, 398338.209051000012551 ], [ 361514.755966000026092, 408940.797138999972958 ], [ 360621.083076999988407, 410296.650857999979053 ], [ 360634.925715000019409, 410874.838174999982584 ], [ 360699.698454, 411113.597917 ], [ 360719.436059000028763, 411185.562374999979511 ], [ 376730.920317000010982, 419790.536490999977104 ], [ 378583.15408100001514, 420673.296486 ], [ 379463.364540999988094, 421034.574505999975372 ], [ 379520.211543000012171, 421055.667992 ], [ 379627.320951999980025, 421074.693387 ], [ 379694.039039, 421084.456821000028867 ], [ 384109.565574, 421502.002199999988079 ], [ 384502.745115, 421481.795904 ], [ 391943.614544000010937, 419650.66832 ], [ 394115.080541, 418884.428534 ], [ 394183.561044999980368, 418858.741830000013579 ], [ 394218.685065000026952, 418842.566987 ], [ 396086.048633, 417673.072686999978032 ], [ 397628.374053, 416504.393338 ], [ 400002.615893999987748, 414078.481899 ], [ 401080.527005999989342, 412105.281227 ], [ 401245.983327, 410070.323864999983925 ], [ 401293.664047, 409084.69741999998223 ], [ 401293.709524, 409077.768976000021212 ], [ 401026.342435, 408004.206736999971326 ], [ 397650.72947199997725, 399569.798259 ], [ 386604.157469999976456, 390309.352026999986265 ], [ 386561.831157999986317, 390301.77318199997535 ], [ 386124.509444000024814, 390256.746632000023965 ], [ 386066.694178999983706, 390250.997897 ] ] ] } },
{ "type": "Feature", "properties": { "TERYT": "3017", "Nazwa": "powiat ostrowski" }, "geometry": { "type": "Polygon", "coordinates": [ [ [ 409807.708350999979302, 393340.265648 ], [ 400570.142627, 394138.393874 ], [ 400393.977778, 394178.801098999974784 ], [ 400298.914694999984931, 394201.30884299997706 ], [ 400107.799192, 394262.411761 ], [ 399487.158064000017475, 394760.545246 ], [ 399478.541649000020698, 394771.548557 ], [ 399467.037665000010747, 394786.258875 ], [ 398555.129790999984834, 395975.292128 ], [ 397264.253298000025097, 400564.974791000015102 ], [ 396770.622123999986798, 405378.578833999985363 ], [ 399588.528241999971215, 422993.163085 ], [ 406697.278310999972746, 438435.019938000012189 ], [ 406700.281773999973666, 438439.03686499997275 ], [ 406748.95584, 438490.39620700001251 ], [ 406886.247589999984484, 438629.582154 ], [ 406941.756563999981154, 438685.186346 ], [ 407053.118337999971118, 438795.171072 ], [ 407118.273435999988578, 438859.499189 ], [ 407203.17972999997437, 438942.077633999986574 ], [ 407229.752648999972735, 438967.861740999971516 ], [ 407283.033294999971986, 438995.06922 ], [ 407461.49482199997874, 439040.880421 ], [ 410193.731677, 439523.927702000015415 ], [ 410197.726206000021193, 439524.352265 ], [ 410308.138060999976005, 439536.02198199997656 ], [ 411252.804966999974567, 439619.76785 ], [ 412255.297315999981947, 439668.656264 ], [ 412341.889343000017107, 439658.471751999983098 ], [ 412553.596735000028275, 439617.693542999972124 ], [ 428818.954795999976341, 435884.123335000011139 ], [ 428859.082253, 435872.188252999971155 ], [ 428861.152941, 435871.570611 ], [ 428917.236163, 435853.299612 ], [ 430065.690867999976035, 435354.965569 ], [ 430163.402788, 435312.545028999971692 ], [ 430207.254873000027146, 435284.266827000014018 ], [ 430283.978003000025637, 435218.615077 ], [ 430362.087791999976616, 435135.992478 ], [ 439345.679730999981984, 425505.511414 ], [ 443681.958028999972157, 411953.688219 ], [ 443685.411132999986876, 411937.198889 ], [ 443687.239889000018593, 411926.988881000026595 ], [ 443688.125699000025634, 411921.589550999982748 ], [ 443744.6777, 410768.014312000013888 ], [ 443754.560719, 410489.286805999989156 ], [ 443754.452116, 410474.065873000014108 ], [ 443743.501635, 409531.161207999975886 ], [ 443726.789952000021003, 409466.830764000013005 ], [ 443714.192549000028521, 409433.689714999985881 ], [ 443701.158110000018496, 409399.974163 ], [ 443694.74993, 409388.197809999983292 ], [ 443688.223603, 409379.461598999972921 ], [ 442833.712224000017159, 408421.349034000013489 ], [ 442813.790347, 408402.960021 ], [ 442694.551393, 408321.200468999973964 ], [ 440209.228297, 406701.264963999972679 ], [ 413090.136570999980904, 394598.171201 ], [ 410686.054715999984182, 393553.434688 ], [ 409807.708350999979302, 393340.265648 ] ] ] } },
{ "type": "Feature", "properties": { "TERYT": "0204", "Nazwa": "powiat górowski" }, "geometry": { "type": "Polygon", "coordinates": [ [ [ 344816.516170000017155, 404452.876169 ], [ 343264.588547000021208, 404524.345403000013903 ], [ 336426.201711, 405255.456881000020076 ], [ 325010.947009, 406615.857161000021733 ], [ 324910.163853999983985, 406628.840443999972194 ], [ 324764.600367999984883, 406651.843545000010636 ], [ 324693.083376, 406664.427604000025894 ], [ 324644.835176999971736, 406682.542321000015363 ], [ 324439.248042, 406806.427216999989469 ], [ 324267.60524, 406926.178901 ], [ 311261.971926000027452, 425427.95331900002202 ], [ 311163.070324999978766, 427025.479761999973562 ], [ 311264.350268999987748, 427718.267584000015631 ], [ 311278.286061000020709, 427756.761268 ], [ 311283.611168999981601, 427764.218995 ], [ 319076.35668899997836, 436676.415081000013743 ], [ 319510.869713999971282, 437023.685191 ], [ 321838.673137, 438546.156909000012092 ], [ 324104.470888999989256, 438816.451757 ], [ 330394.402167, 437874.792974999989383 ], [ 330410.530879999976605, 437869.224011000012979 ], [ 330553.961759999976493, 437807.53379000001587 ], [ 336807.226388000010047, 434055.22505100001581 ], [ 337347.698291999986395, 433726.44320500001777 ], [ 337412.808746, 433682.004305 ], [ 337670.213138, 433480.406527000013739 ], [ 346674.866479000018444, 421718.154217 ], [ 349578.871114999987185, 413924.052794000017457 ], [ 348836.089618000027258, 407423.570819000015035 ], [ 348830.802762, 407410.507162 ], [ 345506.706409999984317, 404808.480636 ], [ 345174.403254, 404595.471716 ], [ 345127.167239999980666, 404565.377185 ], [ 344816.516170000017155, 404452.876169 ] ] ] } },
{ "type": "Feature", "properties": { "TERYT": "3007", "Nazwa": "powiat kaliski" }, "geometry": { "type": "Polygon", "coordinates": [ [ [ 444834.398800999973901, 407671.991182999976445 ], [ 444471.74089900002582, 407952.301243000023533 ], [ 444080.44997900002636, 408256.942113000026438 ], [ 442953.755293000023812, 409135.925628 ], [ 437254.101839, 415815.272967999975663 ], [ 437236.233667999971658, 415854.968004999973346 ], [ 436114.777261000010185, 418811.558299000025727 ], [ 426854.363833000010345, 450454.393762999970932 ], [ 426741.361814, 452741.057764999975916 ], [ 426740.716935999982525, 452766.85514499997953 ], [ 427738.3738289999892, 459841.949489000020549 ], [ 447893.90923400002066, 464640.727893 ], [ 447960.066352, 464641.203998000011779 ], [ 448322.119629999971949, 464629.371794999984559 ], [ 448852.496743, 464547.147936999972444 ], [ 448957.950825, 464513.986355 ], [ 448962.379499999980908, 464511.764787000021897 ], [ 450116.008067000017036, 463119.290694999974221 ], [ 463825.557222999981605, 444944.458288999972865 ], [ 464308.291359999973793, 443463.850220999971498 ], [ 464308.833220999978948, 443457.845458000025246 ], [ 463615.366618999978527, 439415.096516 ], [ 456596.216398000018671, 409230.224773 ], [ 456282.016125000023749, 408769.379379 ], [ 455524.686326999973971, 407952.63534699997399 ], [ 444834.398800999973901, 407671.991182999976445 ] ] ] } },
{ "type": "Feature", "properties": { "TERYT": "3022", "Nazwa": "powiat rawicki" }, "geometry": { "type": "Polygon", "coordinates": [ [ [ 359405.469405999989249, 410513.87974 ], [ 358803.297665000020061, 410636.563093999982812 ], [ 358750.610089999972843, 410654.426951 ], [ 349552.79552500002319, 413976.931041 ], [ 337063.535013000015169, 424199.268083999981172 ], [ 337046.913939, 424215.611597999988589 ], [ 337018.116338, 424268.418712000013329 ], [ 336782.972897000028752, 424814.641101000015624 ], [ 336774.653864, 424853.902957000012975 ], [ 336763.262484, 425026.524915000016335 ], [ 336763.819827999977861, 425440.178660999983549 ], [ 336800.168705000018235, 426130.505614000023343 ], [ 336857.008549000020139, 426285.059315000020433 ], [ 337043.432733000023291, 426746.39130199997453 ], [ 338296.664973, 428185.465027 ], [ 341269.751387000025716, 430727.971915 ], [ 343859.692275999987032, 432823.193870000017341 ], [ 344072.814775999984704, 432897.656606999982614 ], [ 348227.1065139999846, 433383.249614999978803 ], [ 348291.865265999978874, 433390.550127000024077 ], [ 348343.587621000013314, 433396.328237999987323 ], [ 348381.169688, 433398.122198999975808 ], [ 348395.675246, 433395.963922999973875 ], [ 367374.090137000021059, 429890.281208999978844 ], [ 376274.353086000017356, 425474.738617 ], [ 377198.759369999985211, 424954.870178000011947 ], [ 377250.437931000022218, 424913.148286000010557 ], [ 377815.527847, 424260.943786000018008 ], [ 377819.34031599998707, 424254.6634990000166 ], [ 379658.743961, 420786.634146000025794 ], [ 379663.587253, 420768.035008999984711 ], [ 379660.926837, 420760.594531 ], [ 376318.549660000018775, 413437.465411000011954 ], [ 375870.818536999984644, 412830.0409009999712 ], [ 375749.801756999979261, 412703.393366999982391 ], [ 375736.58106, 412694.208126000012271 ], [ 375716.401757000014186, 412687.126830999972299 ], [ 375657.977606999978889, 412670.58248400001321 ], [ 365506.73631, 410576.76128500001505 ], [ 365505.042976, 410576.4935660000192 ], [ 365412.128792, 410566.38866 ], [ 365122.34656500001438, 410537.422306000022218 ], [ 365088.883739000011701, 410536.330257 ], [ 359405.469405999989249, 410513.87974 ] ] ] } },
{ "type": "Feature", "properties": { "TERYT": "3012", "Nazwa": "powiat krotoszyński" }, "geometry": { "type": "Polygon", "coordinates": [ [ [ 400240.011295999982394, 413852.277971 ], [ 378247.132350000028964, 420952.992141 ], [ 371371.117656000016723, 426859.153746000025421 ], [ 370688.096660999988671, 427838.082807999977376 ], [ 370656.345533000014257, 427930.543848 ], [ 370630.546772999980021, 428017.506172000023071 ], [ 370645.298144, 429026.901801 ], [ 370650.444940000015777, 429209.194553999986965 ], [ 370651.464845, 429220.175890000013169 ], [ 370687.783089999982622, 429333.356312000018079 ], [ 374274.109307, 437214.049846999987494 ], [ 374318.434470999985933, 437308.155375999980606 ], [ 374552.577870999986771, 437716.339627999986988 ], [ 384347.401782999979332, 447299.460249 ], [ 385572.20855500001926, 447908.491875 ], [ 392781.368471, 448957.353588 ], [ 397593.511097999988124, 449365.149175000027753 ], [ 397679.392205999989528, 449348.906106 ], [ 397795.442229999986012, 449326.950085000018589 ], [ 411247.867677, 432923.534579999977723 ], [ 411286.408027000026777, 432380.852847 ], [ 401245.894528999982867, 414245.86933900002623 ], [ 401211.069379, 414209.351265 ], [ 400240.011295999982394, 413852.277971 ] ] ] } },
{ "type": "Feature", "properties": { "TERYT": "3061", "Nazwa": "powiat Kalisz" }, "geometry": { "type": "Polygon", "coordinates": [ [ [ 435871.86371, 426447.463436 ], [ 435862.696001, 426448.75865099998191 ], [ 435847.672295, 426450.913493999978527 ], [ 435306.673633, 426534.208655000024009 ], [ 435302.084924999973737, 426535.16495 ], [ 435299.287864000012632, 426535.749052 ], [ 431859.325147999974433, 427747.041426000010688 ], [ 431107.185039, 428173.43986500002211 ], [ 431067.882911, 428197.467266 ], [ 430793.972542, 428384.254314000019804 ], [ 430632.948691, 430997.672031999973115 ], [ 430686.564125999982934, 431255.835822 ], [ 431672.654074000020046, 433058.166236000019126 ], [ 433933.314186999981757, 435208.998811000026762 ], [ 433965.483499000023585, 435223.452712 ], [ 437669.59596300002886, 436774.826007 ], [ 441502.2549, 432884.583142000017688 ], [ 441827.683341, 431706.89503999997396 ], [ 441822.772990000026766, 431680.415732000023127 ], [ 441806.554161, 431593.150302 ], [ 441633.261700999981258, 431092.382259999983944 ], [ 441267.258419000019785, 430063.243824 ], [ 439326.791206000023521, 427542.122507 ], [ 439145.765063999977428, 427342.660653 ], [ 435920.047551000025123, 426456.708705 ], [ 435904.181084999989253, 426452.788195999979507 ], [ 435902.371079, 426452.488689000019804 ], [ 435889.675073000020348, 426450.388290999981109 ], [ 435871.86371, 426447.463436 ] ] ] } },
{ "type": "Feature", "properties": { "TERYT": "3004", "Nazwa": "powiat gostyński" }, "geometry": { "type": "Polygon", "coordinates": [ [ [ 361452.976245999976527, 427189.352069000015035 ], [ 354335.797390000021551, 427321.600343000027351 ], [ 354262.694347999989986, 427341.464994999987539 ], [ 354237.893915000022389, 427349.562774 ], [ 343216.54353899997659, 432108.904885000025388 ], [ 343589.918461000022944, 435836.081459 ], [ 343656.655234, 436433.623346999986097 ], [ 343706.704801000014413, 436834.107514999981504 ], [ 343946.507923000026494, 437925.054614999971818 ], [ 344036.526267, 438214.874871 ], [ 344082.621721, 438340.942335999978241 ], [ 344084.319143, 438345.18705399997998 ], [ 344135.396478999988176, 438435.837028999987524 ], [ 353017.787064999982249, 453581.597044 ], [ 363008.889534000016283, 458987.49289 ], [ 363099.854074999981094, 458981.075346999976318 ], [ 363174.568519000022206, 458975.803587 ], [ 377928.374231999972835, 457345.436677000019699 ], [ 378317.699295, 457182.429806999978609 ], [ 381098.413384000014048, 455525.612722 ], [ 384041.363392000028398, 450889.278792000026442 ], [ 385567.196328, 447895.785446 ], [ 385698.498360999976285, 442277.135584999981802 ], [ 384803.282814999984112, 435884.856265 ], [ 384268.976164, 434097.056662000017241 ], [ 383801.012155, 433500.178976 ], [ 383777.73060800001258, 433486.983813999977428 ], [ 374021.524268999986816, 429161.119169000012334 ], [ 369952.029522, 427530.334757999982685 ], [ 361452.976245999976527, 427189.352069000015035 ] ] ] } },
{ "type": "Feature", "properties": { "TERYT": "3013", "Nazwa": "powiat leszczyński" }, "geometry": { "type": "Polygon", "coordinates": [ [ [ 339917.690003000025172, 429035.73627499997383 ], [ 339911.799354000017047, 429037.036176999972668 ], [ 320294.606697999988683, 438779.673351 ], [ 300544.34454999997979, 451357.11312 ], [ 300446.416288, 451446.407379999989644 ], [ 300424.205804000026546, 451477.225305999978445 ], [ 300408.868910000019241, 451717.925346 ], [ 300496.817266999976709, 452416.607514999981504 ], [ 300545.17018299998017, 452511.893214999989141 ], [ 302497.731444999983069, 455860.098227999988012 ], [ 316900.058501, 461219.227548 ], [ 320576.761108, 462000.823787999979686 ], [ 320594.815955, 462000.963425000023562 ], [ 320612.030082000012044, 461997.9978579999879 ], [ 337133.249148999981117, 459061.650780999974813 ], [ 342133.042151, 458119.146966999978758 ], [ 346631.808663, 457250.859945999982301 ], [ 349263.083943, 455990.347062000015285 ], [ 352912.128260000026785, 453367.477742000017315 ], [ 352984.226649000018369, 453310.186416000011377 ], [ 355471.958848999987822, 448288.122565999976359 ], [ 355494.213743, 448217.71132599998964 ], [ 355503.288328, 448186.987146999977995 ], [ 355761.013006999972276, 446887.332036999985576 ], [ 355756.257365000026766, 446872.241613 ], [ 352679.57373, 440714.142610999988392 ], [ 351741.952487999980804, 439111.643898 ], [ 351412.56904700002633, 438725.185316000017338 ], [ 342784.649316, 431130.741271 ], [ 342300.471490999974776, 430730.868605000025127 ], [ 342276.060508999973536, 430711.989952999982052 ], [ 340090.71317, 429096.855034 ], [ 340015.031636999978218, 429047.617523 ], [ 339917.690003000025172, 429035.73627499997383 ] ], [ [ 330830.013539275503717, 446147.835114481858909 ], [ 330700.803365246101748, 445450.100174723134842 ], [ 331295.170165781397372, 444984.943548217241187 ], [ 331321.012200587254483, 444338.892678070289548 ], [ 330674.961330440244637, 443770.367912340909243 ], [ 331217.644061363709625, 441987.267510735138785 ], [ 331165.959991751995403, 441392.900710199901368 ], [ 331941.221035928349011, 441056.95425772346789 ], [ 332690.640045298903715, 441935.583441123424564 ], [ 333388.37498505768599, 441909.741406317509245 ], [ 333517.585159087087959, 441522.110884229303338 ], [ 334422.056377292901743, 441780.531232288107276 ], [ 335404.053699916345067, 444287.208608458517119 ], [ 335688.316082781006116, 446302.887323317176197 ], [ 336353.748479032481555, 446435.327751697332133 ], [ 336050.104570063354913, 447271.963628537778277 ], [ 335714.158117586921435, 447762.962289849529043 ], [ 334803.226390679657925, 447213.819050224497914 ], [ 332845.692254134221002, 447743.580763745121658 ], [ 331928.300018525449559, 447446.39736347750295 ], [ 332122.115279569581617, 446942.477684762852732 ], [ 331579.432548646058422, 445960.480362139409408 ], [ 330830.013539275503717, 446147.835114481858909 ] ] ] } },
{ "type": "Feature", "properties": { "TERYT": "3020", "Nazwa": "powiat pleszewski" }, "geometry": { "type": "Polygon", "coordinates": [ [ [ 431663.756561000016518, 433050.508577 ], [ 405820.975189000018872, 437028.029241000011098 ], [ 405536.134024000028148, 437083.214196000015363 ], [ 404932.184317999985069, 437202.880389 ], [ 404883.628185999987181, 437212.572955999989063 ], [ 404636.281877, 437261.996216 ], [ 404525.426794000028167, 437285.147779 ], [ 398779.642401000019163, 442382.894203 ], [ 398291.563894000020809, 443179.484822999977041 ], [ 398164.620414, 443401.83580499998061 ], [ 397934.1278610000154, 446261.035545 ], [ 397796.073679999972228, 449070.197652 ], [ 397795.442229999986012, 449326.950085000018589 ], [ 411361.944498000026215, 468094.170219000021461 ], [ 412216.473271000024397, 468527.759899 ], [ 414423.281782999983989, 469269.601557000016328 ], [ 419420.064735000021756, 469759.759910999971908 ], [ 426864.716847, 469958.826305 ], [ 427033.535169999988284, 469946.246393 ], [ 429252.145242, 468234.146645999979228 ], [ 429695.706593999988399, 467028.890453000029083 ], [ 429781.095813, 466588.829865999985486 ], [ 429824.949482000025455, 466361.152952999982517 ], [ 430056.238861, 465145.397218000027351 ], [ 434005.928397000010591, 435869.51031400001375 ], [ 433965.483499000023585, 435223.452712 ], [ 433861.904013000021223, 434094.411394 ], [ 433527.291953, 433742.600711999984924 ], [ 433445.851404000015464, 433672.063980999984778 ], [ 433428.813100000028498, 433657.307278 ], [ 433412.585115000023507, 433646.852337000018451 ], [ 433390.949873999983538, 433632.923835000023246 ], [ 433363.009473000012804, 433621.131730999972206 ], [ 432011.091454999987036, 433091.838283 ], [ 431663.756561000016518, 433050.508577 ] ] ] } },
{ "type": "Feature", "properties": { "TERYT": "3027", "Nazwa": "powiat turecki" }, "geometry": { "type": "Polygon", "coordinates": [ [ [ 478259.331182, 439429.906681999971624 ], [ 466628.856619000027422, 440984.383799 ], [ 463643.972102000028826, 442879.694047999975737 ], [ 455279.357622999988962, 449086.670394000015222 ], [ 451994.732435000012629, 453455.580732 ], [ 448617.769259999971837, 460423.183249 ], [ 447098.225302, 463924.65378 ], [ 446586.636769999982789, 467169.77720800001407 ], [ 446560.010101999971084, 467341.682997 ], [ 446488.899003, 467800.831567000015639 ], [ 446440.079939000017475, 468116.071907999983523 ], [ 446438.265171999984886, 468127.809817 ], [ 446582.40019100002246, 469586.586663 ], [ 446699.445989999978337, 469898.147292 ], [ 446707.218533999985084, 469905.738051 ], [ 446708.890131000021938, 469907.364736000017729 ], [ 447121.361786999972537, 470299.998534000013024 ], [ 447127.930879, 470305.955834999971557 ], [ 451190.567434000025969, 473498.720810999977402 ], [ 460578.024226, 478420.5418 ], [ 463401.083617000025697, 478435.253160999971442 ], [ 477068.326183, 474467.75212299998384 ], [ 477112.970387, 474453.833670000021812 ], [ 477210.278271000017412, 474423.488285000028554 ], [ 477217.334278, 474421.283225000021048 ], [ 478519.503567999985535, 473620.799872 ], [ 480443.761903, 467863.841032999975141 ], [ 480463.149939999973867, 467803.827768000017386 ], [ 480829.290411999973003, 466432.329016999981832 ], [ 484048.711697000020649, 451311.740024 ], [ 484011.721746, 451193.906525 ], [ 478542.296702000021469, 439617.173994000011589 ], [ 478492.627587999973912, 439573.174904000014067 ], [ 478341.329480000014883, 439453.636742 ], [ 478259.331182, 439429.906681999971624 ] ] ] } },
{ "type": "Feature", "properties": { "TERYT": "3063", "Nazwa": "powiat Leszno" }, "geometry": { "type": "Polygon", "coordinates": [ [ [ 331124.158825, 440647.363288 ], [ 331115.674589, 440651.238726000010502 ], [ 330677.912247999978717, 441513.339067000022624 ], [ 329813.276819000020623, 443405.013631 ], [ 329809.151215000019874, 443424.174110999971163 ], [ 329718.996131, 443896.570994 ], [ 330283.927344000025187, 446461.393212999973912 ], [ 330285.659960000019055, 446468.197702999983449 ], [ 330330.261591000016779, 446622.888509000011254 ], [ 330331.321468, 446626.512952000019141 ], [ 330428.30370699998457, 446798.408470000023954 ], [ 330444.219911, 446815.204418 ], [ 331809.593516000022646, 447685.382510999974329 ], [ 332096.009834999975283, 447846.408830999978818 ], [ 332673.365975999971852, 448008.805952000024263 ], [ 335903.406284999975469, 448820.361290999979246 ], [ 336318.521488, 447680.281215999973938 ], [ 336440.089671000023372, 446958.714041 ], [ 336462.177856000023894, 446645.328983000013977 ], [ 336462.244948, 446602.220416 ], [ 336459.32466599997133, 446556.265815 ], [ 336449.93744, 446484.896152 ], [ 335913.790706, 444382.953012000012677 ], [ 334785.275780999974813, 441646.134526 ], [ 333664.460616, 440979.0075 ], [ 332372.805011000018567, 440662.226311 ], [ 331124.158825, 440647.363288 ] ] ] } },
{ "type": "Feature", "properties": { "TERYT": "3006", "Nazwa": "powiat jarociński" }, "geometry": { "type": "Polygon", "coordinates": [ [ [ 389703.781520000018645, 446446.040836 ], [ 387896.671366000024136, 446498.430416000017431 ], [ 385250.104711, 447862.647111999976914 ], [ 385218.004460000025574, 447884.065447999979369 ], [ 383557.341071999981068, 449166.050082999980077 ], [ 375609.970650999981444, 457226.975849999987986 ], [ 375602.274811999988742, 457240.581424999982119 ], [ 375599.987035, 457244.626591 ], [ 375475.867130999977235, 457699.202956 ], [ 375460.17543, 457776.409921000013128 ], [ 375460.412314000015613, 457786.402692999981809 ], [ 376506.680787, 458893.610938999976497 ], [ 399328.242221000022255, 475871.441425000026356 ], [ 400660.290854000020772, 476374.424463999981526 ], [ 400731.732726000016555, 476382.546128000016324 ], [ 407785.553318, 476362.77382 ], [ 407835.101359999971464, 476347.898207 ], [ 408555.818452999985311, 475893.289126000017859 ], [ 408577.222929999988992, 475877.555044999986421 ], [ 408616.780321999976877, 475844.222858000022825 ], [ 408670.736395000014454, 475792.328940999985207 ], [ 408718.223626, 475742.46537 ], [ 408751.384269999980461, 475695.092264999984764 ], [ 408811.468287999974564, 475580.53145399998175 ], [ 408839.173656, 475517.311097999976482 ], [ 412488.877021000022069, 465165.314187999989372 ], [ 411923.954937, 453696.608982999983709 ], [ 411896.992521999985911, 453541.461370999983046 ], [ 410147.510673000011593, 447300.616118 ], [ 408230.955673000018578, 446987.673889999976382 ], [ 407926.416527999972459, 446969.362658999976702 ], [ 389703.781520000018645, 446446.040836 ] ] ] } },
{ "type": "Feature", "properties": { "TERYT": "3011", "Nazwa": "powiat kościański" }, "geometry": { "type": "Polygon", "coordinates": [ [ [ 356235.963803, 452129.50256699998863 ], [ 328037.219079, 455696.974088000017218 ], [ 324597.614177000010386, 456521.799455999978818 ], [ 324525.343553000013344, 456561.575889000028837 ], [ 324447.094529, 456605.016055000014603 ], [ 324329.328317, 456670.586475000018254 ], [ 324087.153967000020202, 456806.178229000011925 ], [ 324033.687874, 456849.680789 ], [ 323257.80737, 457711.455576999986079 ], [ 323238.947572999983095, 457732.908514 ], [ 323187.728035999985877, 457796.53501699998742 ], [ 323178.347946, 457813.059198 ], [ 323172.713051000027917, 457823.473976999986917 ], [ 322856.05569, 458595.497817000024952 ], [ 322921.003299999982119, 459065.468938999983948 ], [ 325237.694364, 468306.345632000011392 ], [ 325731.608599000028335, 469974.463678999978583 ], [ 326377.725554, 471383.437640000018291 ], [ 326402.635141999984626, 471432.570449 ], [ 326420.096623, 471454.598055 ], [ 326430.213622000010218, 471466.440058999985922 ], [ 337612.674202999973204, 482994.482764000014868 ], [ 340314.16708500002278, 485129.99658500001533 ], [ 340335.600875, 485142.441295000026003 ], [ 340816.303633, 485405.240969999984372 ], [ 340822.746624000021257, 485406.149953000014648 ], [ 340871.31820500001777, 485413.001155 ], [ 345743.858276000013575, 485669.864834 ], [ 348325.798083, 484347.041332 ], [ 348430.244102000026032, 484193.716781000024639 ], [ 354098.515783999988344, 474735.492066 ], [ 357855.358501999988221, 468439.189628999971319 ], [ 362331.278019000019412, 460547.450368000019807 ], [ 362932.987153000023682, 459456.630263999977615 ], [ 363115.890899, 458796.82872699998552 ], [ 363305.131027000024915, 457304.196065000025555 ], [ 356235.963803, 452129.50256699998863 ] ] ] } },
{ "type": "Feature", "properties": { "TERYT": "3026", "Nazwa": "powiat śremski" }, "geometry": { "type": "Polygon", "coordinates": [ [ [ 370731.37809000001289, 452616.280750999983866 ], [ 368874.028684000018984, 453001.864349999988917 ], [ 368862.467355999979191, 453005.024417 ], [ 366111.346455, 453889.62318 ], [ 365249.018626999983098, 454512.489628000010271 ], [ 365079.220051000011154, 454641.936735 ], [ 355486.562495000020135, 463374.01178 ], [ 355154.754037, 463782.95045 ], [ 348830.058703000016976, 477263.502424 ], [ 348880.443978999974206, 477720.470573000027798 ], [ 349669.168760999978986, 481233.346941000025254 ], [ 350810.550335999985691, 481956.655443999974523 ], [ 355694.413169, 483269.532568999973591 ], [ 356117.922678, 483361.307296000013594 ], [ 356134.424416000023484, 483364.193806 ], [ 356212.845397000026423, 483375.586665 ], [ 356328.058337000024039, 483390.637621 ], [ 356399.018025, 483396.157943999976851 ], [ 356527.02280699997209, 483395.823581999982707 ], [ 356882.108599000028335, 483393.297518 ], [ 370020.271592999983113, 481459.561412999988534 ], [ 370033.260354000027291, 481454.694899 ], [ 370045.039895, 481450.236135000013746 ], [ 384842.416052000015043, 471728.433692 ], [ 385053.718417999974918, 471516.485608000017237 ], [ 385215.488549, 471096.850694000022486 ], [ 385211.431499, 461614.273525999975391 ], [ 385048.588425000023562, 460247.490062 ], [ 384996.163084, 459836.645296 ], [ 384913.347544000018388, 459205.870137 ], [ 370820.713742, 452639.248146999976598 ], [ 370731.37809000001289, 452616.280750999983866 ] ] ] } },
{ "type": "Feature", "properties": { "TERYT": "3010", "Nazwa": "powiat koniński" }, "geometry": { "type": "Polygon", "coordinates": [ [ [ 438467.63048599998001, 456986.398636 ], [ 438036.735455000016373, 457042.888615 ], [ 437753.963755999982823, 457080.10087600001134 ], [ 436965.77470299997367, 457199.426122999982908 ], [ 435487.310546000022441, 457464.599043999973219 ], [ 427646.570342, 459849.498680000018794 ], [ 427482.183552999980748, 459912.481612999981735 ], [ 427358.660241, 459971.994581 ], [ 427344.6347, 459979.843346 ], [ 427033.535169999988284, 469946.246393 ], [ 433835.064749000011943, 509809.613099 ], [ 433836.626805, 509817.067838000017218 ], [ 433850.322698, 509843.246626999985892 ], [ 433989.306148, 510002.806363000010606 ], [ 434525.085957999981474, 510552.7267 ], [ 441165.40620799997123, 515907.557684 ], [ 456095.863826000015251, 519925.670733999984805 ], [ 457767.902756, 519254.466529999976046 ], [ 467803.751113999984227, 514951.352656 ], [ 468256.68204699998023, 514676.483302999986336 ], [ 476229.914985999988858, 509436.25104 ], [ 476233.433513000025414, 509433.423974999983329 ], [ 476704.805721000011545, 506759.946342999988701 ], [ 476723.288427, 506595.400188 ], [ 476728.83794, 506465.554111999983434 ], [ 474770.396956000011414, 497083.271477999980561 ], [ 463401.083617000025697, 478435.253160999971442 ], [ 462832.780188, 477797.885897999978624 ], [ 442910.385995000018738, 458093.227453000028618 ], [ 442658.836587, 457885.920584 ], [ 442655.029724000021815, 457884.52312999998685 ], [ 438546.730216, 456989.85825 ], [ 438475.681491, 456986.747573999979068 ], [ 438467.63048599998001, 456986.398636 ] ], [ [ 445893.549611887545325, 486972.381487244274467 ], [ 445409.925452041148674, 485720.648367641784716 ], [ 445438.373932032089215, 484611.157647994172294 ], [ 447515.112971372553147, 484383.569808066473342 ], [ 447685.803851318312809, 483729.254768274258822 ], [ 446917.694891562277917, 481311.133969042217359 ], [ 447287.525131444795989, 480969.752209150639828 ], [ 448197.876491155708209, 481396.479409015155397 ], [ 450388.409450459992513, 480543.025009286182467 ], [ 450985.827530270267744, 481424.927889006095938 ], [ 450701.342730360629503, 482363.7277287079487 ], [ 451526.348650098603684, 485037.884847858629655 ], [ 451825.057690003712196, 485123.230287831625901 ], [ 453347.051369520311709, 484582.709168003173545 ], [ 453119.463529592612758, 486175.824047497240826 ], [ 452009.972809945000336, 485521.509007705026306 ], [ 450502.203370423871092, 485976.684687560482416 ], [ 450502.203370423871092, 487370.66020711773308 ], [ 451412.554730134725105, 487939.629806937067769 ], [ 451668.591050053422805, 489845.677966331713833 ], [ 452266.009129863698035, 489703.435566376894712 ], [ 452152.215209899819456, 494625.022604813799262 ], [ 448027.18561120989034, 495478.477004542713985 ], [ 447941.840171237010509, 492377.592685527575668 ], [ 446747.004011616460048, 492320.695725545636378 ], [ 447572.009931354434229, 491865.520045690180268 ], [ 449250.470250821381342, 489589.641646413016133 ], [ 449165.124810848501511, 487712.041967009310611 ], [ 447088.385771508037578, 486602.551247361698188 ], [ 445893.549611887545325, 486972.381487244274467 ] ] ] } },
{ "type": "Feature", "properties": { "TERYT": "3025", "Nazwa": "powiat średzki" }, "geometry": { "type": "Polygon", "coordinates": [ [ [ 385177.280917000025511, 461812.165327000024263 ], [ 385085.389819999982137, 461853.953716000018176 ], [ 384660.882801000028849, 462071.673361999972258 ], [ 384312.22667200001888, 462278.339266999973916 ], [ 384284.953441000019666, 462297.435531000024639 ], [ 384237.183384999982081, 462336.070519 ], [ 372512.026093000022229, 472073.944229000015184 ], [ 369542.799276, 478716.450342 ], [ 369476.886061, 478893.756153 ], [ 369473.586697000020649, 478907.296978999977 ], [ 369474.516509999986738, 478930.041771000018343 ], [ 369495.739720000012312, 479054.094693000020925 ], [ 371095.507752, 488008.205563 ], [ 380096.848401000024751, 495447.232689000025857 ], [ 382608.972146000014618, 497473.226728999987245 ], [ 386147.316639000026044, 499381.852878 ], [ 386470.062314999988303, 499503.796933999983594 ], [ 389112.745314, 498923.085502 ], [ 390806.208686999976635, 498412.555447000020649 ], [ 391198.417645999987144, 498246.700268000015058 ], [ 391261.558192000025883, 498175.525297000014689 ], [ 391310.539785999979358, 498115.58259 ], [ 391743.398449999978766, 497567.539876000024378 ], [ 396706.279112000018358, 490654.6199 ], [ 396842.473147000011522, 490379.502614 ], [ 396849.306327999976929, 490350.260178000025917 ], [ 396865.436624000023585, 490216.073062999988906 ], [ 398834.873849999974482, 470674.581285999971442 ], [ 396649.596321000019088, 465997.584425 ], [ 394576.153304999985266, 464225.550622 ], [ 391496.815444, 462009.508344999980181 ], [ 385177.280917000025511, 461812.165327000024263 ] ] ] } },
{ "type": "Feature", "properties": { "TERYT": "3030", "Nazwa": "powiat wrzesiński" }, "geometry": { "type": "Polygon", "coordinates": [ [ [ 410699.185945999983232, 467120.723508000024594 ], [ 394958.989361000014469, 472872.79139899997972 ], [ 394941.675240000011399, 472879.227361999975983 ], [ 394758.416394, 472987.78905299998587 ], [ 394527.843086, 473149.050402000022586 ], [ 394386.076593999983743, 473393.965036 ], [ 394365.678347999986727, 473434.839358999975957 ], [ 394348.365398, 473477.620322 ], [ 394339.3605460000108, 473500.235148 ], [ 392752.178213, 478460.49070899997605 ], [ 392624.647164999973029, 478922.1631 ], [ 392378.176996, 480100.934621999971569 ], [ 388229.618618, 501412.427581000025384 ], [ 387566.312664999975823, 505435.943576 ], [ 388781.349327999982052, 506786.864241999981459 ], [ 389021.68864, 506919.4718630000134 ], [ 389124.308949999976903, 506964.237703000020701 ], [ 389167.986065, 506983.284999000024982 ], [ 389296.798878, 507034.879135 ], [ 389566.963243999984115, 507090.099173000024166 ], [ 389984.761684999975841, 507105.530082000012044 ], [ 397876.842119999986608, 506312.84998 ], [ 401709.293218999984674, 505815.593057000020053 ], [ 409608.819406000024173, 503468.715454 ], [ 411148.439689000020735, 502722.681327000027522 ], [ 411432.741671999974642, 502556.17128 ], [ 411556.110593000019435, 502314.180705 ], [ 411628.571088000026066, 502153.118402 ], [ 420193.630698000022676, 481311.113630999985617 ], [ 420198.883767, 481280.32562900002813 ], [ 420279.630423000024166, 480571.681326000019908 ], [ 420281.853089999989606, 480545.132724999974016 ], [ 420282.006879, 480543.261896000010893 ], [ 419420.064735000021756, 469759.759910999971908 ], [ 418489.855521, 469414.450989999982994 ], [ 418474.423919999971986, 469408.766113 ], [ 415940.89184, 468514.148723000020254 ], [ 411349.451692999980878, 467279.708102 ], [ 410998.116385, 467193.385626 ], [ 410974.015285999979824, 467187.469324 ], [ 410771.405788999982178, 467138.262372999975923 ], [ 410699.185945999983232, 467120.723508000024594 ] ] ] } },
{ "type": "Feature", "properties": { "TERYT": "3023", "Nazwa": "powiat słupecki" }, "geometry": { "type": "Polygon", "coordinates": [ [ [ 421387.904718999983743, 468090.255461000022478 ], [ 420767.57319299998926, 468349.212338000012096 ], [ 419955.139997, 468691.769665999978315 ], [ 419848.957838999980595, 468740.420487000024877 ], [ 419799.256142000027467, 468769.132800000021234 ], [ 417225.222958999976981, 470966.93067199998768 ], [ 415853.23265000001993, 472161.22557 ], [ 415848.486380000016652, 472167.85775000002468 ], [ 415842.817739000020083, 472175.782309999980498 ], [ 415663.724684000015259, 472479.575502 ], [ 415654.91219, 472497.979162 ], [ 415630.441599000012502, 472576.981870000017807 ], [ 415610.201714999973774, 472642.341028 ], [ 415576.646400999976322, 472758.45255599997472 ], [ 410250.133907000010367, 493426.857499999983702 ], [ 410250.3703, 493438.919920000014827 ], [ 411125.785939000023063, 500434.122932999976911 ], [ 411182.606802999973297, 500626.863247999979649 ], [ 411574.408385000017006, 501858.386693999986164 ], [ 426104.872930000012275, 517315.390969 ], [ 426139.68903, 517346.563344999973197 ], [ 426426.463937999971677, 517575.823750999988988 ], [ 430874.677189, 521000.674009 ], [ 431277.656942999979947, 521290.531469999987166 ], [ 431290.894879999978002, 521298.754588000010699 ], [ 431352.995578999980353, 521325.440064000023995 ], [ 432395.989582, 521486.604020000027958 ], [ 433764.790840999979991, 521476.360639000020456 ], [ 438682.773869000026025, 521201.656550000014249 ], [ 438754.618552999978419, 521098.489826 ], [ 438953.177040999988094, 520812.415075000026263 ], [ 439178.099246, 520487.173136 ], [ 439287.787888000020757, 520326.390728999977 ], [ 439350.780627999978606, 520231.442900999973062 ], [ 441204.172505999973509, 515868.970033 ], [ 441211.177092999976594, 515806.743044 ], [ 441211.814521000022069, 515758.228232999972533 ], [ 441209.939461999980267, 515721.690982999978587 ], [ 441206.951415000017732, 515700.083852000010666 ], [ 433802.488920999981929, 472855.968807999975979 ], [ 433782.824106000014581, 472812.881005999981426 ], [ 433774.061437, 472800.057721 ], [ 433761.988962, 472790.028688 ], [ 433514.776179999986198, 472621.706010999972932 ], [ 428648.371340000012424, 469932.212790000019595 ], [ 428592.398215, 469910.503987999982201 ], [ 421387.904718999983743, 468090.255461000022478 ] ] ] } },
{ "type": "Feature", "properties": { "TERYT": "3021", "Nazwa": "powiat poznański" }, "geometry": { "type": "Polygon", "coordinates": [ [ [ 366023.650036, 477976.080381 ], [ 365968.111294, 477976.231084999977611 ], [ 336325.092352, 480916.375121 ], [ 336225.834849999984726, 480970.739291 ], [ 335835.670209, 481220.119521000015084 ], [ 335821.514810000022408, 481229.596285999985412 ], [ 335805.152419, 481247.303833000012673 ], [ 335792.334772999980487, 481268.13367399998242 ], [ 327526.570864, 495793.118274 ], [ 327498.184566000010818, 495853.162105 ], [ 327454.76682299998356, 495987.143464000022504 ], [ 327440.835299000027589, 496030.934776999987662 ], [ 327418.420483, 496101.391925 ], [ 327408.13850200001616, 496133.712651 ], [ 326611.522898999974132, 502510.99494100001175 ], [ 326629.507304000027943, 502592.783798000018578 ], [ 326633.676831000018865, 502608.643965 ], [ 327170.239599000022281, 504135.140594 ], [ 327206.500023, 504220.232534 ], [ 339950.586018999980297, 520516.520301999989897 ], [ 346577.695575000019744, 525434.696742999949493 ], [ 346603.688887000025716, 525453.838759999955073 ], [ 346686.772355000022799, 525513.462469000020064 ], [ 359920.404645, 534111.393338000052609 ], [ 366069.238762, 536838.394588000024669 ], [ 366306.626529, 536812.959999999962747 ], [ 368342.441624999977648, 535611.053616 ], [ 368364.109638000023551, 535594.606739999959245 ], [ 386978.898976999975275, 520987.207697 ], [ 388160.861474999983329, 520004.252137999981642 ], [ 388585.899159999971744, 519621.449525 ], [ 391121.819253000023309, 509464.962999999988824 ], [ 391114.19152, 509402.444255999987945 ], [ 388908.304423999972641, 498958.327854999981355 ], [ 373460.481034, 482788.496381999982987 ], [ 373427.939750000019558, 482754.664154 ], [ 372996.736318000010215, 482325.934071000025142 ], [ 372986.387089000025298, 482316.978905000025406 ], [ 366232.040640000021085, 478073.522059999988414 ], [ 366144.613553999981377, 478031.055944000021555 ], [ 366023.650036, 477976.080381 ] ], [ [ 350562.693162164359819, 513827.746598715195432 ], [ 351416.14756189333275, 504382.851241714844946 ], [ 352269.601961622247472, 504382.851241714844946 ], [ 353123.056361351220403, 501708.69412256416399 ], [ 357276.53444003209006, 501481.106282636406831 ], [ 359324.824999381555244, 498181.082603684510104 ], [ 362055.87907851417549, 496815.555564118199982 ], [ 363478.303078062424902, 499432.815723286941648 ], [ 366152.460197213105857, 498977.640043431543745 ], [ 366835.223716996260919, 501708.69412256416399 ], [ 366038.666277249227278, 505122.511721479939297 ], [ 366209.357157195045147, 507796.668840630620252 ], [ 361828.291238586418331, 509731.165480016265064 ], [ 361657.600358640658669, 516558.800677847815678 ], [ 358414.473639670643024, 515648.449318136903457 ], [ 357333.431400013971142, 512462.21955914888531 ], [ 350562.693162164359819, 513827.746598715195432 ] ] ] } },
{ "type": "Feature", "properties": { "TERYT": "3062", "Nazwa": "powiat Konin" }, "geometry": { "type": "Polygon", "coordinates": [ [ [ 451097.477049999986775, 479816.236466999980621 ], [ 450028.390044, 479920.273508000012953 ], [ 448275.984930999984499, 480174.591697999974713 ], [ 446682.270923, 480629.243178999982774 ], [ 446609.410576, 480686.780237000028137 ], [ 446206.622173000010662, 481260.19376 ], [ 445031.969326000020374, 484451.166718999971636 ], [ 445010.82282399997348, 484578.865474 ], [ 444878.300331, 485614.974109 ], [ 445781.388388000021223, 492162.40966 ], [ 445800.984592000022531, 492256.922866999986582 ], [ 445813.581327, 492304.194938 ], [ 445835.334331, 492365.943405999976676 ], [ 447342.848575000010896, 496130.304662999988068 ], [ 447415.222064999979921, 496138.21079500002088 ], [ 447426.152950000017881, 496139.398668 ], [ 449357.297054999973625, 496261.434358 ], [ 452229.054430000018328, 495236.305038 ], [ 452350.903836000012234, 495182.848417999979574 ], [ 452504.047246999980416, 495103.301862000022084 ], [ 452667.347369000024628, 494977.608824 ], [ 452785.042949000024237, 494787.697227999975439 ], [ 453418.190813000022899, 493134.815612 ], [ 454435.669911, 484813.640877 ], [ 454296.922567999979947, 484059.599768000014592 ], [ 451139.194343000010122, 479837.131287000025623 ], [ 451097.477049999986775, 479816.236466999980621 ] ] ] } },
{ "type": "Feature", "properties": { "TERYT": "3064", "Nazwa": "powiat Poznań" }, "geometry": { "type": "Polygon", "coordinates": [ [ [ 363360.126655999978539, 493660.003206000023056 ], [ 363203.126118000014685, 493748.580743000027724 ], [ 353043.653783000016119, 499777.007407 ], [ 349571.550306, 503465.151000000012573 ], [ 345994.983499999972992, 513032.63962500001071 ], [ 345943.177791, 513293.770954 ], [ 347740.958648000028916, 514597.031648 ], [ 347748.855049, 514602.010083 ], [ 347807.81017900002189, 514639.141123 ], [ 347913.236748000024818, 514699.170715000014752 ], [ 347952.33941999997478, 514720.512740999984089 ], [ 347981.99274100002367, 514736.596155999985058 ], [ 347989.767436, 514740.757476 ], [ 348022.323805, 514757.120498 ], [ 348097.742024999985006, 514794.903990000020713 ], [ 348129.661663, 514810.806638 ], [ 349144.2137469999725, 515254.634634000016376 ], [ 349409.289242999977432, 515314.811607000010554 ], [ 360675.368927999981679, 517670.216144 ], [ 362244.761317000025883, 517877.744920999975875 ], [ 362307.205006, 517878.889598999987356 ], [ 368915.383691, 508518.504131000023335 ], [ 368927.766405, 508489.402783999976236 ], [ 368927.227003999985754, 508414.997209 ], [ 367832.863366, 500833.772116 ], [ 367762.855165000015404, 500499.432159000018146 ], [ 367338.597281, 499470.222285999974702 ], [ 367270.787053, 499323.063337999978103 ], [ 366642.910921, 498240.097239999973681 ], [ 366293.150701, 497642.118459000019357 ], [ 363856.987208999984432, 494091.173537000024226 ], [ 363802.548537999973632, 494030.537645999982487 ], [ 363360.126655999978539, 493660.003206000023056 ] ] ] } },
{ "type": "Feature", "properties": { "TERYT": "3003", "Nazwa": "powiat gnieźnieński" }, "geometry": { "type": "Polygon", "coordinates": [ [ [ 416646.966564, 500960.095164 ], [ 395819.099809999985155, 502587.6365409999853 ], [ 395748.867237999977078, 502603.481257 ], [ 395705.771489, 502614.80281099997228 ], [ 395270.76892, 502756.381922999978997 ], [ 394826.415734999987762, 502922.33097299997462 ], [ 394759.633964999986347, 502957.079945 ], [ 390574.932383999985177, 506442.377522 ], [ 390486.698091000027489, 506517.588488999987021 ], [ 390258.467286000028253, 506760.169798000017181 ], [ 375335.851812999986578, 523105.236748999974225 ], [ 374767.926029999973252, 524736.556709000025876 ], [ 374724.689446999982465, 525000.259218 ], [ 374723.715699, 525011.609250999987125 ], [ 374721.918009000015445, 525093.83296699996572 ], [ 374736.922941000026185, 525138.719265999970958 ], [ 374867.797872999974061, 525354.747813 ], [ 374909.292983, 525414.948397999978624 ], [ 387515.444580000010319, 536521.864732000045478 ], [ 387732.952814000018407, 536696.510321 ], [ 395962.573872999986634, 542591.620746999979019 ], [ 396767.173003999982029, 542380.085389000014402 ], [ 407312.269578, 538940.204782000044361 ], [ 424011.985918, 530385.417818999965675 ], [ 431367.212431000021752, 523996.828947999980301 ], [ 431406.625696, 523901.067556000023615 ], [ 431425.170836, 523853.7332039999892 ], [ 431443.446332000021357, 523806.471731 ], [ 431602.353407000016887, 523211.696754999982659 ], [ 431664.49198, 522479.549484000017401 ], [ 431664.400185999984387, 522479.095875 ], [ 431651.488851999980398, 522415.469835 ], [ 431398.684826000011526, 521370.205679 ], [ 430501.486813, 518432.770807 ], [ 426151.953593000012916, 509746.587149000028148 ], [ 426027.242327000014484, 509527.844770000025164 ], [ 425998.776357, 509478.060971 ], [ 425981.365462000016123, 509447.806359999987762 ], [ 421963.769342000014149, 503064.176610000024084 ], [ 421831.329504000023007, 502922.492631 ], [ 421793.726787000021432, 502888.548806999984663 ], [ 421791.804011999978684, 502886.816583 ], [ 421699.686908999981824, 502818.940821999975014 ], [ 421249.981922, 502535.670111000014003 ], [ 421218.401986000011675, 502518.005667000019457 ], [ 421191.814739, 502508.687426000018604 ], [ 416659.064297, 500961.047051 ], [ 416646.966564, 500960.095164 ] ] ] } },
{ "type": "Feature", "properties": { "TERYT": "3024", "Nazwa": "powiat szamotulski" }, "geometry": { "type": "Polygon", "coordinates": [ [ [ 328566.591315999976359, 503853.640385999984574 ], [ 327206.500023, 504220.232534 ], [ 327048.037337000016123, 504277.381655999983195 ], [ 309605.875630999973509, 517279.74579299998004 ], [ 309556.117603000020608, 517388.550094 ], [ 298701.13185, 544129.425471000024118 ], [ 298573.842736000020523, 544659.828269000048749 ], [ 298485.00451, 545045.087672000052407 ], [ 298451.700963000010233, 545190.01527500001248 ], [ 307135.427134, 550494.763561 ], [ 309200.04764, 551179.406290999962948 ], [ 309280.535746, 551191.346234000055119 ], [ 309574.068909000023268, 551231.5267580000218 ], [ 310131.88172, 551302.983574999962002 ], [ 310265.833150000020396, 551319.51707499998156 ], [ 314097.272887, 551080.256001999950968 ], [ 332521.525623, 546660.356023999978788 ], [ 336912.111877000017557, 544677.940491999965161 ], [ 340994.452451, 537892.525312999961898 ], [ 346898.308589999971446, 523940.813571 ], [ 346900.191483, 523922.434582000016235 ], [ 346378.30111, 521921.889558999973815 ], [ 345502.464774, 519765.489198 ], [ 334467.261181999987457, 504466.443966 ], [ 334456.54754, 504454.736542999977246 ], [ 334423.635904000024311, 504432.839168999984395 ], [ 334397.596887999970932, 504417.604452 ], [ 334373.04886500001885, 504403.266630000027362 ], [ 334265.500173999986146, 504341.254956000018865 ], [ 334125.511909, 504310.389577 ], [ 333833.540533000021242, 504261.390627000015229 ], [ 333666.433245000021998, 504233.891626 ], [ 328566.591315999976359, 503853.640385999984574 ] ] ] } },
{ "type": "Feature", "properties": { "TERYT": "0411", "Nazwa": "powiat radziejowski" }, "geometry": { "type": "Polygon", "coordinates": [ [ [ 477570.063986999972258, 506231.878231999988202 ], [ 476748.968127999978606, 506271.311220999981742 ], [ 458689.293843000021297, 511768.970602000015788 ], [ 458580.199816, 511807.952378000016324 ], [ 458393.848193000012543, 511936.626315 ], [ 458373.247531, 511967.585814 ], [ 458203.016988000017591, 512315.014899 ], [ 457649.515691999986302, 515518.286036 ], [ 457730.408904000010807, 519122.224576 ], [ 457759.218705, 519224.252280000015162 ], [ 457766.926924999977928, 519251.082004000025336 ], [ 457767.902756, 519254.466529999976046 ], [ 464163.034689, 536077.794252999941818 ], [ 466477.901684999989811, 538292.322739999974146 ], [ 466728.758542000025045, 538472.202468 ], [ 466741.187936, 538479.806299000047147 ], [ 469426.556076999986544, 539143.472085000015795 ], [ 472753.561253, 539887.242573000025004 ], [ 472769.600056, 539888.509442999958992 ], [ 476422.818215999985114, 540080.177848999970593 ], [ 478472.100764999981038, 539589.436870999983512 ], [ 479492.897501000028569, 539243.751450999989174 ], [ 481375.855900999973528, 538196.264732999959961 ], [ 484819.423146000015549, 535133.148614999954589 ], [ 485653.998536999977659, 534370.793060000054538 ], [ 485834.500554999976885, 534195.324659000034444 ], [ 488404.42653, 531420.439364 ], [ 487714.617502, 528138.973785000038333 ], [ 487670.348791000025813, 527990.30085 ], [ 481014.742152000020724, 506887.338983999972697 ], [ 480962.818113000015728, 506752.772409000026528 ], [ 480919.005266, 506651.824698999989778 ], [ 480898.255388, 506604.037592999986373 ], [ 480887.084991000010632, 506590.550340000016149 ], [ 480848.88805, 506544.453687999979593 ], [ 480838.418844000028912, 506531.825544000021182 ], [ 480779.263604999985546, 506464.782339999976102 ], [ 480737.051410000014585, 506434.742733000020962 ], [ 480695.638478, 506406.161398999975063 ], [ 480688.430567, 506401.713957 ], [ 480613.885063000023365, 506358.609888 ], [ 480552.003787000023294, 506330.001636 ], [ 480506.386646999977529, 506308.914395999978296 ], [ 480488.18572, 506304.50866 ], [ 479877.321704, 506240.119041999976616 ], [ 477570.063986999972258, 506231.878231999988202 ] ] ] } },
{ "type": "Feature", "properties": { "TERYT": "0802", "Nazwa": "powiat krośnieński" }, "geometry": { "type": "Polygon", "coordinates": [ [ [ 201387.91694299998926, 444286.16277400002582 ], [ 200194.514987, 444498.865404999989551 ], [ 200105.277020999987144, 444517.362750999978743 ], [ 197287.809944, 446607.430283 ], [ 197254.979796, 446635.880115 ], [ 197133.139927999989595, 446761.650170999986585 ], [ 197117.360179000010248, 446778.670235000026878 ], [ 197101.249878, 446801.580532 ], [ 196887.400013, 447195.800182999984827 ], [ 196243.490085, 448503.460146000026725 ], [ 196226.259885, 448538.850637 ], [ 196215.44011200001114, 448571.510642 ], [ 196210.5002, 448603.519777 ], [ 196213.869742, 449187.2299350000103 ], [ 196217.450171, 449236.23971 ], [ 196329.160314, 450506.919837999972515 ], [ 196340.900227, 450537.740517999976873 ], [ 209227.103876999986824, 475586.834840000024997 ], [ 213293.943145, 482499.6397579999757 ], [ 219216.466262, 490240.032979000010528 ], [ 219259.926554, 490263.996715000015683 ], [ 219269.942241000011563, 490267.634111 ], [ 220498.711055, 490612.78106 ], [ 231568.499159, 492483.656850999977905 ], [ 232909.800618999986909, 492638.920900999975856 ], [ 246536.719036, 489596.163071000017226 ], [ 246655.548286, 489535.98459800001001 ], [ 246700.696704, 489510.062098999973387 ], [ 246745.673148, 489481.294111000024714 ], [ 248243.659345, 488236.884145000018179 ], [ 245438.609732000011718, 461587.637032 ], [ 244082.867827, 458676.18096600001445 ], [ 244005.52185, 458529.593835 ], [ 241093.044423000013921, 455015.252423 ], [ 241038.69338000001153, 454952.481619000027422 ], [ 240890.311382000014419, 454800.862975 ], [ 232583.152490999986185, 451409.236476 ], [ 232544.269982, 451395.867783 ], [ 231994.92966, 451213.718928000016604 ], [ 201663.355724, 444322.007519999984652 ], [ 201553.41021, 444306.526902000012342 ], [ 201387.91694299998926, 444286.16277400002582 ] ] ] } },
{ "type": "Feature", "properties": { "TERYT": "0805", "Nazwa": "powiat słubicki" }, "geometry": { "type": "Polygon", "coordinates": [ [ [ 211920.794379, 475477.588414 ], [ 211837.864589, 475479.344726999988779 ], [ 209525.842152, 475536.701439999975264 ], [ 209466.162795000011101, 475542.438227 ], [ 209390.413478, 475554.181277 ], [ 209227.103876999986824, 475586.834840000024997 ], [ 209048.669885000010254, 475742.569718000013381 ], [ 205535.979788, 479024.819598999980371 ], [ 204945.549895, 479802.350652 ], [ 204739.460106000013184, 480144.060165999981109 ], [ 204653.110156999988249, 480316.759612999972887 ], [ 204515.940079, 480689.309908 ], [ 198339.519947, 500691.180020999978296 ], [ 196318.150101, 512462.399933999986388 ], [ 196289.549754999985453, 512661.19986 ], [ 196299.04029500001343, 512788.090314999979455 ], [ 196351.170252000010805, 513059.70045 ], [ 197155.960238, 515887.250341999984812 ], [ 197345.980139, 516458.679646999982651 ], [ 202869.570004, 529913.370203000027686 ], [ 202926.830169, 530013.839721000054851 ], [ 204488.07433, 532223.302588999969885 ], [ 204715.544067, 532267.317419999977574 ], [ 204732.315393, 532270.533156999968924 ], [ 226166.385669000010239, 525533.774444999988191 ], [ 227524.294866000011098, 525102.785285 ], [ 227643.32006, 525050.756212000036612 ], [ 228126.290797, 524808.682256 ], [ 228338.666827, 524646.373447000049055 ], [ 231076.26509, 516928.908275 ], [ 231100.374567, 516828.193749999976717 ], [ 231108.22002, 516795.330526 ], [ 231174.948501, 516301.970726999978069 ], [ 231234.961698, 515723.580404 ], [ 230467.391809, 512484.70985699997982 ], [ 230462.804750999988755, 512466.109814999974333 ], [ 230103.469905, 511119.096572 ], [ 229799.964157999987947, 510345.866488000028767 ], [ 218620.280398, 482610.27569699997548 ], [ 212748.762423, 475839.826115 ], [ 212408.287103999988176, 475644.598008 ], [ 212350.89927, 475613.623245000024326 ], [ 212227.28257099998882, 475554.370683000015561 ], [ 212160.235267999989446, 475529.292388 ], [ 212089.365094, 475502.994979000010062 ], [ 212001.510810999985551, 475483.579846 ], [ 211920.794379, 475477.588414 ] ] ] } },
{ "type": "Feature", "properties": { "TERYT": "0811", "Nazwa": "powiat żarski" }, "geometry": { "type": "Polygon", "coordinates": [ [ [ 222508.229109999985667, 396074.946921999973711 ], [ 220446.722862, 396167.444811999972444 ], [ 219864.455819, 396284.585045000014361 ], [ 204301.569997000013245, 415245.589977999974508 ], [ 204296.550073, 415252.710684 ], [ 203915.470196, 415830.790160999982618 ], [ 203896.070263, 415867.129796999972314 ], [ 203886.590009, 415895.560147000011057 ], [ 202886.449667999986559, 419271.369874999974854 ], [ 202876.109692, 419309.240648999984842 ], [ 202870.119845, 419342.290201 ], [ 200238.299926999985473, 439461.610557999985758 ], [ 199977.660116000013659, 441776.37011999997776 ], [ 199972.71031, 441842.830392999981996 ], [ 200105.277020999987144, 444517.362750999978743 ], [ 200109.206721, 444529.608809 ], [ 205523.798134000011487, 449959.734042000025511 ], [ 208319.525365999987116, 452203.324952 ], [ 214986.641688, 454216.615704 ], [ 215093.078901, 454241.762257999973372 ], [ 215158.436763, 454257.202783000015188 ], [ 220265.109659, 455213.726190000015777 ], [ 220482.260136, 455252.128953 ], [ 220686.394632999988971, 455288.181477 ], [ 225880.425132, 454360.628761 ], [ 228679.51155, 452934.331330000015441 ], [ 232019.610192, 451229.848745000024792 ], [ 235141.340244, 449238.05879099998856 ], [ 239633.07494, 441488.637846000026911 ], [ 242310.88793, 428564.956707999983337 ], [ 242356.385134000011021, 428077.652199 ], [ 242332.20775, 427926.290344999986701 ], [ 241443.03104900001199, 423570.785382999980357 ], [ 241168.784795000014128, 422653.246934 ], [ 241138.086944, 422595.388468 ], [ 241136.440257999987807, 422592.3319050000282 ], [ 241110.978824, 422545.076586999988649 ], [ 227304.371026999986498, 400095.95879 ], [ 227096.101326, 399857.800811 ], [ 227016.636848, 399782.210045000014361 ], [ 226803.163525999989361, 399588.843492000014521 ], [ 222508.229109999985667, 396074.946921999973711 ] ] ] } },
{ "type": "Feature", "properties": { "TERYT": "0807", "Nazwa": "powiat sulęciński" }, "geometry": { "type": "Polygon", "coordinates": [ [ [ 221605.122224, 489891.237086999986786 ], [ 221592.837942000012845, 489891.457231 ], [ 221584.036344, 489891.616222999989986 ], [ 221549.723111, 489908.585613999981433 ], [ 221528.299921, 489923.318706 ], [ 221235.905002000014065, 490165.392329 ], [ 220899.347572, 490518.14441499998793 ], [ 205177.708289, 531836.165630999952555 ], [ 205302.119516, 532243.61416899994947 ], [ 205313.353410999989137, 532267.638635999988765 ], [ 205329.212487000011606, 532298.991575 ], [ 205837.005177000013646, 532692.43840900005307 ], [ 209227.434125, 533858.055571999982931 ], [ 209296.144332, 533879.096853 ], [ 209419.691996, 533916.919900999986567 ], [ 209593.480474999989383, 533969.035593 ], [ 212910.26928899998893, 534867.650376999983564 ], [ 219230.334076, 536575.000555000035092 ], [ 229419.763997, 538028.628291000030003 ], [ 231651.412859, 538239.535268999985419 ], [ 240204.598737, 538747.34740700002294 ], [ 243385.121248000010382, 536530.880434000049718 ], [ 249870.839373, 531330.260305 ], [ 258539.708793, 508153.387486000021454 ], [ 257480.944013, 507056.512324000010267 ], [ 237152.152305, 492290.617182000016328 ], [ 237059.007481999986339, 492252.890400999982376 ], [ 236235.209357000014279, 491945.608340999984648 ], [ 228195.167196, 490769.799474 ], [ 224143.800037999986671, 490197.979491 ], [ 221605.122224, 489891.237086999986786 ] ] ] } },
{ "type": "Feature", "properties": { "TERYT": "0225", "Nazwa": "powiat zgorzelecki" }, "geometry": { "type": "Polygon", "coordinates": [ [ [ 215754.939932999986922, 340560.280127 ], [ 207478.069970999989891, 341808.510332999983802 ], [ 206253.300037, 342052.340567999985069 ], [ 206242.410001999989618, 342059.760118999984115 ], [ 206223.62025, 342079.599681 ], [ 206167.569808, 342159.899899000010919 ], [ 206096.900012, 342261.779839999973774 ], [ 206070.919702000013785, 342299.260079000028782 ], [ 206043.990154, 342345.640118999988772 ], [ 206013.700349, 342409.930492000014056 ], [ 205996.029724, 342457.699746 ], [ 205985.420233000011649, 342493.899910999985877 ], [ 205973.369906, 342547.580483000027016 ], [ 205896.839656, 343004.179906999983359 ], [ 205891.250066, 343048.709782 ], [ 205890.989699, 343101.680623000022024 ], [ 205894.890037, 343146.300617999979295 ], [ 205905.200103999988642, 343193.700376999971922 ], [ 219213.970137, 396096.839650999987498 ], [ 219223.039948, 396119.530104 ], [ 223081.853729, 399395.303926000022329 ], [ 228149.313266000011936, 402890.837605 ], [ 228252.352961, 402960.4179 ], [ 228495.913379, 403120.91086499998346 ], [ 235250.240231, 406613.482346999982838 ], [ 235252.587447, 406613.648480999981984 ], [ 235323.07063, 406610.09602 ], [ 235486.914204, 406591.318401 ], [ 236274.563486, 406477.212668000021949 ], [ 239678.454963, 404718.806233000010252 ], [ 240729.005039000010584, 403810.153477000014391 ], [ 240996.496374, 403457.097651000018232 ], [ 241001.356546, 403449.249326 ], [ 241012.005641, 403431.688191000022925 ], [ 241018.088851, 403421.47904100001324 ], [ 241023.407667, 403412.503198000020348 ], [ 242259.4076, 400752.468797 ], [ 242362.718092, 400523.318045000021812 ], [ 242451.177565, 400324.658769999979995 ], [ 242482.054830999986734, 400232.00835299998289 ], [ 242523.034262, 399990.628092999977525 ], [ 244720.730107999988832, 383276.264216999989003 ], [ 244717.361894, 383260.663236 ], [ 231356.850136, 357175.620470999972895 ], [ 229366.639963, 354249.449902000022121 ], [ 218797.009888, 341157.51968600001419 ], [ 218739.520024, 341143.149818999983836 ], [ 216008.650293000013335, 340563.199896999984048 ], [ 215923.969831, 340561.249881999974605 ], [ 215754.939932999986922, 340560.280127 ] ] ] } },
{ "type": "Feature", "properties": { "TERYT": "0810", "Nazwa": "powiat żagański" }, "geometry": { "type": "Polygon", "coordinates": [ [ [ 244590.90062199998647, 399849.606227000011131 ], [ 228018.476357, 402701.281056999985594 ], [ 225383.141708999988623, 404059.605029000027571 ], [ 221888.459325, 409406.971931 ], [ 221598.593564999988303, 409937.267772 ], [ 221569.990297999989707, 410414.199712999979965 ], [ 221617.799244, 410914.399197000020649 ], [ 222875.068719, 415512.446536 ], [ 222915.724082, 415625.359734 ], [ 222944.179466, 415687.998058 ], [ 240021.109969000011915, 437173.976143 ], [ 241152.297765, 438347.44220500002848 ], [ 241203.221295, 438390.254246999975294 ], [ 241274.30900800001109, 438446.201989000022877 ], [ 242665.662476, 439311.664402000023983 ], [ 242713.181931, 439326.974882 ], [ 242755.541296999988845, 439335.686510000028647 ], [ 254549.129056, 441003.261324000020977 ], [ 254681.545725, 441020.82810599997174 ], [ 281177.636166999989655, 427605.634557000012137 ], [ 281216.135528000013437, 427579.238299000018742 ], [ 282134.16307800001232, 426845.336131000018213 ], [ 282211.946410999982618, 426782.207187999971211 ], [ 282605.969552, 425930.658472999988589 ], [ 282621.088599, 425883.674089999985881 ], [ 282661.438082, 425117.291846 ], [ 279961.631162, 416584.889489000022877 ], [ 267843.426942, 405950.772675000014715 ], [ 263788.359612, 403153.9717 ], [ 244674.400485, 399860.068659999989904 ], [ 244590.90062199998647, 399849.606227000011131 ] ] ] } },
{ "type": "Feature", "properties": { "TERYT": "0210", "Nazwa": "powiat lubański" }, "geometry": { "type": "Polygon", "coordinates": [ [ [ 245000.786232000013115, 342270.237577 ], [ 244207.493251, 342274.420257000019774 ], [ 238295.670902000012575, 343002.402134999982081 ], [ 238283.03985, 343014.869888000015635 ], [ 231387.770228999987012, 353607.630192000011448 ], [ 228441.077602, 363995.501180000021122 ], [ 228401.628776, 364206.164193 ], [ 228366.156947999988915, 366604.592829999979585 ], [ 229267.494088, 369183.014271 ], [ 231146.521864, 372856.286143 ], [ 231192.680085, 372945.929262000019662 ], [ 231243.375884999986738, 373043.59504799998831 ], [ 231260.500282, 373074.327569000015501 ], [ 231273.251007000013487, 373096.182311000011396 ], [ 231288.499153000011574, 373117.887410000024829 ], [ 231371.010573, 373231.401428000011947 ], [ 235052.055891, 376195.201332000026014 ], [ 235310.542584, 376337.403048 ], [ 235567.062467999989167, 376417.911283999972511 ], [ 235815.100117, 376428.241373999975622 ], [ 244319.927921, 376684.025793 ], [ 244353.597648, 376682.080633 ], [ 244377.412432000011904, 376680.702842 ], [ 244401.099278, 376675.144969000015408 ], [ 244410.157092, 376668.582001 ], [ 244423.483879, 376658.920905 ], [ 247366.125554, 374441.053309999988414 ], [ 248010.631866999989143, 373879.578410000016447 ], [ 250441.802891, 370742.687931999971624 ], [ 250797.762691999989329, 369604.588830000022426 ], [ 245526.168029, 343361.763137999980245 ], [ 245506.266876999987289, 343288.690962 ], [ 245231.645309000014095, 342374.21301 ], [ 245217.798613, 342362.874422000022605 ], [ 245000.786232000013115, 342270.237577 ] ] ] } },
{ "type": "Feature", "properties": { "TERYT": "0809", "Nazwa": "powiat zielonogórski" }, "geometry": { "type": "Polygon", "coordinates": [ [ [ 247963.636972999986028, 436307.324138999974821 ], [ 247927.918565, 436309.886155000014696 ], [ 247902.618316, 436312.476518000010401 ], [ 240021.109969000011915, 437173.976143 ], [ 234457.03695, 438807.600518000021111 ], [ 233427.658049, 439478.012706 ], [ 231709.388331, 441366.90370600001188 ], [ 231639.023346, 441447.123947000014596 ], [ 231590.571994, 441516.5030610000249 ], [ 231542.821225, 441618.150328000017907 ], [ 229874.631365, 448686.089385 ], [ 243630.268462999985786, 475346.921778000018094 ], [ 245949.33041600001161, 478637.461337000015192 ], [ 247255.452646, 480340.693775 ], [ 247266.763998999987962, 480347.766569000028539 ], [ 281742.514121000014711, 488017.733010000025388 ], [ 282001.707860000024084, 488030.503938 ], [ 284930.662818000011612, 487740.586507000029087 ], [ 294591.899958, 469993.84524200001033 ], [ 294631.737227, 469904.965535000024829 ], [ 294715.414582, 469692.239703 ], [ 294760.910203, 469576.022535 ], [ 293914.229124, 467483.425965 ], [ 289481.830850999976974, 461519.537874999979977 ], [ 284697.436078, 455237.961557 ], [ 279967.946509999979753, 451706.780335000017658 ], [ 251992.659747, 437648.398724000027869 ], [ 248460.38125899998704, 436311.40649600001052 ], [ 247963.636972999986028, 436307.324138999974821 ] ], [ [ 256568.915272016485687, 466148.094133858161513 ], [ 256967.193991890002508, 464554.979254364152439 ], [ 254008.552072829654207, 460117.01637577364454 ], [ 255772.35783226948115, 459946.325495827826671 ], [ 258560.308871384040685, 454711.80517749034334 ], [ 255203.388232450175565, 453801.45381777943112 ], [ 254293.036872739292448, 448737.624379387707449 ], [ 256625.812231998424977, 446973.818619947880507 ], [ 259982.732870932260994, 446177.261180200846866 ], [ 259527.557191076833988, 448908.315259333467111 ], [ 263168.962629920337349, 447827.273019676795229 ], [ 268175.895108330179937, 450501.430138827534392 ], [ 267094.852868673508056, 457841.137976496480405 ], [ 266013.810629016836174, 459434.252855990489479 ], [ 268232.792068312061019, 464611.876214346091729 ], [ 266525.883268854173366, 465294.63973412924679 ], [ 264705.180549432465341, 468025.693813261867035 ], [ 261006.878150606993586, 465636.021494020824321 ], [ 256568.915272016485687, 466148.094133858161513 ] ] ] } },
{ "type": "Feature", "properties": { "TERYT": "0808", "Nazwa": "powiat świebodziński" }, "geometry": { "type": "Polygon", "coordinates": [ [ [ 253898.412709, 475968.335258 ], [ 253842.635915, 476003.274122999981046 ], [ 248681.654809, 479263.521606999973301 ], [ 233688.822154, 489273.676832000026479 ], [ 233068.697324999986449, 491346.559785 ], [ 233050.865973999985727, 491418.522211999981664 ], [ 232994.45898299998953, 491647.701215 ], [ 245323.120963, 507221.517231 ], [ 245511.058136, 507299.945351 ], [ 246003.693418, 507410.921699 ], [ 248249.073856, 507847.343064000015147 ], [ 252177.137653000012506, 507771.090047999983653 ], [ 257446.467585, 507084.60361400002148 ], [ 284044.121736, 499674.29858 ], [ 285433.935599000018556, 498423.868873000028543 ], [ 287344.694817000010516, 496184.131149999971967 ], [ 287356.344201, 495487.99187999998685 ], [ 285670.167843999981415, 489277.234575 ], [ 285519.329615, 488988.467324999975972 ], [ 285367.015006, 488699.288890999974683 ], [ 285293.333132, 488559.603144 ], [ 284837.772953999985475, 487702.206408000027295 ], [ 284774.016936999978498, 487660.414171000011265 ], [ 284719.57643299998017, 487627.020464 ], [ 284702.352353000023868, 487616.875561000022572 ], [ 284601.554010000021663, 487557.521172999986447 ], [ 276126.207647999981418, 483056.817343999980949 ], [ 259040.224965, 476376.00212299998384 ], [ 253898.412709, 475968.335258 ] ] ] } },
{ "type": "Feature", "properties": { "TERYT": "0201", "Nazwa": "powiat bolesławiecki" }, "geometry": { "type": "Polygon", "coordinates": [ [ [ 250964.601866000011796, 366628.835042 ], [ 250883.807741, 366647.894952 ], [ 250504.233543, 366780.891873000015039 ], [ 235775.243238, 376402.535332 ], [ 235145.456102, 379462.634292999980971 ], [ 239678.789839, 399143.544024 ], [ 241194.63065, 402492.577111000020523 ], [ 249349.746981, 413012.824035 ], [ 249368.88146, 413031.909974 ], [ 249389.604839, 413052.580695000011474 ], [ 250158.998033000010764, 413321.162476999976207 ], [ 256453.719182, 412628.9759990000166 ], [ 272859.374932, 410737.315737000026274 ], [ 274863.52330499998061, 410176.543221 ], [ 275732.290426000021398, 409856.839946000021882 ], [ 278504.221824, 408832.565314 ], [ 281812.338311999978032, 403568.858542 ], [ 280934.088516000017989, 396210.575652999978047 ], [ 280881.501514, 395973.118690999981482 ], [ 273466.662026999983937, 374190.611978999979328 ], [ 273403.51263100001961, 374011.226541000010911 ], [ 273016.042633, 373200.651271999988239 ], [ 273012.465259000018705, 373193.444624 ], [ 272392.440025000018068, 372429.590101999987382 ], [ 272231.903193, 372278.019462 ], [ 272193.742564000014681, 372243.734043999982532 ], [ 272154.05759099998977, 372215.65109499997925 ], [ 269603.208907000022009, 371130.979790000012144 ], [ 269175.516582000011113, 371018.616892000020016 ], [ 251171.675192, 366634.943738 ], [ 250964.601866000011796, 366628.835042 ] ] ] } },
{ "type": "Feature", "properties": { "TERYT": "0212", "Nazwa": "powiat lwówecki" }, "geometry": { "type": "Polygon", "coordinates": [ [ [ 247357.639761, 335578.628633000014815 ], [ 244371.450001, 336187.570621000020765 ], [ 240535.170372, 339070.270184999972116 ], [ 240404.289794999989681, 339213.710317 ], [ 240299.439785, 339369.990303000027779 ], [ 240195.009645000012824, 339526.709794000023976 ], [ 240090.570008, 339683.530510000011418 ], [ 239631.919832000014139, 340372.76989 ], [ 239510.03972599998815, 340556.030550000024959 ], [ 239299.879973, 340874.280215999984648 ], [ 239264.449857, 340929.080486 ], [ 238267.590127, 342616.550658 ], [ 238283.03985, 343014.869888000015635 ], [ 240814.991892, 353103.206766000017524 ], [ 240834.981234, 353147.206989000027534 ], [ 249526.731952, 367638.787947 ], [ 253935.151260000013281, 373514.703446 ], [ 253947.604054, 373524.132073000015225 ], [ 258478.363335, 375530.223451 ], [ 258494.177429, 375536.28282299998682 ], [ 260080.141321, 375881.035128000017721 ], [ 260117.143086, 375886.908864 ], [ 260128.974796, 375884.123537999985274 ], [ 265469.654357000021264, 374011.603559000010137 ], [ 266976.981503000017256, 372948.488991 ], [ 268923.761463999981061, 371393.961904999974649 ], [ 270413.397096999979112, 369886.155524 ], [ 270490.593386999971699, 369801.955605000024661 ], [ 270602.657175, 369629.940700999984983 ], [ 271136.14447, 368743.288682000013068 ], [ 271148.01093500002753, 368708.682357000012416 ], [ 273161.239699999976438, 360309.905026 ], [ 273390.255969, 357653.836549 ], [ 273383.628454, 357443.852526 ], [ 273339.114442, 357264.969074000022374 ], [ 273305.599602999980561, 357131.465971000026911 ], [ 272891.125202999974135, 355860.378821 ], [ 268208.122805, 348579.265245000016876 ], [ 267927.303374000010081, 348382.188090000010561 ], [ 247357.639761, 335578.628633000014815 ] ] ] } },
{ "type": "Feature", "properties": { "TERYT": "0206", "Nazwa": "powiat karkonoski" }, "geometry": { "type": "Polygon", "coordinates": [ [ [ 270029.3602420000243, 323842.749666000017896 ], [ 269695.369717, 323873.770333 ], [ 267632.819984, 324095.379957999975886 ], [ 245189.960138, 329406.000645999971312 ], [ 244515.179788, 329673.160001999989618 ], [ 244446.019953, 329728.850042 ], [ 244186.370306, 330082.889883 ], [ 244043.110305999987759, 332405.550376 ], [ 244043.959867, 332419.699726000020746 ], [ 244371.450001, 336187.570621000020765 ], [ 244375.202918, 336191.820446999976411 ], [ 255734.875018, 347111.95748400001321 ], [ 255959.770662, 347287.861932000028901 ], [ 267913.252565999981016, 353453.513813 ], [ 270903.945581, 354556.524214999983087 ], [ 271203.714150000014342, 354661.279130999988411 ], [ 271296.149118, 354636.587240999971982 ], [ 272893.906441, 353851.688543999975082 ], [ 273731.286365, 353263.869269000017084 ], [ 277002.39681, 350833.130102000024635 ], [ 281232.926005000015721, 347248.015131999971345 ], [ 284493.669408000016119, 344157.663848 ], [ 286425.2455080000218, 340810.658566 ], [ 285941.455759999982547, 335866.934743000019807 ], [ 285939.81135799997719, 335858.77232400001958 ], [ 285929.327417000022251, 335806.869628000014927 ], [ 285875.292312, 335701.352406000019982 ], [ 278671.658421, 324523.010632 ], [ 278659.699727000028361, 324507.246022999985144 ], [ 278649.013457000022754, 324498.341070000024047 ], [ 278628.811265999975149, 324489.200117999978829 ], [ 278108.927412000019103, 324321.456577999982983 ], [ 277907.504326, 324307.374652999977116 ], [ 270029.3602420000243, 323842.749666000017896 ] ] ] } },
{ "type": "Feature", "properties": { "TERYT": "0803", "Nazwa": "powiat międzyrzecki" }, "geometry": { "type": "Polygon", "coordinates": [ [ [ 284135.617325, 495527.5793999999878 ], [ 284098.794084, 495527.942231 ], [ 284093.693809000018518, 495528.434932 ], [ 275770.424102000019047, 496611.57503 ], [ 275049.849448999972083, 496709.418067 ], [ 258663.187199, 505310.563986999972258 ], [ 251786.41938, 512030.841948000015691 ], [ 250830.941826, 513029.226833000022452 ], [ 246547.22055, 519815.657233999983873 ], [ 246539.678014, 520168.934004999988247 ], [ 246533.008576, 520484.498366000014357 ], [ 247580.510697, 525976.391916999942623 ], [ 249870.839373, 531330.260305 ], [ 256126.761263, 542758.315712000010535 ], [ 256234.939273, 542955.722449 ], [ 256258.300746, 542990.172675000037998 ], [ 256367.961357, 543142.202447999967262 ], [ 270672.525833999970928, 544126.871708999969997 ], [ 279713.992856000026222, 543612.315888999961317 ], [ 279755.895614999986719, 543608.115679000038654 ], [ 279755.971726000017952, 543608.10782100004144 ], [ 283435.362837, 542740.404147000052035 ], [ 283437.958997, 542738.106556999962777 ], [ 283584.305338, 542458.671921 ], [ 284072.627172, 541252.608416000031866 ], [ 284622.104325999971479, 539594.912974999984726 ], [ 288635.042476999980863, 518311.406402 ], [ 288934.302655, 516703.924069 ], [ 289324.673668999981601, 513788.833854000025894 ], [ 289167.281219, 506770.202065000019502 ], [ 289133.861014000023715, 506385.488707999989856 ], [ 288198.745298, 498362.465397999971174 ], [ 287344.694817000010516, 496184.131149999971967 ], [ 287341.990016, 496182.84908399998676 ], [ 287170.913384000014048, 496102.363034999987576 ], [ 287018.913967999978922, 496045.42678799998248 ], [ 286634.958862000028603, 495927.893646000011358 ], [ 286488.508241, 495888.003944 ], [ 285566.051129000028595, 495638.37825 ], [ 285525.436081000021659, 495632.994232999975793 ], [ 284147.696132000011858, 495528.342813000024762 ], [ 284135.617325, 495527.5793999999878 ] ] ] } },
{ "type": "Feature", "properties": { "TERYT": "0862", "Nazwa": "powiat Zielona Góra" }, "geometry": { "type": "Polygon", "coordinates": [ [ [ 259446.209355, 445076.176138999988325 ], [ 257864.723886, 445342.117688999976963 ], [ 255128.512597, 446344.791271 ], [ 255028.119379999989178, 446384.09535199997481 ], [ 255018.967405, 446392.043140000023413 ], [ 254972.048037, 446432.830773999972735 ], [ 253687.075699, 448176.123619000019971 ], [ 253168.506777, 448969.01515599997947 ], [ 253160.1539, 449131.046331 ], [ 253102.166968, 459802.336835000023711 ], [ 254794.191775000013877, 464383.422008000023197 ], [ 255715.182460999989416, 466698.312962000025436 ], [ 255728.91784, 466721.083410000021104 ], [ 255759.225627, 466762.513574999989942 ], [ 262396.336705000023358, 468844.168553999974392 ], [ 264507.794767000013962, 468779.844728 ], [ 264590.973991999984719, 468773.171738 ], [ 265597.306672999984585, 468587.059026999981143 ], [ 265861.187068999977782, 468464.781223999976646 ], [ 266006.485533000028227, 468353.680853000027128 ], [ 269227.608628000016324, 465320.694541 ], [ 269949.837540999986231, 458176.067087 ], [ 269956.731429999985266, 458020.09450399997877 ], [ 269921.362984, 457143.583921000012197 ], [ 269649.005025000020396, 450747.196120999986306 ], [ 269374.884029, 450240.087624999985565 ], [ 269025.677494, 449858.367613999987952 ], [ 267093.973829999973532, 448129.538208000012673 ], [ 260897.299231000011787, 445371.323484 ], [ 260257.598566, 445189.387104000023101 ], [ 260115.458293, 445151.668249999987893 ], [ 259887.731116, 445102.98215400002664 ], [ 259854.899347, 445098.939950999978464 ], [ 259663.207281999988481, 445086.298187999986112 ], [ 259446.209355, 445076.176138999988325 ] ] ] } },
{ "type": "Feature", "properties": { "TERYT": "0804", "Nazwa": "powiat nowosolski" }, "geometry": { "type": "Polygon", "coordinates": [ [ [ 273767.660576, 424905.588975000020582 ], [ 259482.965422999986913, 429841.436054 ], [ 254881.814496, 440161.874573 ], [ 254727.730801, 440562.58827399997972 ], [ 254681.545725, 441020.82810599997174 ], [ 255316.832532, 442737.632262 ], [ 256568.618337, 446021.836548 ], [ 287515.790656000026502, 467960.725924000027589 ], [ 287617.968331000010949, 468013.217847 ], [ 287768.090627000026871, 468087.503533000010066 ], [ 287991.249445000023115, 468197.585364 ], [ 288012.814890999987256, 468207.059382 ], [ 290620.029419000027701, 467448.199107000022195 ], [ 291923.717077, 466626.651443 ], [ 294325.86276300001191, 463060.323263 ], [ 294491.041940000024624, 462778.012943 ], [ 294493.754344000015408, 462773.063379 ], [ 294513.230763000028674, 462703.058588000014424 ], [ 294599.530119, 462379.53927200002363 ], [ 294675.863622999982908, 462009.628227 ], [ 294776.307802000024822, 461463.001422 ], [ 294794.502094, 460019.141006 ], [ 293695.854501999972854, 438603.873937 ], [ 293667.756062, 438362.068932999973185 ], [ 293658.588327999983449, 438343.376677999971434 ], [ 291591.799382, 435306.342124000017066 ], [ 290371.776110999984667, 434059.698308 ], [ 281921.366776, 427932.180232000013348 ], [ 281799.188621999986935, 427868.010424999985844 ], [ 281151.755338000017218, 427591.311770999978762 ], [ 278362.275382999971043, 426465.418595 ], [ 273767.660576, 424905.588975000020582 ] ] ] } },
{ "type": "Feature", "properties": { "TERYT": "0261", "Nazwa": "powiat Jelenia Góra" }, "geometry": { "type": "Polygon", "coordinates": [ [ [ 261747.330244000011589, 327759.252650999987964 ], [ 261745.320293, 327759.420312999980524 ], [ 258831.146829, 329113.788475 ], [ 259403.184744, 332872.15275800001109 ], [ 264822.075321000011172, 342472.552496000018436 ], [ 265827.967149999982212, 343564.074732 ], [ 268862.147615000023507, 345543.934920999978203 ], [ 268899.939033999980893, 345560.462237 ], [ 268939.223081999982242, 345575.704980999988038 ], [ 268958.452767, 345579.788765 ], [ 269302.317187, 345644.168044 ], [ 269315.66469, 345644.124576999980491 ], [ 272999.93643, 345604.16466 ], [ 277208.322715000016615, 345372.27825600001961 ], [ 277984.333067000028677, 345147.62479600001825 ], [ 278272.079824000014924, 344951.323014999972656 ], [ 278299.912162000022363, 344925.918889999971725 ], [ 278492.087013999989722, 344739.271798999980092 ], [ 278541.205458000011276, 344691.462884999986272 ], [ 280032.317998000013176, 343153.588985999987926 ], [ 280086.767547000024933, 343079.45584399998188 ], [ 280331.139238999981899, 342725.341582999972161 ], [ 280390.464749999984633, 342618.717585999984294 ], [ 280457.038488, 342471.478783999977168 ], [ 280490.421065, 341687.418554999982007 ], [ 280334.742542000021785, 341527.329367999976967 ], [ 262262.571292, 328061.529480999975931 ], [ 262066.690887, 327934.578165000013541 ], [ 261747.330244000011589, 327759.252650999987964 ] ] ] } },
{ "type": "Feature", "properties": { "TERYT": "0226", "Nazwa": "powiat złotoryjski" }, "geometry": { "type": "Polygon", "coordinates": [ [ [ 284933.506021999986842, 343732.639378 ], [ 277761.719171, 345450.956631999986712 ], [ 277704.096788999973796, 345466.442107999988366 ], [ 270302.807840999972541, 355209.79511 ], [ 270115.761952999979258, 355533.930169 ], [ 269075.239546999975573, 370858.071929999976419 ], [ 269083.615631000022404, 370884.073959 ], [ 269160.412053, 371097.665434999973513 ], [ 269170.78394599998137, 371121.316133000014815 ], [ 269194.277423000021372, 371170.040975000010803 ], [ 273709.801365000021178, 378549.598721000016667 ], [ 276670.023167999985162, 381546.548479 ], [ 277400.563233, 382137.82956500002183 ], [ 277421.280657000024803, 382134.847315000020899 ], [ 282729.065975999983493, 380793.785893999971449 ], [ 293575.575774999975692, 377529.711067 ], [ 293846.265663, 377389.024182000022847 ], [ 294123.608313, 377233.174865 ], [ 294366.296183000027668, 377090.770067 ], [ 294438.717939, 377048.263589999987744 ], [ 294836.885263999982271, 376556.460906 ], [ 294963.106049, 376390.264067000010982 ], [ 294785.938558000023477, 373919.834859 ], [ 293433.762307, 364712.74340099998517 ], [ 293406.13429100002395, 364531.246885999978986 ], [ 289632.289209, 351394.572137999988627 ], [ 287980.798911000019871, 347150.518437 ], [ 287927.174525999987964, 347074.663845999981277 ], [ 285915.329449000011664, 344533.489322 ], [ 285292.695630999980494, 343752.953496999980416 ], [ 285268.746816000028048, 343742.316785999981221 ], [ 284933.506021999986842, 343732.639378 ] ] ] } },
{ "type": "Feature", "properties": { "TERYT": "0216", "Nazwa": "powiat polkowicki" }, "geometry": { "type": "Polygon", "coordinates": [ [ [ 291609.431985999981407, 388654.190182 ], [ 287331.758347, 390077.636566 ], [ 287245.402378999977373, 390108.675958 ], [ 286754.97103800001787, 390316.16216299997177 ], [ 285735.72092, 390928.504435 ], [ 281631.562198000028729, 394310.186340000014752 ], [ 280206.72061700001359, 395509.337554999976419 ], [ 278686.522921999974642, 398349.12687099998584 ], [ 272095.443282999971416, 410770.90817 ], [ 271902.970955999975558, 411475.32753299997421 ], [ 271486.847430999972858, 414030.279316 ], [ 271478.337338000012096, 414412.652123 ], [ 271479.985995, 414467.643480999977328 ], [ 271490.912388, 414639.95189800002845 ], [ 271583.009061000018846, 415208.99173 ], [ 281889.146561999979895, 426688.118651999975555 ], [ 283312.524328999978025, 427579.19751999998698 ], [ 283335.12529400002677, 427591.958246 ], [ 283369.661144000012428, 427605.235228999983519 ], [ 283417.669451, 427619.497120000014547 ], [ 283452.06935499998508, 427629.37654000002658 ], [ 283499.473857, 427635.359647999983281 ], [ 286081.727009000023827, 427402.494488 ], [ 286584.563053000019863, 427315.527692999981809 ], [ 307254.534594999975525, 422327.82433899998432 ], [ 313377.305977999989409, 419721.525676 ], [ 313414.762699000013527, 419699.809843999973964 ], [ 313545.130755, 419595.130408000026364 ], [ 313719.75078, 419440.538821999973152 ], [ 314270.088171000010334, 418911.611672000028193 ], [ 314980.185329, 418040.549263999972027 ], [ 314415.225262, 414955.305665 ], [ 297725.650104, 390663.634979000024032 ], [ 296668.744707999983802, 389725.102366 ], [ 296630.722689000016544, 389714.591957999975421 ], [ 296123.991732999973465, 389590.02071299997624 ], [ 291609.431985999981407, 388654.190182 ] ] ] } },
{ "type": "Feature", "properties": { "TERYT": "0209", "Nazwa": "powiat legnicki" }, "geometry": { "type": "Polygon", "coordinates": [ [ [ 306552.536999, 362763.277301000023726 ], [ 296495.454019, 363195.758209 ], [ 294957.521215000015218, 364003.773403999977745 ], [ 293105.545489999989513, 365100.568030000024009 ], [ 291679.330808369093575, 366148.970991354435682 ], [ 290852.385694580967538, 370387.064699518785346 ], [ 294289.376323762873653, 374282.751446505135391 ], [ 293940.508853883540723, 376169.219987334334292 ], [ 293759.614610242424533, 377086.612222943163943 ], [ 290038.361598195682745, 376621.455596437328495 ], [ 290632.728398730920162, 374980.486386263917666 ], [ 286562.60791680472903, 375161.380629905092064 ], [ 283203.143392040277831, 378908.47567675774917 ], [ 278422.366952952404972, 380794.944217587006278 ], [ 274287.641384011658374, 377519.466305941750761 ], [ 273560.834155096265022, 377370.874605807941407 ], [ 273326.636697, 377436.260491000022739 ], [ 272746.628952, 381172.158735 ], [ 272755.491384, 381203.001643 ], [ 275133.073706, 388590.658943000016734 ], [ 279840.441937999974471, 395301.069963000016287 ], [ 280057.070572, 395466.659206999989692 ], [ 280101.405336999974679, 395492.177394 ], [ 280206.72061700001359, 395509.337554999976419 ], [ 280248.634916, 395514.188441 ], [ 314825.928327, 388443.289426999981515 ], [ 318034.526650000014342, 386797.174055000010412 ], [ 322796.915741999982856, 381339.831761999987066 ], [ 323076.559223000018392, 380987.841299000021536 ], [ 323129.863299000018742, 380903.399288000015076 ], [ 323161.774278, 380808.742088 ], [ 323694.349395000026561, 378956.128449000010733 ], [ 323714.715006000013091, 378858.578583 ], [ 322918.152378999977373, 367592.350557999976445 ], [ 321490.159292, 365601.780279 ], [ 321373.053441, 365452.947366999986116 ], [ 321235.496116, 365353.235768000013195 ], [ 321041.82139300002018, 365262.810617999988608 ], [ 306552.536999, 362763.277301000023726 ] ], [ [ 297958.945266197901219, 372118.481031512783375 ], [ 298630.838171150768176, 370774.695221607049461 ], [ 302584.669496450456791, 370232.012490683526266 ], [ 303540.824784267984796, 373617.319050253834575 ], [ 305478.977394709014334, 373436.424806612718385 ], [ 305763.239777573733591, 375943.10218278307002 ], [ 305323.925185873755254, 377002.625609824142884 ], [ 305349.767220679612365, 378475.621593759336974 ], [ 302377.933218003367074, 378475.621593759336974 ], [ 301111.673512515262701, 376485.784913706593215 ], [ 300155.518224697676487, 376149.83846123010153 ], [ 299767.88770260947058, 374211.6858507891302 ], [ 297829.73509216849925, 372609.479692824534141 ], [ 297958.945266197901219, 372118.481031512783375 ] ] ] } },
{ "type": "Feature", "properties": { "TERYT": "0207", "Nazwa": "powiat kamiennogórski" }, "geometry": { "type": "Polygon", "coordinates": [ [ [ 289519.119801, 307733.980548000021372 ], [ 289168.749724, 307916.950395 ], [ 287224.60027, 309104.810218000027817 ], [ 287206.700069000013173, 309116.350502000015695 ], [ 287168.729864, 309141.620119000028353 ], [ 287147.26019, 309155.990678999980446 ], [ 287093.12009699997725, 309196.990217000013217 ], [ 278285.550231, 316639.039881 ], [ 276332.459768, 322282.24013599997852 ], [ 276330.729960999975447, 322288.789589 ], [ 276330.769808000011835, 322299.229987 ], [ 276425.019691, 323731.539765 ], [ 276503.770241, 324155.12993599998299 ], [ 276536.090287, 324271.959844 ], [ 276539.210212, 324280.289934 ], [ 276543.55004399997415, 324288.039870999986306 ], [ 286425.2455080000218, 340810.658566 ], [ 287163.204987999983132, 341414.765481 ], [ 291893.138710999977775, 342684.7938580000191 ], [ 292180.760725, 342661.448401 ], [ 292250.38211, 342654.447102 ], [ 292282.010816, 342651.259140999987721 ], [ 297607.642727, 337698.131483 ], [ 300768.774305000028107, 319063.044536 ], [ 300839.446507000015117, 318575.201943999971263 ], [ 300864.54264, 318244.686802999989595 ], [ 300867.538652000017464, 318185.321137 ], [ 300868.46623899997212, 317922.745670999982394 ], [ 300863.648368, 317888.473238 ], [ 300720.612047999980859, 317690.033608000027016 ], [ 300663.137074000027496, 317629.433213000011165 ], [ 300613.205367000016849, 317577.045587999979034 ], [ 299773.306567, 316736.776737999985926 ], [ 291778.329884, 308877.089939999976195 ], [ 289519.119801, 307733.980548000021372 ] ] ] } },
{ "type": "Feature", "properties": { "TERYT": "0203", "Nazwa": "powiat głogowski" }, "geometry": { "type": "Polygon", "coordinates": [ [ [ 292184.718453, 412184.085200999979861 ], [ 292025.727077000017744, 412185.227308999979869 ], [ 291923.883747000014409, 412202.488055000023451 ], [ 289463.923317999986466, 413190.866338 ], [ 281177.636166999989655, 427605.634557000012137 ], [ 283841.294768999970984, 432776.867919999989681 ], [ 291024.547168000019155, 440853.196036999986973 ], [ 291796.401324999984354, 441643.479906000022311 ], [ 292130.303993, 441714.187313999980688 ], [ 292492.689696000015829, 441790.099670999974478 ], [ 292686.063559999980498, 441830.595134 ], [ 292881.082936000020709, 441870.800625999982003 ], [ 295222.394129000022076, 441518.006625999987591 ], [ 305301.240054, 436833.709874 ], [ 315638.242478, 422939.333177 ], [ 315674.469606, 422882.042093000025488 ], [ 315707.830935999983922, 422804.623223999980837 ], [ 316942.110246, 419164.911354999989271 ], [ 316918.638026, 418481.32122599997092 ], [ 316881.525697999983095, 418404.961389 ], [ 316411.623984, 417695.474961999978404 ], [ 292196.853255999973044, 412184.793444 ], [ 292184.718453, 412184.085200999979861 ] ] ] } },
{ "type": "Feature", "properties": { "TERYT": "0812", "Nazwa": "powiat wschowski" }, "geometry": { "type": "Polygon", "coordinates": [ [ [ 311261.971926000027452, 425427.95331900002202 ], [ 285209.215307999984361, 441546.211470999987796 ], [ 282384.306969999975991, 445054.719254 ], [ 281386.134311, 446978.40239 ], [ 290073.761951000022236, 456759.998075000010431 ], [ 294725.017555999977048, 461442.270281 ], [ 294733.632235000026412, 461450.507946999976411 ], [ 294740.656184000021312, 461454.957631999976002 ], [ 294746.2192, 461458.155718999973033 ], [ 301394.519026, 462910.120841 ], [ 302535.655861, 462453.14587 ], [ 317766.347636000020429, 449356.88442399998894 ], [ 320969.879589000018314, 444471.877199999988079 ], [ 321875.104685999976937, 438309.515558000013698 ], [ 321238.396855, 437234.779783 ], [ 318382.175746999972034, 432432.698181000014301 ], [ 318223.592234999989159, 432176.923956000013277 ], [ 317649.012585000018589, 431336.867932000022847 ], [ 316985.993672000011429, 430473.149596999981441 ], [ 316805.940263999975286, 430299.356481999973767 ], [ 311261.971926000027452, 425427.95331900002202 ] ] ] } },
{ "type": "Feature", "properties": { "TERYT": "3014", "Nazwa": "powiat międzychodzki" }, "geometry": { "type": "Polygon", "coordinates": [ [ [ 293903.672203, 513480.91728 ], [ 293892.117130999977235, 513482.369393999979366 ], [ 293875.242949999985285, 513488.501437 ], [ 288951.864703, 516463.462086000014096 ], [ 288805.117434000014327, 516661.61669 ], [ 285370.047077000024728, 522865.92731 ], [ 282415.696352, 532899.259607000043616 ], [ 281949.391835000016727, 535115.204131999984384 ], [ 282026.098271999973804, 535726.084545 ], [ 282131.844198999984656, 536409.299249000032432 ], [ 283435.362837, 542740.404147000052035 ], [ 283471.867753, 542805.081321 ], [ 283505.518203000014182, 542864.700007 ], [ 283581.984392000013031, 542911.06120200001169 ], [ 294035.21862, 547621.328270999947563 ], [ 294270.949536999978591, 547668.534811 ], [ 294969.920951, 547484.627627999987453 ], [ 295591.010036, 547306.817897 ], [ 295897.270888000028208, 547213.920917000039481 ], [ 296147.529507, 547110.511383999953978 ], [ 296235.644106999970973, 547072.592790000024252 ], [ 296339.958682, 547026.002509000012651 ], [ 318670.78620500001125, 535106.362604000023566 ], [ 319896.498237999971025, 531610.409682999947108 ], [ 312437.910309, 520425.190707999980077 ], [ 309562.951959000027273, 517375.654801999975462 ], [ 309554.980557999981102, 517371.471358 ], [ 309495.40297, 517340.210085000027902 ], [ 309434.836080999986734, 517308.433589000022039 ], [ 309430.393097000021953, 517306.137078 ], [ 309338.779022999980953, 517258.869752999977209 ], [ 309304.918099, 517241.402506000013091 ], [ 309244.518297999980859, 517217.877029000024777 ], [ 308743.570394999987911, 517056.660573999979533 ], [ 297132.202958, 513705.622021000017412 ], [ 294714.352810000011232, 513494.380072000029031 ], [ 294172.213534999988042, 513483.829810000024736 ], [ 293903.672203, 513480.91728 ] ] ] } },
{ "type": "Feature", "properties": { "TERYT": "3015", "Nazwa": "powiat nowotomyski" }, "geometry": { "type": "Polygon", "coordinates": [ [ [ 286599.653585000021849, 484198.222839 ], [ 286560.763866, 484200.384451000019908 ], [ 285472.265988000028301, 484276.277173999988008 ], [ 285301.238781999971252, 484829.909571999975014 ], [ 284831.656825000012759, 487681.214561 ], [ 282865.147821000020485, 513413.012166999978945 ], [ 282868.047327, 513441.292408999986947 ], [ 282881.013580000028014, 513503.58522200002335 ], [ 282894.676323, 513526.052212 ], [ 282913.428850000025705, 513551.812038999982178 ], [ 282926.894171, 513567.810484000016004 ], [ 282945.231317, 513580.654219000018202 ], [ 284396.487910000025295, 514573.863522000028752 ], [ 287952.961186999978963, 516361.227237000013702 ], [ 288081.596637999988161, 516422.703792000014801 ], [ 288086.760965999972541, 516425.171043 ], [ 290781.489180999982636, 517311.859361 ], [ 302923.333368, 520421.447523 ], [ 303044.647380999987945, 520432.531281 ], [ 303083.582912000012584, 520435.849002 ], [ 303251.070847, 520440.487212 ], [ 303264.269504999974743, 520440.326180999982171 ], [ 304806.490698, 520174.508244000026025 ], [ 305090.161165, 520111.492436999978963 ], [ 305143.410145999980159, 520095.782121 ], [ 312077.203332, 517291.967340999981388 ], [ 315846.928911999973934, 515511.269425 ], [ 315862.966657000011764, 515502.030431 ], [ 326090.572777000023052, 507430.303838 ], [ 330445.159824999980628, 499879.962097999989055 ], [ 330336.128695000021253, 492232.141332999977749 ], [ 330074.240904, 491356.114546999975573 ], [ 330034.51168, 491250.629122000013012 ], [ 329986.734752000018489, 491123.784312999981921 ], [ 329754.507598, 490721.772714000020642 ], [ 329726.998124999983702, 490692.638587000023108 ], [ 329677.946451, 490664.263771000027191 ], [ 328317.497344999981578, 489913.468700000026729 ], [ 287463.072931999980938, 484226.520498999976553 ], [ 286624.422261000028811, 484198.697764999989886 ], [ 286599.653585000021849, 484198.222839 ] ] ] } },
{ "type": "Feature", "properties": { "TERYT": "3029", "Nazwa": "powiat wolsztyński" }, "geometry": { "type": "Polygon", "coordinates": [ [ [ 313102.259690999984741, 454931.749675999977626 ], [ 302497.731444999983069, 455860.098227999988012 ], [ 294736.287850000022445, 461471.82065299997339 ], [ 292263.10760400001891, 463528.90617899998324 ], [ 292205.231647, 463600.446895 ], [ 284967.07117399998242, 473574.011884999985341 ], [ 283986.703851, 474944.598417999979574 ], [ 283279.902293000021018, 476098.264723 ], [ 283234.896200000017416, 476394.674377000017557 ], [ 285460.423537000024226, 484269.765614999982063 ], [ 285472.265988000028301, 484276.277173999988008 ], [ 294945.995341999980155, 489354.290151000022888 ], [ 298999.490011000016239, 490822.52429899998242 ], [ 300201.932622, 490443.177717000013217 ], [ 325171.567510000022594, 465958.914331 ], [ 326150.438268000027165, 464130.747578 ], [ 326149.507572999980766, 463756.174211999983527 ], [ 326089.164586000028066, 463250.093050000024959 ], [ 323284.567653, 459511.315387999988161 ], [ 313114.919310000026599, 454935.107726000016555 ], [ 313102.259690999984741, 454931.749675999977626 ] ] ] } },
{ "type": "Feature", "properties": { "TERYT": "0205", "Nazwa": "powiat jaworski" }, "geometry": { "type": "Polygon", "coordinates": [ [ [ 297240.646305, 335714.261137 ], [ 284598.181904, 340959.502117 ], [ 284475.090785, 341019.071553000016138 ], [ 284170.696868000028189, 341338.255836000025738 ], [ 285155.708197999978438, 359411.376591 ], [ 285705.095175999973435, 359863.082061 ], [ 293427.322193, 365099.721459000022151 ], [ 294736.553039000020362, 365693.521497 ], [ 294773.178046000015456, 365708.369649 ], [ 294843.73125800001435, 365728.271225999982562 ], [ 300854.733758000016678, 367180.336366 ], [ 314679.727017000026535, 368088.700167 ], [ 314703.529389999981504, 368088.785800000012387 ], [ 315083.021291000011843, 368077.739511 ], [ 315163.783088999975007, 368072.72253600001568 ], [ 320884.546348, 365443.141088999982458 ], [ 321373.787758000020403, 365003.845420999976341 ], [ 321549.822486000019126, 364824.226594 ], [ 323207.225710999977309, 363064.934473 ], [ 323232.305163000011817, 363036.259869 ], [ 323261.193337999982759, 362992.20140000001993 ], [ 323292.164513, 362932.522354000015184 ], [ 323593.693081, 360788.980447 ], [ 323590.964044000022113, 360748.003961 ], [ 323577.687638, 360701.213616000022739 ], [ 313507.807136238378007, 354508.954737743770238 ], [ 312060.555190922343172, 352709.668535458855331 ], [ 308188.178364265826531, 351790.467975595965981 ], [ 306066.194093093101401, 352558.098230375268031 ], [ 304658.057065217988566, 353653.315918722539209 ], [ 303817.08634023705963, 353496.85624895861838 ], [ 303641.069211752619594, 352558.098230375268031 ], [ 304227.792973367264494, 351678.012587953300681 ], [ 303831.754434277361725, 348612.380933516891673 ], [ 301186.608142331475392, 346549.069038505491335 ], [ 303396.600977746478748, 342500.67508336447645 ], [ 303709.52031727420399, 339322.588041285343934 ], [ 302873.971662, 337568.924033000017516 ], [ 301953.50964100001147, 336932.522124000010081 ], [ 301588.133657999977004, 336804.878198000020348 ], [ 301546.596268999972381, 336791.470899 ], [ 297878.110611999989487, 335837.555371000024024 ], [ 297336.099143000028562, 335720.761807999981102 ], [ 297314.853131000010762, 335716.526266 ], [ 297240.646305, 335714.261137 ] ] ] } },
{ "type": "Feature", "properties": { "TERYT": "0211", "Nazwa": "powiat lubiński" }, "geometry": { "type": "Polygon", "coordinates": [ [ [ 304026.283876999979839, 381957.720753 ], [ 297443.389972999983002, 383987.085131000028923 ], [ 295775.506249999976717, 384615.536245999974199 ], [ 292115.310817, 386056.640316999983042 ], [ 291948.377401, 386126.358545000024606 ], [ 291318.089441000018269, 387677.392294000019319 ], [ 291305.111756000027526, 387732.613847 ], [ 291357.911052000010386, 388209.513589999987744 ], [ 296698.612772000022233, 402557.656230000022333 ], [ 296848.911757999972906, 402772.360595999984071 ], [ 297484.309082, 403543.542096 ], [ 297508.149802000029013, 403566.611312999972142 ], [ 310865.747255, 414704.240494999976363 ], [ 315019.364600999979302, 418110.419173999980558 ], [ 315367.201601999986451, 418363.238422000024002 ], [ 316942.110246, 419164.911354999989271 ], [ 318239.779059999971651, 419453.3794919999782 ], [ 318365.454647, 419473.636022 ], [ 318851.668646999984048, 419508.488979000016116 ], [ 318945.389501, 419493.523517000023276 ], [ 319139.502715, 419446.515335 ], [ 319237.587968999985605, 419391.163965000014286 ], [ 319345.923903000017162, 419319.172229000017978 ], [ 319452.073328999977093, 419233.02274500002386 ], [ 324231.953167999978177, 413939.854478999972343 ], [ 324267.652700999984518, 413889.545632000023033 ], [ 324293.26188, 413851.712099 ], [ 324302.692629, 413828.30006899998989 ], [ 324309.457666, 413797.725410000013653 ], [ 325362.699763000011444, 408581.949969 ], [ 324440.269337999983691, 391938.448645 ], [ 324433.189389, 391883.351214000023901 ], [ 324412.767815999977756, 391802.943756999971811 ], [ 323140.213815000024624, 387395.683925000019372 ], [ 323065.745443, 387287.920271 ], [ 322954.176454, 387158.078698 ], [ 321370.887129999988247, 385500.55166 ], [ 319872.625835000013467, 383951.756513 ], [ 304026.283876999979839, 381957.720753 ] ] ] } },
{ "type": "Feature", "properties": { "TERYT": "0221", "Nazwa": "powiat wałbrzyski" }, "geometry": { "type": "Polygon", "coordinates": [ [ [ 301089.969966, 310464.830039999971632 ], [ 300910.459961000015028, 310470.020568999985699 ], [ 300819.850218, 310506.680061 ], [ 300794.179676000028849, 310519.469764999987092 ], [ 300577.900127, 310644.230782 ], [ 296012.850030999979936, 314155.750417999981437 ], [ 295627.820068, 314554.409733999986202 ], [ 295459.671157, 315147.264842999982648 ], [ 295449.689713999978267, 315189.69792 ], [ 293391.488199000013992, 329035.176576 ], [ 293549.642116, 332942.513650999986567 ], [ 293556.039595999987796, 333008.472963 ], [ 294603.207661000022199, 336046.578984999970999 ], [ 294823.740096999972593, 336563.685309999971651 ], [ 294865.769719999982044, 336652.434619 ], [ 294901.247341, 336684.244221 ], [ 294934.343314, 336705.349743 ], [ 303137.213907999976072, 339158.77730800001882 ], [ 305608.496732000028715, 339256.364202000026125 ], [ 305664.321681, 339249.291098000016063 ], [ 305906.092431999975815, 339173.553184000018518 ], [ 307882.580491999979131, 337918.703998000011779 ], [ 308239.903173999977298, 337653.463368 ], [ 308452.648609999974724, 337489.144794000021648 ], [ 308464.41407200001413, 337478.084318 ], [ 308583.902416000026278, 337354.845334000012372 ], [ 308636.777573666709941, 337304.5027695648605 ], [ 308941.140525004419032, 335836.471024358295836 ], [ 307317.260280618618708, 334970.442305391421542 ], [ 307023.898399811354466, 332770.228199336386751 ], [ 308422.256698326324113, 331332.754983380436897 ], [ 308500.486533208400942, 328438.251092748134397 ], [ 307600.843432065914385, 328252.455234903492965 ], [ 305645.097560016962234, 328917.408831400156487 ], [ 305219.722832846397068, 324585.431724811671302 ], [ 306784.319530485547148, 322981.720109731541015 ], [ 306979.894117690389976, 321221.5488248874899 ], [ 309287.674246708163992, 321378.008494651410729 ], [ 309952.627843204827514, 323255.524531818402465 ], [ 311986.603550135681871, 325524.189743395138066 ], [ 311321.649953639076557, 327284.361028239189181 ], [ 313707.659917538752779, 329670.370992138923611 ], [ 320553.798327, 323523.374296 ], [ 320995.965411000011954, 322998.059194999979809 ], [ 322380.011547999980394, 320963.160313999978825 ], [ 323011.167338000028394, 319994.352269999973942 ], [ 323064.237970000016503, 318164.948828 ], [ 323004.582210000022314, 317684.451 ], [ 321995.497595000022557, 314910.081167 ], [ 321987.332256000023335, 314889.229742 ], [ 321736.385103999986313, 314262.93889 ], [ 321699.240638000017498, 314207.874811000016052 ], [ 319705.419345, 311988.222300999972504 ], [ 314489.920121999981347, 310992.499873999971896 ], [ 301151.150265, 310465.399973 ], [ 301100.719774, 310464.840077999979258 ], [ 301089.969966, 310464.830039999971632 ] ] ] } },
{ "type": "Feature", "properties": { "TERYT": "0262", "Nazwa": "powiat Legnica" }, "geometry": { "type": "Polygon", "coordinates": [ [ [ 303168.430624999979045, 369753.986710000026505 ], [ 302527.407025999971665, 369768.841472 ], [ 302226.705907, 369788.627348 ], [ 302124.393218000011984, 369797.011498 ], [ 301854.52178399998229, 369823.449134 ], [ 299689.760083, 370051.94208 ], [ 299668.620719, 370054.692132 ], [ 299451.502487000019755, 370082.947142000019085 ], [ 299205.535051000013482, 370145.952437 ], [ 298826.203256, 370271.590035 ], [ 297939.771814999985509, 370572.338806000014301 ], [ 297746.148435999988578, 370639.183797999983653 ], [ 297715.750376000010874, 370650.231184999982361 ], [ 296254.247219000011683, 372227.381204999983311 ], [ 296211.569853, 372323.49748899997212 ], [ 300416.294669999973848, 379517.716712999972515 ], [ 300467.263098999974318, 379551.945712000015192 ], [ 300642.970508, 379615.941080000018701 ], [ 300821.806388000026345, 379665.698167999973521 ], [ 302849.99372799997218, 379494.119543 ], [ 305469.009411, 379186.699661 ], [ 305612.295251999981701, 379049.64947399997618 ], [ 305679.830737999989651, 378971.806969000026584 ], [ 306045.305446000013035, 378498.135541 ], [ 306799.446835, 376354.591981999983545 ], [ 306806.372209, 376331.927620999980718 ], [ 306842.153480999986641, 376208.219051999971271 ], [ 306847.616171, 376184.993177000025753 ], [ 306844.120755999989342, 376142.901581000012811 ], [ 306841.601995999983046, 376116.696272999979556 ], [ 306554.888503000023775, 373883.069488 ], [ 306552.998562, 373874.471315999981016 ], [ 306548.309254999971017, 373867.057151000015438 ], [ 305922.030358000018168, 372907.570641 ], [ 305914.432886999973562, 372897.30069399997592 ], [ 303168.430624999979045, 369753.986710000026505 ] ] ] } },
{ "type": "Feature", "properties": { "TERYT": "3005", "Nazwa": "powiat grodziski" }, "geometry": { "type": "Polygon", "coordinates": [ [ [ 325088.310756, 466074.46917 ], [ 325030.537141999986488, 466078.980478000012226 ], [ 313801.319213, 469233.084540000010747 ], [ 299943.377757999987807, 482067.349769000022206 ], [ 299271.843396999989636, 483351.626667 ], [ 300201.932622, 490443.177717000013217 ], [ 300386.673128, 491180.86494 ], [ 300393.300951000011992, 491192.264403 ], [ 300397.477297, 491195.538239000015892 ], [ 300439.938715, 491228.779069999989588 ], [ 300623.213445, 491352.736125 ], [ 300696.300337, 491401.115372999978717 ], [ 308483.491217, 493586.851237999973819 ], [ 310941.381050999974832, 494031.529224 ], [ 315872.645148999989033, 494679.692856999987271 ], [ 334444.201104999985546, 493747.539983999973629 ], [ 334837.527055000013206, 493627.717417999985628 ], [ 334857.132655000023078, 493619.324230000027455 ], [ 335217.654090999974869, 493459.87912 ], [ 335555.333727, 493308.418683999974746 ], [ 335559.855549999978393, 493305.682767 ], [ 336409.627220000023954, 492356.641206 ], [ 336480.69743900001049, 492275.511425999982748 ], [ 336551.221698999986984, 492152.030786000017542 ], [ 336569.831709, 492109.174012999981642 ], [ 336826.947016, 491246.335338999982923 ], [ 336133.39924300002167, 481040.262683 ], [ 334037.713919, 474836.546512999979313 ], [ 333743.993857000023127, 474495.884509 ], [ 325242.381365999986883, 466107.054064999974798 ], [ 325158.786879000021145, 466078.092721999972127 ], [ 325088.310756, 466074.46917 ] ] ] } },
{ "type": "Feature", "properties": { "TERYT": "0265", "Nazwa": "powiat Wałbrzych" }, "geometry": { "type": "Polygon", "coordinates": [ [ [ 306922.638870999973733, 320137.118162999977358 ], [ 306018.944811000023037, 321471.48798600002192 ], [ 304496.142860999971163, 324099.053910000016913 ], [ 304508.067573999986053, 325220.252687999978662 ], [ 304846.811013000027742, 328594.558228 ], [ 304942.625714999972843, 329415.072447000013199 ], [ 305107.267445203498937, 329650.813533418462612 ], [ 305483.7485255728825, 329616.587980657699518 ], [ 306060.693557827326003, 329235.217535608098842 ], [ 306882.106824087910354, 329367.230381971341558 ], [ 307375.932656780409161, 329054.311042443616316 ], [ 307703.520090348494705, 328448.029822108335793 ], [ 308187.567193680559285, 328516.480927630094811 ], [ 308300.022581323399208, 329147.208971365820616 ], [ 307688.851996308076195, 329406.345299412321765 ], [ 307204.804892976069823, 330325.545859275385737 ], [ 307683.962631627975497, 331117.622937455074862 ], [ 305962.906264224904589, 331939.036203715659212 ], [ 306648.649608, 334822.343852000019979 ], [ 306763.502436999988277, 334978.314000000013039 ], [ 306798.170093, 334999.843554000020958 ], [ 306799.081538999977056, 335000.405096 ], [ 306857.784066999971401, 335036.279808000021148 ], [ 307792.662965999974404, 335466.351528000028338 ], [ 307904.866678000020329, 335464.673855 ], [ 307925.545018, 335462.701603 ], [ 308068.347948, 335443.717278999974951 ], [ 309994.614406, 334884.129642000014428 ], [ 311318.802746, 334358.939794 ], [ 312933.226204, 333542.959408 ], [ 312964.790158000017982, 333510.222369000024628 ], [ 313289.466498000023421, 333020.088710999989416 ], [ 313741.096733000013046, 331692.917389 ], [ 313676.817415, 328780.628831 ], [ 313507.807136238203384, 328551.317650976823643 ], [ 311847.867827336885966, 327106.510388000926469 ], [ 312935.751468664035201, 325617.698842903715558 ], [ 312908.297551000025123, 325537.054429000010714 ], [ 312373.653441999980714, 324546.494483000016771 ], [ 311497.989907999988645, 323263.533242999983486 ], [ 309769.31867, 320840.99938 ], [ 309372.245162, 320726.553596000012476 ], [ 306922.638870999973733, 320137.118162999977358 ] ] ] } },
{ "type": "Feature", "properties": { "TERYT": "3206", "Nazwa": "powiat gryfiński" }, "geometry": { "type": "Polygon", "coordinates": [ [ [ 191685.430595000012545, 544730.203637000056915 ], [ 191655.619774, 544734.840159000013955 ], [ 191468.18968800001312, 544836.860393999959342 ], [ 172181.839883, 562433.559691000031307 ], [ 171768.179906, 563113.810059000039473 ], [ 171706.529683, 563304.899981 ], [ 171698.709735000011278, 563762.630723000038415 ], [ 171709.289855999988504, 564014.840271000051871 ], [ 171735.130044, 564317.709888000041246 ], [ 173676.059822000010172, 576360.019801000016741 ], [ 174054.919849, 577299.790610000025481 ], [ 198477.056019999989076, 615140.808939 ], [ 201054.016614, 617730.885543999960646 ], [ 201055.641068, 617732.337211000034586 ], [ 203846.263387000013608, 619925.640559999970719 ], [ 209315.453435, 620123.959127999958582 ], [ 209510.869003, 620105.556508 ], [ 215286.306999, 619353.824728999985382 ], [ 224656.421298, 613148.739201999967918 ], [ 224883.599333, 612779.312074000015855 ], [ 225250.887614, 611990.298162000020966 ], [ 225265.309342, 611957.860876000020653 ], [ 225057.69029599998612, 609379.955244999960996 ], [ 215086.421054, 571253.842170999967493 ], [ 208506.408368, 561077.741930000018328 ], [ 202032.418247, 552368.17501100001391 ], [ 191685.430595000012545, 544730.203637000056915 ] ] ] } },
{ "type": "Feature", "properties": { "TERYT": "3263", "Nazwa": "powiat Świnoujście" }, "geometry": { "type": "Polygon", "coordinates": [ [ [ 195768.272042, 665891.476689000031911 ], [ 188823.941223, 668199.223115999950096 ], [ 187195.330059, 672651.1102940000128 ], [ 186473.239864, 674625.01964199997019 ], [ 185751.170106, 676598.939887000015005 ], [ 185382.74989, 677606.160176999983378 ], [ 183944.129955999989761, 682675.709981000050902 ], [ 183960.170244, 682912.190535999950953 ], [ 186801.520767999987584, 684535.315136000048369 ], [ 190367.20794, 685103.020407999982126 ], [ 197473.660230999987107, 682368.847960000042804 ], [ 198731.695168, 680314.0110290000448 ], [ 198795.948098, 680201.956022000056691 ], [ 199715.936601, 666084.06425199995283 ], [ 196416.167458000010811, 665923.081518 ], [ 195768.272042, 665891.476689000031911 ] ] ] } },
{ "type": "Feature", "properties": { "TERYT": "3211", "Nazwa": "powiat policki" }, "geometry": { "type": "Polygon", "coordinates": [ [ [ 196441.929718, 610697.300019999966025 ], [ 194864.040245999989565, 610998.479619 ], [ 194137.650225, 614680.670460999943316 ], [ 189139.269831000012346, 641250.81042500003241 ], [ 188997.310237, 642318.269845 ], [ 187723.639948, 654921.240292 ], [ 187721.079785999987507, 655041.200284000020474 ], [ 187705.780061, 658619.35069 ], [ 188121.519715, 664707.519753 ], [ 188823.941223, 668199.223115999950096 ], [ 195231.998968, 666072.688946999958716 ], [ 195768.272042, 665891.476689000031911 ], [ 197883.842855, 663638.071894999942742 ], [ 202072.992409, 659140.680150000029244 ], [ 202986.183495, 658159.24641799996607 ], [ 206741.793899000011152, 651977.954948000027798 ], [ 208886.946158, 646213.606245000031777 ], [ 210789.784751, 639911.8406889999751 ], [ 210817.970056, 639713.235639999969862 ], [ 210927.010204, 638811.966269999975339 ], [ 206488.581872, 620408.967726 ], [ 196441.929718, 610697.300019999966025 ] ] ] } },
{ "type": "Feature", "properties": { "TERYT": "3210", "Nazwa": "powiat myśliborski" }, "geometry": { "type": "Polygon", "coordinates": [ [ [ 199885.203301, 537986.136551999952644 ], [ 199747.149731000012252, 538031.000292000011541 ], [ 199549.430148000014015, 538100.210349999950267 ], [ 199280.55995, 538231.390633999952115 ], [ 199021.32013, 538380.67965499998536 ], [ 196475.509926, 539999.540487000020221 ], [ 195811.759886000014376, 540516.720577999949455 ], [ 194300.799951, 541721.640583000029437 ], [ 193869.220017000014195, 542088.429618000052869 ], [ 193280.919911, 542695.110556000028737 ], [ 191685.430595000012545, 544730.203637000056915 ], [ 192882.16006299998844, 547031.533459999947809 ], [ 211356.800112, 579958.637482000049204 ], [ 213053.396036, 582081.649184999987483 ], [ 213754.030069, 582878.64051199995447 ], [ 213879.287572, 583015.359382999944501 ], [ 214018.723900000011781, 583134.993865999975242 ], [ 221981.684128, 585522.924430000013672 ], [ 245523.227202999987639, 586731.270171000040136 ], [ 246268.66006, 586126.253873000037856 ], [ 246834.197353, 585616.68044100003317 ], [ 250717.399978, 577977.621306000044569 ], [ 251581.955461, 574957.121810000040568 ], [ 253393.216893, 566177.79918800003361 ], [ 253447.278093, 565882.707615999970585 ], [ 253437.01791, 565690.63809499994386 ], [ 253431.897937, 565604.930075000040233 ], [ 253427.443086000013864, 565570.130471999989823 ], [ 253399.163423, 565519.790182000026107 ], [ 253197.257561, 565296.35707300005015 ], [ 253154.765051, 565250.706662000040524 ], [ 253009.491042, 565132.296416 ], [ 210605.574077, 538060.579554999945685 ], [ 199885.203301, 537986.136551999952644 ] ] ] } },
{ "type": "Feature", "properties": { "TERYT": "3204", "Nazwa": "powiat goleniowski" }, "geometry": { "type": "Polygon", "coordinates": [ [ [ 219462.071751999988919, 623629.180528 ], [ 216764.780479, 623927.018334000022151 ], [ 216072.741547000012361, 624027.805784999975003 ], [ 215942.75307, 624126.010270999977365 ], [ 215752.274496, 624270.183896000031382 ], [ 215639.442122999986168, 624357.557552000042051 ], [ 215632.714217, 624368.355009000049904 ], [ 195768.272042, 665891.476689000031911 ], [ 219502.792450999986613, 669787.266066999989562 ], [ 227917.420835, 669387.267839999985881 ], [ 242667.676059, 666183.551684999954887 ], [ 245787.647769, 665296.112381999962963 ], [ 246353.588614999986021, 664772.972195000038482 ], [ 246622.405066, 664497.651797999977134 ], [ 253030.36851, 655276.215868999948725 ], [ 255744.297236000013072, 650310.206951000029221 ], [ 257200.305484000011347, 646966.816104999976233 ], [ 257252.995648000010988, 646810.633459000033326 ], [ 257253.160773000010522, 646795.768717000028118 ], [ 257221.82082, 646583.90526399994269 ], [ 249817.833003999985522, 632722.781991999945603 ], [ 249158.836860999988858, 631768.294039999949746 ], [ 245660.048335, 629991.814940999960527 ], [ 244617.432913, 629563.504821000038646 ], [ 219462.071751999988919, 623629.180528 ] ] ] } },
{ "type": "Feature", "properties": { "TERYT": "3207", "Nazwa": "powiat kamieński" }, "geometry": { "type": "Polygon", "coordinates": [ [ [ 234045.415493, 663459.290934000047855 ], [ 214255.593354000011459, 664576.082628999953158 ], [ 214192.603715, 664580.767958999960683 ], [ 199715.936601, 666084.06425199995283 ], [ 197473.660230999987107, 682368.847960000042804 ], [ 204751.404275999986567, 687006.791722 ], [ 205188.937149, 687248.575559000018984 ], [ 220186.230705, 692898.106890999944881 ], [ 224490.655207, 693989.204657000023872 ], [ 225874.333114, 694332.553319000056945 ], [ 231446.659844999987399, 695715.249251 ], [ 235716.9092370000144, 694606.744259999948554 ], [ 241647.463871000014478, 685135.307394 ], [ 242557.017270000011194, 681123.084649999975227 ], [ 242562.489351, 681095.013212000019848 ], [ 243130.528553000011016, 667960.715884999954142 ], [ 243129.526584, 667949.422190999961458 ], [ 243129.182139000011375, 667945.62401399994269 ], [ 243104.761573, 667678.580535999964923 ], [ 242985.506902, 666450.281587 ], [ 241916.589206, 665389.339348 ], [ 241828.009993000014219, 665317.931537 ], [ 241760.96617, 665266.715679000015371 ], [ 241369.361333, 664983.92477499996312 ], [ 234045.415493, 663459.290934000047855 ] ] ] } },
{ "type": "Feature", "properties": { "TERYT": "3262", "Nazwa": "powiat Szczecin" }, "geometry": { "type": "Polygon", "coordinates": [ [ [ 220481.196598999988055, 614959.309675000025891 ], [ 205224.934738000010839, 615428.902152 ], [ 202558.970298, 616901.579473000019789 ], [ 198878.565779, 624661.367467000032775 ], [ 197704.902246000012383, 629563.59340000001248 ], [ 197703.985979, 629569.396701000048779 ], [ 197852.817998000013176, 634084.043413999956101 ], [ 197939.643361, 635273.026728000026196 ], [ 205572.85417, 638966.628503000014462 ], [ 206216.8047, 639268.916395999956876 ], [ 206231.726644, 639275.532078000018373 ], [ 206258.629913000011584, 639287.455603 ], [ 206401.272116999985883, 639346.715893000015058 ], [ 206617.074052999989362, 639434.00616899994202 ], [ 213402.595204000012018, 638917.975024000043049 ], [ 213570.214258, 638891.624560000025667 ], [ 213594.217394, 638882.829135 ], [ 213692.168490999989444, 638821.721469999989495 ], [ 214002.755131000012625, 638261.451435999944806 ], [ 218652.493173, 627944.58807399997022 ], [ 220286.83705, 622940.348111000028439 ], [ 220818.232199, 615612.954090000013821 ], [ 220683.667210000014165, 615124.458453000057489 ], [ 220553.684667, 615018.434118999983184 ], [ 220481.196598999988055, 614959.309675000025891 ] ] ] } },
{ "type": "Feature", "properties": { "TERYT": "0801", "Nazwa": "powiat gorzowski" }, "geometry": { "type": "Polygon", "coordinates": [ [ [ 243312.099236, 531039.691144000040367 ], [ 205172.721933, 531830.100239000050351 ], [ 204488.07433, 532223.302588999969885 ], [ 203565.749883999989834, 532910.119842999964021 ], [ 203283.30016000001342, 533159.110144000034779 ], [ 203162.039836000010837, 533307.839632999966852 ], [ 203036.420243, 533478.989973000017926 ], [ 199885.203301, 537986.136551999952644 ], [ 199954.164705, 538251.767128000035882 ], [ 200680.287831, 539181.093368 ], [ 224657.381647, 565611.215642999974079 ], [ 224910.481747000012547, 565802.903581000049599 ], [ 224916.391200000012759, 565806.651597999967635 ], [ 225110.31808200001251, 565902.535093000042252 ], [ 225486.978535, 565999.939084999961779 ], [ 225957.713352, 566033.59930300002452 ], [ 253634.655983, 566243.46730000001844 ], [ 254907.679513999988558, 566003.451233000028878 ], [ 255643.889277, 565773.9031810000306 ], [ 259461.889979, 563875.437173999962397 ], [ 259471.26872, 563867.953423999948427 ], [ 259593.032864, 563745.346387999947183 ], [ 259609.42264500001329, 563728.156330000027083 ], [ 260288.820161000010557, 563010.65552100003697 ], [ 269584.562815000012051, 549987.521057000034489 ], [ 270853.59576300001936, 545372.268848999985494 ], [ 270889.016727, 545088.463128000032157 ], [ 270672.525833999970928, 544126.871708999969997 ], [ 270122.172409, 543584.295335000031628 ], [ 270032.986129999975674, 543504.023384999949485 ], [ 252877.984885000012582, 531337.444379 ], [ 243312.099236, 531039.691144000040367 ] ], [ [ 240068.796877257234883, 551884.700706628151238 ], [ 240410.178637148812413, 550889.00390694453381 ], [ 240637.766477076511364, 549551.925347369164228 ], [ 239926.554477302386658, 547475.186308028758503 ], [ 239158.445517546351766, 546564.834948317846283 ], [ 239272.239437510201242, 545654.483588606934063 ], [ 242259.329836561519187, 545483.792708661174402 ], [ 246042.977675359841669, 542638.944709564675577 ], [ 247493.850154899060726, 542951.877989465370774 ], [ 249286.10439432982821, 542468.253829618915915 ], [ 250196.45575404074043, 545284.653348724357784 ], [ 248233.510634664155077, 546564.834948317729868 ], [ 248887.825674456340494, 551002.797826908295974 ], [ 245644.698955486353952, 551315.731106808874756 ], [ 243283.475116236251779, 550120.894947188324295 ], [ 240068.796877257234883, 551884.700706628151238 ] ] ] } },
{ "type": "Feature", "properties": { "TERYT": "3212", "Nazwa": "powiat pyrzycki" }, "geometry": { "type": "Polygon", "coordinates": [ [ [ 229924.942007, 574776.911640999955125 ], [ 229602.582791, 574855.33750499994494 ], [ 228844.094232, 575101.915985999978147 ], [ 219192.835759999987204, 579668.912411 ], [ 218058.59407699998701, 580325.139423000044189 ], [ 214730.989122, 582500.414817000040784 ], [ 214080.624461, 582986.895177999977022 ], [ 214012.208515, 583141.209139000042342 ], [ 210605.023213, 597598.05693900003098 ], [ 210600.590593, 597698.050442000036128 ], [ 210609.605663, 597781.420418999972753 ], [ 212326.606466, 605798.40215600002557 ], [ 212336.210877, 605826.038690999965183 ], [ 212339.38394, 605833.495590999955311 ], [ 212344.729965, 605844.317683 ], [ 212352.977235, 605860.788542 ], [ 214472.438917, 609489.164254999952391 ], [ 233349.63206, 609647.369811999960802 ], [ 236065.456774, 606728.660246000043117 ], [ 244897.026378999988083, 597140.824551000026986 ], [ 246696.649633, 592615.296159000019543 ], [ 246721.977044, 592550.00951400003396 ], [ 246735.251113, 592507.766035999986343 ], [ 245882.474924999987707, 588324.762396999984048 ], [ 245501.043163, 586609.14667000004556 ], [ 245411.943401, 586373.942829999956302 ], [ 241241.402691, 580634.87138100003358 ], [ 233876.11502, 576691.235001 ], [ 229924.942007, 574776.911640999955125 ] ] ] } },
{ "type": "Feature", "properties": { "TERYT": "3214", "Nazwa": "powiat stargardzki" }, "geometry": { "type": "Polygon", "coordinates": [ [ [ 245978.064094, 586339.580463 ], [ 245750.038964, 586520.186972000054084 ], [ 245402.134406, 586800.196554000023752 ], [ 224017.437070000014501, 605917.646780999959446 ], [ 216227.351237, 620379.348267999943346 ], [ 216204.056925000011688, 620434.700213999953121 ], [ 216210.003619, 620501.015855 ], [ 216304.614315000013448, 620668.959813000052236 ], [ 219589.09579, 626156.345150999957696 ], [ 226913.128948, 629856.704457000014372 ], [ 251623.164461999986088, 636805.0345189999789 ], [ 261199.799408, 637556.592943000025116 ], [ 281885.878436000028159, 631096.991738999960944 ], [ 282599.799922999984119, 630211.509553999989294 ], [ 282600.345727999985684, 630192.701328999944963 ], [ 278938.30908899998758, 623398.540703000035137 ], [ 266430.001295000023674, 603102.279365999973379 ], [ 266391.881896, 603052.061113000032492 ], [ 266216.88428, 602836.612989000044763 ], [ 266033.428182, 602631.462978999945335 ], [ 250210.051057, 587559.301711000036448 ], [ 245978.064094, 586339.580463 ] ] ] } },
{ "type": "Feature", "properties": { "TERYT": "3205", "Nazwa": "powiat gryficki" }, "geometry": { "type": "Polygon", "coordinates": [ [ [ 250897.988747, 657960.714635999989696 ], [ 250493.823582000011811, 658219.81488800002262 ], [ 242536.470893, 665497.091309000039473 ], [ 242129.85155, 665913.712353999959305 ], [ 240653.864015, 668374.216220999951474 ], [ 240354.774108000012347, 668963.02038999996148 ], [ 239476.299199, 670900.783095999970101 ], [ 231755.416314, 694470.529967 ], [ 231446.659844999987399, 695715.249251 ], [ 241666.759311, 699278.847717999946326 ], [ 257449.890467, 704619.619547000038438 ], [ 261263.573746, 705122.46672300004866 ], [ 264234.742103, 705507.783646999974735 ], [ 264424.385262999974657, 705201.317199000041001 ], [ 264428.122640000015963, 705194.453553 ], [ 264439.89207, 705170.598602000041865 ], [ 264443.589196000015363, 705161.424412 ], [ 264445.396865000016987, 705156.734617999987677 ], [ 267883.907543, 693676.293725 ], [ 267972.307394, 693164.266949999961071 ], [ 268004.218948, 692915.79005299997516 ], [ 269190.787969, 675494.395028 ], [ 269149.821007, 675138.131305000046268 ], [ 268613.9759470000281, 673687.22807399998419 ], [ 267794.272143999987748, 671495.107900999952108 ], [ 267786.29530200001318, 671481.375399000011384 ], [ 260117.678110999986529, 663314.324524999945424 ], [ 258035.400507000013022, 661474.515998000046238 ], [ 257322.466439000010723, 660998.16201099997852 ], [ 252004.183324000012362, 658254.007626999984495 ], [ 251168.886017000011634, 658019.552184000029229 ], [ 251124.808668000012403, 658009.755522000021301 ], [ 250897.988747, 657960.714635999989696 ] ] ] } },
{ "type": "Feature", "properties": { "TERYT": "0861", "Nazwa": "powiat Gorzów Wielkopolski" }, "geometry": { "type": "Polygon", "coordinates": [ [ [ 249202.24152400001185, 541925.141056000022218 ], [ 246625.985461, 541983.896167999948375 ], [ 246606.780758, 541984.944105 ], [ 245309.52763, 542353.379688999964856 ], [ 239012.454863, 545244.947815999970771 ], [ 239000.19148, 545257.14938900002744 ], [ 238911.841045999986818, 545392.834260000032373 ], [ 238896.630505, 545418.344340999959968 ], [ 238469.349862, 546168.151639000046998 ], [ 238464.134014000010211, 546198.093865999951959 ], [ 238442.138011, 546328.865669999970123 ], [ 238427.599513, 546481.861853 ], [ 238461.450122999987798, 549576.941088999970816 ], [ 238973.039697, 551970.034345000050962 ], [ 239085.016034, 552402.581612 ], [ 239088.289503999985754, 552410.273211000021547 ], [ 239123.325155, 552481.961098000057973 ], [ 239174.591156, 552580.295477999956347 ], [ 239192.279245000012452, 552613.350180999957956 ], [ 239435.020258, 552705.730392999947071 ], [ 246257.894456, 552013.205146000022069 ], [ 246264.10894, 552012.558755 ], [ 246272.922014999989187, 552011.626844999962486 ], [ 246589.214417999988655, 551966.671240999945439 ], [ 246865.861975, 551927.187962000025436 ], [ 247096.991467000014381, 551882.656475999974646 ], [ 249290.564648, 551342.867607000051066 ], [ 250785.359900000010384, 546358.272586000035517 ], [ 250793.944973, 546320.472200999967754 ], [ 250834.968957, 546127.739482 ], [ 250937.982244000013452, 545591.018335000029765 ], [ 250207.878677, 543354.817586999968626 ], [ 250180.699703, 543286.140367000014521 ], [ 249887.952364, 542662.324787999968976 ], [ 249791.924154999986058, 542539.539656999986619 ], [ 249202.24152400001185, 541925.141056000022218 ] ] ] } },
{ "type": "Feature", "properties": { "TERYT": "3218", "Nazwa": "powiat łobeski" }, "geometry": { "type": "Polygon", "coordinates": [ [ [ 268301.953891000011936, 628237.04625799995847 ], [ 268263.281778, 628247.922241 ], [ 253838.750624, 633001.879536999971606 ], [ 245346.464358, 638944.442905999952927 ], [ 245003.27075, 639224.712775000021793 ], [ 244971.379798, 639263.632175000035204 ], [ 244805.242953999986639, 639844.628984999959357 ], [ 244773.20571400001063, 640031.06490700005088 ], [ 244775.631987, 640137.947053999989294 ], [ 244775.76109399998677, 640143.448922000010498 ], [ 250901.697857, 657962.008607 ], [ 260953.243047, 670183.290684 ], [ 263448.271255000028759, 672247.09433 ], [ 267683.678988999978174, 673915.598929999978282 ], [ 267726.103596, 673919.253151000011712 ], [ 267814.776306000014301, 673915.156962999957614 ], [ 268647.939400999981444, 673802.658539999974892 ], [ 272053.898289999982808, 673239.604163000010885 ], [ 272510.374101000023074, 672894.449509999947622 ], [ 288018.726401, 648695.443149000057019 ], [ 288535.649839000019711, 646408.077237 ], [ 283602.373265, 632281.920397000038065 ], [ 280383.969446, 629511.698202 ], [ 280358.884807, 629496.252228999976069 ], [ 279697.256592000019737, 629288.904366999980994 ], [ 279659.476696000027005, 629284.757745999959297 ], [ 268301.953891000011936, 628237.04625799995847 ] ] ] } },
{ "type": "Feature", "properties": { "TERYT": "3202", "Nazwa": "powiat choszczeński" }, "geometry": { "type": "Polygon", "coordinates": [ [ [ 254950.14089, 570247.77010700001847 ], [ 250684.634044, 572200.356877999962308 ], [ 250612.940620999987004, 572323.826599000021815 ], [ 250607.094420999987051, 572334.200562000041828 ], [ 245706.707467, 582213.891555999987759 ], [ 245703.88691, 582219.704123000032268 ], [ 245705.136771, 582302.686531999963336 ], [ 245978.064094, 586339.580463 ], [ 250041.209592, 601541.744672999950126 ], [ 250048.618404, 601565.65128500002902 ], [ 250069.266033, 601632.230445 ], [ 250633.230856999987736, 602768.233197 ], [ 250686.657022, 602875.80870000005234 ], [ 250851.356793000013568, 603188.951488 ], [ 251435.882882, 604248.183290999964811 ], [ 251528.789724, 604369.043073000037111 ], [ 252106.267715, 605050.270273 ], [ 268398.984639999980573, 613111.29536900005769 ], [ 271833.663576000020839, 614234.408034999971278 ], [ 272005.910359999979846, 614229.174650999950245 ], [ 272613.907316000026185, 614180.521260999958031 ], [ 284665.80195300001651, 610322.159010999952443 ], [ 300485.72871400002623, 601752.467935999971814 ], [ 302310.792788000020664, 600433.135847000055946 ], [ 298605.504526, 588414.643442000029609 ], [ 297882.156214000016917, 587038.726307000033557 ], [ 282673.034389999986161, 574856.405515 ], [ 279980.46239300002344, 574047.14610100002028 ], [ 254950.14089, 570247.77010700001847 ] ] ] } },
{ "type": "Feature", "properties": { "TERYT": "0806", "Nazwa": "powiat strzelecko-drezdenecki" }, "geometry": { "type": "Polygon", "coordinates": [ [ [ 282558.120845000026748, 542054.503954999963753 ], [ 282510.978560000017751, 542054.99286600004416 ], [ 272838.619155000022147, 542584.731131999986246 ], [ 272524.862131999980193, 542622.611476000049151 ], [ 272418.401245000015479, 542641.562137000029907 ], [ 272383.50496499997098, 542648.901242000050843 ], [ 272208.966628999973182, 542700.752025999943726 ], [ 272041.322393, 542760.242868999950588 ], [ 271826.417689000023529, 542863.534290999989025 ], [ 271723.904346, 542914.39535300002899 ], [ 271289.96401, 543184.477847 ], [ 263213.595009999989998, 548705.421385 ], [ 260481.815692, 550972.771938 ], [ 260478.997238000010839, 550977.02478700003121 ], [ 260395.83829399998649, 551102.709871000028215 ], [ 250893.994367, 569472.218164999969304 ], [ 250882.96981800001231, 569500.479032999952324 ], [ 250857.310212999989744, 569566.26003 ], [ 250448.838548, 570668.923285000026226 ], [ 250425.44988, 570739.845591000048444 ], [ 250397.382409000012558, 570833.187564000021666 ], [ 250390.560583000013139, 570860.473392999963835 ], [ 250377.855159, 570911.387863000039943 ], [ 250361.752598, 570985.970515999943018 ], [ 250360.527822, 571078.013793000020087 ], [ 250365.63168, 571209.502667999942787 ], [ 250371.803913000010652, 571284.936458999989554 ], [ 250389.124556, 571398.223059999989346 ], [ 250444.042408, 571731.656666000024416 ], [ 250461.974679, 571834.901870999950916 ], [ 250465.234097, 571852.92134 ], [ 250472.291179, 571880.114022 ], [ 250494.013115999987349, 571938.903681 ], [ 250535.739162000012584, 572007.745069999946281 ], [ 250556.772688, 572041.820534999947995 ], [ 250588.171996, 572087.698767 ], [ 250754.953854, 572290.820520999957807 ], [ 289750.213438, 588252.859020999982022 ], [ 290981.147496, 588541.772811 ], [ 293432.22271499998169, 588750.102839999948628 ], [ 298052.187731000012718, 587626.983448000042699 ], [ 298123.064099000010174, 587606.175005999975838 ], [ 298169.346357, 587562.270336000015959 ], [ 298273.155796999984886, 587458.12945 ], [ 298279.719966, 587450.342447999981232 ], [ 299042.561088000016753, 584394.852060999954119 ], [ 296842.182611999975052, 561483.435933999950066 ], [ 296800.531039999972563, 561205.080043000052683 ], [ 293970.293541, 545390.800174999982119 ], [ 293941.538121, 545260.375737000023946 ], [ 293817.191111999971326, 544860.336682999972254 ], [ 293780.186295000021346, 544767.02253199997358 ], [ 293585.333691, 544612.370827 ], [ 293572.940202999976464, 544602.535446000052616 ], [ 291084.01816500001587, 543234.965549999964423 ], [ 291042.663080999976955, 543217.917884 ], [ 286406.092981999972835, 542544.306089999969117 ], [ 282558.120845000026748, 542054.503954999963753 ] ] ] } },
{ "type": "Feature", "properties": { "TERYT": "3208", "Nazwa": "powiat kołobrzeski" }, "geometry": { "type": "Polygon", "coordinates": [ [ [ 272053.898289999982808, 673239.604163000010885 ], [ 270551.382534999982454, 673253.998687000013888 ], [ 270132.044685999979265, 673372.902031 ], [ 268976.853996000019833, 673702.361924999975599 ], [ 268649.589309, 673802.085082 ], [ 268647.939400999981444, 673802.658539999974892 ], [ 267072.559663, 675656.231460000039078 ], [ 266036.561461, 677393.61815 ], [ 266027.524947000027169, 677409.544236000045203 ], [ 266024.576123, 677419.045883000013418 ], [ 265999.757764999987558, 677513.399443999980576 ], [ 261151.716217, 696171.326934000011533 ], [ 261128.768648, 696328.796540000010282 ], [ 261550.986741, 701032.287510000052862 ], [ 261551.877872000011848, 701041.472140999976546 ], [ 261815.227735, 701963.375506000011228 ], [ 264234.742103, 705507.783646999974735 ], [ 264245.049577000027057, 705511.496810000040568 ], [ 274940.631484000012279, 708442.538928000023589 ], [ 290908.623293999989983, 711817.089843999943696 ], [ 291782.986748000024818, 710988.372385 ], [ 296304.722920999978669, 702423.646445999969728 ], [ 296275.552051, 701212.874825999955647 ], [ 295059.414409000019077, 698475.060854000039399 ], [ 294998.148937000019941, 698350.644307999988087 ], [ 286138.928697999974247, 684005.764707 ], [ 285046.362590999982785, 682247.398521999944933 ], [ 274260.015866999980062, 674558.459955999976955 ], [ 272053.898289999982808, 673239.604163000010885 ] ] ] } },
{ "type": "Feature", "properties": { "TERYT": "3216", "Nazwa": "powiat świdwiński" }, "geometry": { "type": "Polygon", "coordinates": [ [ [ 303682.60021, 646294.177258000010625 ], [ 295084.394506999989972, 646826.965322999982163 ], [ 287531.125965000013821, 648802.869264999986626 ], [ 287498.325445999973454, 648812.087414999958128 ], [ 287427.880965000018477, 648832.528536000056192 ], [ 287311.860247, 648867.58476 ], [ 287274.37714599998435, 648879.369513000012375 ], [ 287245.147860000026412, 648889.217456000042148 ], [ 286425.903019000019412, 649210.07117000001017 ], [ 286020.070801, 649432.75284199998714 ], [ 282209.597021, 651945.460654999944381 ], [ 282161.190809, 651979.534962999983691 ], [ 280962.62716899998486, 652902.537998000043444 ], [ 275739.907645999977831, 660187.227986000012606 ], [ 275383.014246999984607, 660877.008627000031993 ], [ 274496.768637, 662711.265780000016093 ], [ 273861.417327, 664138.122276999987662 ], [ 272240.334717000019737, 671390.544407999957912 ], [ 272031.908110000018496, 673035.538811999955215 ], [ 272023.690214, 673122.901518999948166 ], [ 271954.891749, 674305.71219 ], [ 271942.888410000014119, 674837.476221999968402 ], [ 271995.823997, 675106.85950799996499 ], [ 272006.43435, 675125.190207 ], [ 273682.806234000017866, 677145.108782000024803 ], [ 276064.222537000023294, 679714.046377000049688 ], [ 280006.034510999976192, 682970.915109999943525 ], [ 280463.208371000015177, 683131.7476 ], [ 281883.789063, 683558.12162 ], [ 285233.621992999978829, 682797.249376000021584 ], [ 308899.841043, 674302.212167000048794 ], [ 308912.788766000012401, 674293.880208999966271 ], [ 312323.119897000025958, 672011.364547000033781 ], [ 316441.584356, 665365.00046500004828 ], [ 316444.509885, 665359.071606999961659 ], [ 316545.763591, 665077.64248200005386 ], [ 319811.263136000023223, 654504.299775999970734 ], [ 319818.573947000026237, 654477.565416999976151 ], [ 319822.605044000025373, 654425.173442999948747 ], [ 319821.950183, 654415.564735000021756 ], [ 319642.302442000014707, 653685.643847999977879 ], [ 319634.534419999981765, 653656.511236 ], [ 318511.357614999986254, 651325.778116 ], [ 318484.445668999978807, 651295.275686 ], [ 318427.824953, 651240.778537999955006 ], [ 318402.31156, 651216.584822 ], [ 312356.438203, 648961.814125000033528 ], [ 303760.647546999971382, 646302.720954000018537 ], [ 303737.731987999984995, 646296.600917999981903 ], [ 303682.60021, 646294.177258000010625 ] ] ] } },
{ "type": "Feature", "properties": { "TERYT": "3203", "Nazwa": "powiat drawski" }, "geometry": { "type": "Polygon", "coordinates": [ [ [ 292460.688433, 597368.792393999989145 ], [ 289312.952922000025865, 598840.426711000036448 ], [ 274458.395910000021104, 608395.191079000011086 ], [ 272843.900211, 612234.585874999989755 ], [ 272827.086828000028618, 612304.3062 ], [ 272713.164678999979515, 614016.808345000026748 ], [ 272711.281773000024259, 614052.348956999951042 ], [ 273003.419536, 616577.309924999950454 ], [ 273648.743547, 620126.560089000035077 ], [ 274332.765904000028968, 622600.404482000041753 ], [ 282543.344714, 639151.294466000050306 ], [ 288018.726401, 648695.443149000057019 ], [ 289596.83063600002788, 650561.545602999976836 ], [ 289639.923057999985758, 650583.58458799996879 ], [ 289674.301518999971449, 650593.856121000018902 ], [ 290063.543344, 650691.497777999960817 ], [ 290083.218799999973271, 650695.877179999952205 ], [ 307764.753329999977723, 651535.125877000042237 ], [ 317121.846346999984235, 651243.957592000020668 ], [ 317414.918752000026871, 651233.025317 ], [ 320490.058320000011008, 647579.200586 ], [ 328946.732872000022326, 634851.759009000030346 ], [ 331429.42028299998492, 630060.742394999950193 ], [ 331421.100339, 628499.717381000053138 ], [ 330081.52773899998283, 624636.448968000011519 ], [ 328852.102962, 622730.371642000041902 ], [ 326903.404991000017617, 620514.656639000051655 ], [ 326900.723344, 620512.013679999974556 ], [ 299293.973004999978002, 599213.091771999956109 ], [ 298828.856948999979068, 598924.54732899996452 ], [ 298169.621225, 598725.438887999975123 ], [ 293538.721804999979213, 597509.062446000054479 ], [ 293243.766593999986071, 597459.920118 ], [ 292496.528635, 597372.183632 ], [ 292460.688433, 597368.792393999989145 ] ] ] } },
{ "type": "Feature", "properties": { "TERYT": "3201", "Nazwa": "powiat białogardzki" }, "geometry": { "type": "Polygon", "coordinates": [ [ [ 313565.25603599997703, 664097.416768 ], [ 288925.992525, 674337.575597999966703 ], [ 288857.083641999983229, 674372.393787999986671 ], [ 288456.655061999976169, 674671.449507000041194 ], [ 285286.843933, 682680.528566000051796 ], [ 285065.341509, 683587.041363000054844 ], [ 285059.082666, 685718.677036999957636 ], [ 285071.968602999986615, 685868.084856000030413 ], [ 286231.575885, 693977.991352000040933 ], [ 287357.35571199998958, 695153.527972999960184 ], [ 296304.722920999978669, 702423.646445999969728 ], [ 308084.580181, 698529.464792000013404 ], [ 308815.695166, 698170.984156999969855 ], [ 308964.187004, 698087.151136999949813 ], [ 326355.562522, 686318.110866999952123 ], [ 331526.677621999988332, 681122.702719000051729 ], [ 333026.722646999987774, 679574.442220999975689 ], [ 333177.797297000011895, 679326.66715 ], [ 332059.848222, 674445.244761000038125 ], [ 332052.824387, 674427.429509000037797 ], [ 331906.844846999971196, 674103.69123 ], [ 331654.606059000012465, 673923.29725399997551 ], [ 331423.370782000012696, 673768.468399 ], [ 314721.057882, 664395.630940999952145 ], [ 314423.464466999983415, 664239.402557000052184 ], [ 314409.48649799998384, 664232.12073700001929 ], [ 314304.725143000017852, 664177.571161000058055 ], [ 313565.25603599997703, 664097.416768 ] ] ] } },
{ "type": "Feature", "properties": { "TERYT": "3002", "Nazwa": "powiat czarnkowsko-trzcianecki" }, "geometry": { "type": "Polygon", "coordinates": [ [ [ 345277.576545000018086, 542470.027466000057757 ], [ 301467.949993000016548, 544210.978634000057355 ], [ 298414.586994000012055, 545192.110857 ], [ 294035.21862, 547621.328270999947563 ], [ 293703.579413999977987, 548115.526879000011832 ], [ 290708.499774999974761, 554145.712153999949805 ], [ 290692.729125000012573, 554192.314703000010923 ], [ 290692.556073000014294, 554209.879485000041313 ], [ 290839.938498999981675, 555652.677334 ], [ 295677.261143999989145, 578706.09324800001923 ], [ 295686.267147, 578726.058955000014976 ], [ 295956.454174000013154, 579318.595159000018612 ], [ 296041.307253999984823, 579405.622884999960661 ], [ 296044.849762999976519, 579408.810126999975182 ], [ 324251.807085999986157, 588018.170352000044659 ], [ 324318.15194299997529, 588035.435571999987587 ], [ 324358.710273, 588045.802602999960072 ], [ 325789.106018, 588317.384408000041731 ], [ 325801.703853000013623, 588318.91755400004331 ], [ 326058.873812999983784, 588338.477444999967702 ], [ 346076.294689, 587545.594559 ], [ 346940.355756999982987, 586702.701169 ], [ 347442.174310999980662, 586031.856952999951318 ], [ 350494.622534999973141, 565214.465056000044569 ], [ 351685.581572, 548790.140466999961063 ], [ 347456.646911000018008, 542569.865002 ], [ 347327.80028999998467, 542484.866066999966279 ], [ 345277.576545000018086, 542470.027466000057757 ] ] ] } },
{ "type": "Feature", "properties": { "TERYT": "3209", "Nazwa": "powiat koszaliński" }, "geometry": { "type": "Polygon", "coordinates": [ [ [ 340786.374277999973856, 671699.910381000023335 ], [ 340735.050142999971285, 671707.67235 ], [ 338138.31925, 672101.280011 ], [ 338027.485020999971312, 672133.222972000017762 ], [ 332231.339829, 673900.664052000036463 ], [ 331900.464944, 674061.064974999986589 ], [ 297946.482365, 694656.592188999988139 ], [ 292453.631654000026174, 704937.933122999966145 ], [ 291692.807137999974657, 706702.628942999988794 ], [ 291636.972894, 706851.538538999971934 ], [ 290874.906567999976687, 709179.91104399994947 ], [ 290908.903424000018276, 711816.719522999948822 ], [ 292423.861363, 712460.197789 ], [ 294322.712168, 713086.551731999963522 ], [ 319381.703248, 721321.195870999945328 ], [ 322057.176151000021491, 722098.003506000037305 ], [ 323024.758087, 722273.721116999979131 ], [ 323205.728661999979522, 722288.087756 ], [ 331255.482832, 719375.305325999972411 ], [ 351882.804661999980453, 710816.714678999967873 ], [ 352154.904921, 710133.169133999967016 ], [ 356547.813967, 696863.626403999980539 ], [ 356925.299076, 692069.414116999949329 ], [ 356834.808201999985613, 690802.122386 ], [ 356828.909055, 690733.438787000020966 ], [ 355924.38962500001071, 683978.126964000053704 ], [ 355720.059125000028871, 682498.143393 ], [ 351344.803411, 672274.401836000033654 ], [ 351185.301706, 671988.408869000035338 ], [ 351134.132989, 671943.37558800005354 ], [ 351113.28002, 671926.365929999970831 ], [ 351073.522292, 671903.604903000057675 ], [ 350998.057580000022426, 671872.410450999974273 ], [ 350871.009772000019439, 671844.722002999973483 ], [ 350306.996549999981653, 671817.610134999966249 ], [ 340786.374277999973856, 671699.910381000023335 ] ], [ [ 312356.384534298849758, 707896.164977079257369 ], [ 310222.748534976504743, 707327.195377259980887 ], [ 310279.645494958444033, 706857.795457409112714 ], [ 312825.784454149776138, 707227.625697291572578 ], [ 313266.73589400970377, 705449.595697856275365 ], [ 314233.98421370255528, 705606.062337806564756 ], [ 317007.711012821586337, 702405.608338823076338 ], [ 316268.050533056491986, 701011.632819265592843 ], [ 318102.977492473728489, 701253.444899188820273 ], [ 319710.316611963266041, 703913.377778344089165 ], [ 321289.207251461804844, 703216.390018565463834 ], [ 322683.182771019055508, 703870.705058357561938 ], [ 322796.976690982934088, 704937.52305801876355 ], [ 323878.018930639664177, 706630.207617481122725 ], [ 325015.958130278275348, 707284.522657273337245 ], [ 323963.364370612544008, 709019.879936722223647 ], [ 322626.285811037232634, 708621.601216848706827 ], [ 322057.316211217897944, 709361.26169661374297 ], [ 318359.013812392484397, 709958.679776424076408 ], [ 317078.832212799054105, 709076.776896704104729 ], [ 315770.202133214683272, 710470.752416261471808 ], [ 317306.420052726811264, 713031.115615448215976 ], [ 316538.311092970601749, 715762.169694580952637 ], [ 315485.717333304928616, 713913.018495168187656 ], [ 313693.463093874161132, 712575.939935592934489 ], [ 313693.463093874161132, 711238.861376017564908 ], [ 312384.833014289732091, 710328.510016306652687 ], [ 312356.384534298849758, 707896.164977079257369 ] ] ] } },
{ "type": "Feature", "properties": { "TERYT": "3217", "Nazwa": "powiat wałecki" }, "geometry": { "type": "Polygon", "coordinates": [ [ [ 307058.215542000019923, 575710.50662 ], [ 306988.643855999980588, 575710.866893999977037 ], [ 306912.660130999982357, 575714.208228999981657 ], [ 306688.019524, 575737.815657999948598 ], [ 306547.573935, 575756.831627 ], [ 304421.950973000028171, 576096.753189999959432 ], [ 304143.869985, 576178.368486 ], [ 304100.547126, 576192.262941999942996 ], [ 303997.635981000028551, 576225.747302999952808 ], [ 303758.490483, 576314.962298 ], [ 296515.461191, 579346.352028000052087 ], [ 296468.367141, 579374.528154999949038 ], [ 296455.383909000025596, 579390.565044000046328 ], [ 296432.968078, 579419.165390999987721 ], [ 296866.406160000013188, 589166.823350999969989 ], [ 298694.768862000026274, 616474.147080000024289 ], [ 298697.216905999986921, 616490.82351000001654 ], [ 298711.740219000028446, 616516.585332000046037 ], [ 299636.420426999975462, 617845.624748999951407 ], [ 301251.375414, 619586.741144999978133 ], [ 329880.845043, 624710.913920999970287 ], [ 330833.987274000013713, 624757.205290999962017 ], [ 331594.494888000015635, 624662.472819000016898 ], [ 331667.945978, 624644.722225000034086 ], [ 347662.037673000013456, 606501.574720000033267 ], [ 347673.277384000015445, 606484.737589000025764 ], [ 347688.912059, 606435.399640999967232 ], [ 347733.689498999970965, 606233.170931000029668 ], [ 347736.762652, 606217.792999999946915 ], [ 347736.460658999974839, 606210.460056000039913 ], [ 342355.36114599998109, 597018.554781000013463 ], [ 320162.862100000027567, 577955.324994000024162 ], [ 307616.22921999997925, 575775.566675 ], [ 307223.788058999984059, 575713.087233999976888 ], [ 307152.645306000020355, 575711.49266600003466 ], [ 307058.215542000019923, 575710.50662 ] ] ] } },
{ "type": "Feature", "properties": { "TERYT": "3261", "Nazwa": "powiat Koszalin" }, "geometry": { "type": "Polygon", "coordinates": [ [ [ 317127.281358, 700665.829296999960206 ], [ 315861.891492999973707, 700678.325476999976672 ], [ 315843.788482, 700681.69412400003057 ], [ 309905.179046, 706638.204166000010446 ], [ 309621.442390999989584, 707353.763516 ], [ 309612.925495999981649, 707454.342411000048742 ], [ 313237.779244999983348, 713352.453465000027791 ], [ 315711.189681000018027, 715991.566475 ], [ 316251.38593500002753, 716211.923217999981716 ], [ 316277.154747000022326, 716205.474732000031509 ], [ 316307.019622, 716197.981491000042297 ], [ 316435.559169000014663, 716160.737165999948047 ], [ 316893.404252999986056, 715960.284232 ], [ 317095.996815000020433, 715863.855514000053518 ], [ 317204.717761999985669, 715806.457658000057563 ], [ 324232.466379, 709313.212756 ], [ 325305.947511999984272, 708062.133624 ], [ 325308.585444000025745, 708058.318818000028841 ], [ 325310.311316, 708054.156594999949448 ], [ 325465.403225000016391, 707458.240725000039674 ], [ 325423.002963999984786, 707226.058633 ], [ 324048.564399000024423, 702602.655551000032574 ], [ 323904.037607999984175, 702513.541113000013866 ], [ 323844.789255000010598, 702478.139134000055492 ], [ 323752.90761, 702446.067606 ], [ 317156.675800000026356, 700668.939423999981955 ], [ 317127.281358, 700665.829296999960206 ] ] ] } },
{ "type": "Feature", "properties": { "TERYT": "3215", "Nazwa": "powiat szczecinecki" }, "geometry": { "type": "Polygon", "coordinates": [ [ [ 333458.427146999980323, 625743.986362 ], [ 331279.117030999972485, 627706.099120000028051 ], [ 322256.130944999982603, 637212.378474000026472 ], [ 319126.334238999988884, 642475.058029999956489 ], [ 319036.655588000023272, 642657.170109000056982 ], [ 319027.073964999988675, 642677.284056999953464 ], [ 319020.342224999971222, 642703.566123 ], [ 317445.184637999976985, 650945.542903000023216 ], [ 317442.634444000024814, 650959.995424999971874 ], [ 316376.377755999972578, 658563.726946 ], [ 315835.695681000011973, 663415.329672000021674 ], [ 315596.01249, 665587.081669999985024 ], [ 315608.650788999977522, 666706.921244999975897 ], [ 320223.417977, 670838.625331999966875 ], [ 327076.511347000021487, 675696.146205 ], [ 356811.459022999973968, 684495.81353299994953 ], [ 356830.954427000018768, 684500.19599899998866 ], [ 356908.424026000022423, 684502.080329000018537 ], [ 357500.663080000027549, 684399.777160000056028 ], [ 358605.824824000010267, 683641.545002999948338 ], [ 360634.511015, 681282.860461 ], [ 367472.043362999975216, 673035.037495999946259 ], [ 367099.115805, 670740.152083999942988 ], [ 367016.337906999979168, 670248.378570999950171 ], [ 360751.718958000012208, 645513.569280999945477 ], [ 349027.828550999984145, 630991.293337999959476 ], [ 348337.651309999986552, 630404.422280000057071 ], [ 344266.423802, 627238.969334000023082 ], [ 344190.767807000025641, 627187.657662000041455 ], [ 344088.12542, 627122.430578000028618 ], [ 344010.83383000001777, 627077.079433999955654 ], [ 343949.029810999985784, 627042.582957 ], [ 343859.549183, 626996.289830000023358 ], [ 343806.133056, 626981.784445 ], [ 343701.704653, 626957.417888000025414 ], [ 333458.427146999980323, 625743.986362 ] ] ] } },
{ "type": "Feature", "properties": { "TERYT": "3213", "Nazwa": "powiat sławieński" }, "geometry": { "type": "Polygon", "coordinates": [ [ [ 341188.21275, 705480.076465000049211 ], [ 339983.008230999985244, 705738.445728000020608 ], [ 331369.192057, 708893.83151699998416 ], [ 318962.518555000016931, 720817.687565000029281 ], [ 318940.624973000027239, 720856.467824000050314 ], [ 318925.169515000015963, 720884.679083000053652 ], [ 318835.365569000015967, 721048.76757699996233 ], [ 333718.984502999985125, 739043.969194 ], [ 335077.498013, 740457.545843999949284 ], [ 335832.887066000024788, 741188.012794999987818 ], [ 336608.605944, 741890.027517999988049 ], [ 339777.80898899998283, 744691.50355300004594 ], [ 340329.287202999985311, 745005.350747999968007 ], [ 344774.804020999989007, 746441.027477000025101 ], [ 345956.358735000016168, 746725.539130000048317 ], [ 350702.940019999979995, 747606.142368 ], [ 351265.791764999972656, 747577.718019000021741 ], [ 358273.989806000026874, 737667.216001000022516 ], [ 359237.204511000018101, 735598.276949999970384 ], [ 359239.735012000019196, 735591.374120000051335 ], [ 360030.251922000024933, 732638.20551 ], [ 360975.869455999985803, 726392.483024999964982 ], [ 361060.82570799998939, 714614.631428999942727 ], [ 361056.912017999973614, 714518.361370999948122 ], [ 360986.703412999981083, 712861.350224999943748 ], [ 359496.63058599998476, 711682.798099 ], [ 359060.625435, 711382.412873000022955 ], [ 358734.659607, 711234.294745999970473 ], [ 350000.556243000028189, 707950.183505999972112 ], [ 349903.701288999989629, 707916.456509000039659 ], [ 343836.452363000018522, 705850.324065999942832 ], [ 343461.557253999984823, 705741.120192999951541 ], [ 342226.516996000020299, 705511.028484 ], [ 341188.21275, 705480.076465000049211 ] ] ] } },
{ "type": "Feature", "properties": { "TERYT": "3019", "Nazwa": "powiat pilski" }, "geometry": { "type": "Polygon", "coordinates": [ [ [ 345620.49260499997763, 567612.554743999964558 ], [ 345439.950976, 567617.74903299997095 ], [ 345433.14924, 567617.944983999943361 ], [ 345263.590013, 567623.356840000022203 ], [ 342490.417173, 568164.801867999951355 ], [ 342098.351421000028495, 568308.151982999988832 ], [ 341962.307081, 568397.960058999946341 ], [ 325476.840066, 588251.737677 ], [ 325655.234635, 591231.327337999944575 ], [ 326187.634054999973159, 591866.987096 ], [ 344997.339832000026945, 605529.900828000041656 ], [ 347736.460658999974839, 606210.460056000039913 ], [ 384303.852159, 612379.331849999958649 ], [ 384520.683167000010144, 612323.335113 ], [ 389136.309358, 610575.952856000047177 ], [ 389356.591987999971025, 610486.038517000037245 ], [ 389408.697993999987375, 610461.310161 ], [ 394710.802933000028133, 603185.071386000025086 ], [ 395910.479218000022229, 601395.353677000035532 ], [ 392530.668554999982007, 587501.288726 ], [ 392357.391065999981947, 587026.934745999984443 ], [ 390007.405426000012085, 581467.094830999965779 ], [ 388656.588149000017438, 580527.690833 ], [ 388602.928353999974206, 580492.513115999987349 ], [ 388566.816518999985419, 580471.296194000053219 ], [ 388498.272066999983508, 580433.218803999945521 ], [ 388465.322800999972969, 580415.16552599996794 ], [ 345620.49260499997763, 567612.554743999964558 ] ] ] } },
{ "type": "Feature", "properties": { "TERYT": "3031", "Nazwa": "powiat złotowski" }, "geometry": { "type": "Polygon", "coordinates": [ [ [ 356525.830904999980703, 591492.681632000021636 ], [ 351705.237042, 593873.26824 ], [ 332151.157044, 616603.82908099994529 ], [ 332139.869933, 616637.131399999954738 ], [ 329849.233246000017971, 624787.499511 ], [ 331144.686607000010554, 627839.905243000015616 ], [ 331152.419782000011764, 627848.712109999964014 ], [ 351787.996150000020862, 642254.271644999971613 ], [ 355568.311025, 644020.652557999943383 ], [ 356205.191339000011794, 644237.429825 ], [ 356238.479478999972343, 644247.33884099998977 ], [ 360716.588878999988083, 645504.099969999981113 ], [ 360751.718958000012208, 645513.569280999945477 ], [ 387673.175363000016659, 630620.415140999946743 ], [ 393012.328542999981437, 626953.407927999971434 ], [ 393485.338226000021677, 626235.394174000015482 ], [ 392663.65619, 623839.673783999984153 ], [ 383864.014708, 607384.952943000011146 ], [ 383850.277708999987226, 607361.214918000041507 ], [ 383385.434400999976788, 606729.898702000034973 ], [ 379328.211424999986775, 602110.207598999957554 ], [ 376144.278677999973297, 598644.421405000030063 ], [ 360635.296624, 592438.059407999971882 ], [ 360332.715590999985579, 592366.714723999961279 ], [ 358009.747916999971494, 591828.900048000039533 ], [ 356525.830904999980703, 591492.681632000021636 ] ] ] } },
{ "type": "Feature", "properties": { "TERYT": "3016", "Nazwa": "powiat obornicki" }, "geometry": { "type": "Polygon", "coordinates": [ [ [ 349881.159484, 522162.354625999985728 ], [ 348437.923179999983404, 522321.76279 ], [ 342324.742717000015546, 524901.642360000056215 ], [ 337795.004549, 536052.962015999946743 ], [ 337764.25502600002801, 536142.370911999954842 ], [ 336585.750758, 541487.396700000041164 ], [ 336368.717681, 542625.43810599995777 ], [ 336381.743276000022888, 542823.914268000051379 ], [ 336424.321212999988347, 543251.539566 ], [ 336912.111877000017557, 544677.940491999965161 ], [ 345390.848385000019334, 557591.749758000019938 ], [ 345774.327629, 558107.881326999980956 ], [ 347727.851508, 559051.288288000039756 ], [ 350698.3628, 560453.972656000056304 ], [ 365769.381039, 553281.6189 ], [ 372972.277692999981809, 548357.119463999988511 ], [ 373768.772658, 543990.984928000019863 ], [ 373941.048177000018768, 542371.839260000037029 ], [ 373344.962364999984857, 536540.396989000029862 ], [ 373316.46416799997678, 536416.656525 ], [ 373234.565482, 536128.212634 ], [ 373055.756769000028726, 535930.418616999988444 ], [ 360520.275044, 527375.070149000035599 ], [ 349881.159484, 522162.354625999985728 ] ] ] } },
{ "type": "Feature", "properties": { "TERYT": "3001", "Nazwa": "powiat chodzieski" }, "geometry": { "type": "Polygon", "coordinates": [ [ [ 360745.571634, 552042.704199000028893 ], [ 352445.041049, 556500.73473499994725 ], [ 351145.558274, 558237.357954 ], [ 350153.384950999985449, 561335.075701999943703 ], [ 350139.195529000018723, 561381.837451 ], [ 347812.537699999986216, 570825.540206999983639 ], [ 347795.510002000024542, 571084.327093999949284 ], [ 348465.242237000027671, 573205.602855999954045 ], [ 353116.226709, 578653.63441000005696 ], [ 353229.205438999983016, 578674.990593999973498 ], [ 354362.525545999989845, 578846.671273999963887 ], [ 367248.920189000025857, 580587.226863999967463 ], [ 379967.937258000019938, 581999.173347000032663 ], [ 379981.920687999983784, 582000.480116000049748 ], [ 380005.33706, 582001.880299999960698 ], [ 380049.83366, 581998.347138999961317 ], [ 385430.461277000023983, 581242.75097499997355 ], [ 385459.998108999978285, 581121.990989999962039 ], [ 385656.915650999988429, 579934.855241999961436 ], [ 386009.768351999984588, 577552.577589 ], [ 385979.465242, 577352.804813000024296 ], [ 385174.916929, 575836.081044 ], [ 377115.156481000012718, 561053.895687000011094 ], [ 369902.310122, 553037.921087000053376 ], [ 369339.354616000025999, 552596.353995000012219 ], [ 360745.571634, 552042.704199000028893 ] ] ] } }
]
}
